login,label,discovery_method,marker_confidence,pre_prs_opened,pre_prs_merged,pre_prs_closed_unmerged,pre_opened_prs_per_month,pre_merged_prs_per_month,pre_merge_rate,pre_median_hours_to_merge,pre_mean_hours_to_merge,pre_mean_additions,pre_mean_deletions,pre_mean_lines_changed,pre_mean_changed_files,pre_mean_comments,pre_mean_review_comments,pre_mean_commits_per_pr,post_prs_opened,post_prs_merged,post_prs_closed_unmerged,post_opened_prs_per_month,post_merged_prs_per_month,post_merge_rate,post_median_hours_to_merge,post_mean_hours_to_merge,post_mean_additions,post_mean_deletions,post_mean_lines_changed,post_mean_changed_files,post_mean_comments,post_mean_review_comments,post_mean_commits_per_pr,delta_prs_opened,delta_prs_merged,delta_prs_closed_unmerged,delta_opened_prs_per_month,delta_merged_prs_per_month,delta_merge_rate,delta_median_hours_to_merge,delta_mean_hours_to_merge,delta_mean_additions,delta_mean_deletions,delta_mean_lines_changed,delta_mean_changed_files,delta_mean_comments,delta_mean_review_comments,delta_mean_commits_per_pr,n_prs
risingtiger,1,code_search,low,0.0,0.0,0.0,0.0,0.0,0.0,0.0,0.0,0.0,0.0,0.0,0.0,0.0,0.0,0.0,0.0,0.0,0.0,0.0,0.0,0.0,0.0,0.0,0.0,0.0,0.0,0.0,0.0,0.0,0.0,0.0,0.0,0.0,0.0,0.0,0.0,0.0,0.0,0.0,0.0,0.0,0.0,0.0,0.0,0.0,0
GowayLee,1,code_search,low,0.0,0.0,0.0,0.0,0.0,0.0,0.0,0.0,0.0,0.0,0.0,0.0,0.0,0.0,0.0,10.0,7.0,2.0,0.353893,0.247725,0.7,0.046111,2.787024,672.5,100.8,773.3,15.1,0.3,0.0,3.2,10.0,7.0,2.0,0.353893,0.247725,0.7,0.046111,2.787024,672.5,100.8,773.3,15.1,0.3,0.0,3.2,10
mouloud240,1,code_search,low,5.0,3.0,2.0,0.208333,0.125,0.6,0.014444,0.0725,82.2,44.4,126.6,7.0,0.0,0.0,1.6,202.0,193.0,8.0,7.14863,6.830127,0.955446,0.003056,8.403244,946.346535,80.886139,1027.232673,15.143564,0.084158,0.811881,2.831683,197.0,190.0,6.0,6.940297,6.705127,0.355446,-0.011388,8.330744,864.146535,36.486139,900.632673,8.143564,0.084158,0.811881,1.231683,207
JS1240,1,code_search,low,0.0,0.0,0.0,0.0,0.0,0.0,0.0,0.0,0.0,0.0,0.0,0.0,0.0,0.0,0.0,66.0,49.0,17.0,2.335691,1.734074,0.742424,0.0275,13.290215,1220.30303,1672.590909,2892.893939,13.712121,1.166667,3.242424,1.348485,66.0,49.0,17.0,2.335691,1.734074,0.742424,0.0275,13.290215,1220.30303,1672.590909,2892.893939,13.712121,1.166667,3.242424,1.348485,66
lgd-matlab,1,code_search,low,0.0,0.0,0.0,0.0,0.0,0.0,0.0,0.0,0.0,0.0,0.0,0.0,0.0,0.0,0.0,2.0,0.0,1.0,0.070779,0.0,0.0,0.0,0.0,300.5,7.5,308.0,4.0,0.0,0.0,3.0,2.0,0.0,1.0,0.070779,0.0,0.0,0.0,0.0,300.5,7.5,308.0,4.0,0.0,0.0,3.0,2
Dominion083,1,code_search,low,0.0,0.0,0.0,0.0,0.0,0.0,0.0,0.0,0.0,0.0,0.0,0.0,0.0,0.0,0.0,0.0,0.0,0.0,0.0,0.0,0.0,0.0,0.0,0.0,0.0,0.0,0.0,0.0,0.0,0.0,0.0,0.0,0.0,0.0,0.0,0.0,0.0,0.0,0.0,0.0,0.0,0.0,0.0,0.0,0.0,0
ralla0405,1,code_search,low,0.0,0.0,0.0,0.0,0.0,0.0,0.0,0.0,0.0,0.0,0.0,0.0,0.0,0.0,0.0,11.0,9.0,1.0,0.389282,0.318503,0.818182,0.003333,0.021173,306.818182,191.272727,498.090909,16.818182,0.636364,0.0,10.272727,11.0,9.0,1.0,0.389282,0.318503,0.818182,0.003333,0.021173,306.818182,191.272727,498.090909,16.818182,0.636364,0.0,10.272727,11
Sawa-E,1,code_search,low,2.0,2.0,0.0,0.083333,0.083333,1.0,1.941111,1.941111,28.5,28.0,56.5,1.0,0.0,0.0,1.5,2.0,2.0,0.0,0.070779,0.070779,1.0,0.018889,0.018889,93469.5,17.0,93486.5,188.0,0.0,0.0,1.0,0.0,0.0,0.0,-0.012554,-0.012554,0.0,-1.922222,-1.922222,93441.0,-11.0,93430.0,187.0,0.0,0.0,-0.5,4
johnwinston,1,commit_search_coauthor,high,0.0,0.0,0.0,0.0,0.0,0.0,0.0,0.0,0.0,0.0,0.0,0.0,0.0,0.0,0.0,64.0,45.0,16.0,2.264912,1.592517,0.703125,8.149722,10.189568,269.25,14.15625,283.40625,8.390625,1.125,0.140625,7.84375,64.0,45.0,16.0,2.264912,1.592517,0.703125,8.149722,10.189568,269.25,14.15625,283.40625,8.390625,1.125,0.140625,7.84375,64
lmnop-95,1,commit_search_coauthor,high,0.0,0.0,0.0,0.0,0.0,0.0,0.0,0.0,0.0,0.0,0.0,0.0,0.0,0.0,0.0,74.0,73.0,1.0,2.618805,2.583416,0.986486,1.071389,2.653527,1515.959459,82.675676,1598.635135,30.986486,2.054054,21.851351,14.986486,74.0,73.0,1.0,2.618805,2.583416,0.986486,1.071389,2.653527,1515.959459,82.675676,1598.635135,30.986486,2.054054,21.851351,14.986486,74
awmloveland,1,commit_search_coauthor,high,0.0,0.0,0.0,0.0,0.0,0.0,0.0,0.0,0.0,0.0,0.0,0.0,0.0,0.0,0.0,110.0,109.0,1.0,3.892818,3.857429,0.990909,0.008889,1.812819,955.518182,519.845455,1475.363636,9.663636,0.027273,0.0,8.118182,110.0,109.0,1.0,3.892818,3.857429,0.990909,0.008889,1.812819,955.518182,519.845455,1475.363636,9.663636,0.027273,0.0,8.118182,110
yAtomtom,1,commit_search_coauthor,high,0.0,0.0,0.0,0.0,0.0,0.0,0.0,0.0,0.0,0.0,0.0,0.0,0.0,0.0,0.0,0.0,0.0,0.0,0.0,0.0,0.0,0.0,0.0,0.0,0.0,0.0,0.0,0.0,0.0,0.0,0.0,0.0,0.0,0.0,0.0,0.0,0.0,0.0,0.0,0.0,0.0,0.0,0.0,0.0,0.0,0
tomobou,1,commit_search_coauthor,high,1.0,1.0,0.0,0.041667,0.041667,1.0,0.005833,0.005833,16959.0,23537.0,40496.0,2.0,0.0,0.0,1.0,61.0,53.0,8.0,2.158745,1.875631,0.868852,0.075556,1.953674,1668.786885,1970.852459,3639.639344,5.245902,0.409836,0.409836,2.590164,60.0,52.0,8.0,2.117078,1.833964,-0.131148,0.069723,1.947841,-15290.213115,-21566.147541,-36856.360656,3.245902,0.409836,0.409836,1.590164,62
messi18122022,1,commit_search_coauthor,high,0.0,0.0,0.0,0.0,0.0,0.0,0.0,0.0,0.0,0.0,0.0,0.0,0.0,0.0,0.0,72.0,67.0,4.0,2.548027,2.37108,0.930556,0.142778,1.895821,101.319444,18.944444,120.263889,2.777778,0.652778,0.0,2.972222,72.0,67.0,4.0,2.548027,2.37108,0.930556,0.142778,1.895821,101.319444,18.944444,120.263889,2.777778,0.652778,0.0,2.972222,72
imwra,1,commit_search_coauthor,high,0.0,0.0,0.0,0.0,0.0,0.0,0.0,0.0,0.0,0.0,0.0,0.0,0.0,0.0,0.0,39.0,35.0,2.0,1.380181,1.238624,0.897436,0.003056,2.956381,3349.871795,197.102564,3546.974359,29.641026,0.153846,0.0,10.487179,39.0,35.0,2.0,1.380181,1.238624,0.897436,0.003056,2.956381,3349.871795,197.102564,3546.974359,29.641026,0.153846,0.0,10.487179,39
marvymarv79,1,commit_search_coauthor,high,0.0,0.0,0.0,0.0,0.0,0.0,0.0,0.0,0.0,0.0,0.0,0.0,0.0,0.0,0.0,33.0,33.0,0.0,1.167845,1.167845,1.0,0.006944,0.045488,556.818182,111.818182,668.636364,6.878788,0.969697,0.0,1.121212,33.0,33.0,0.0,1.167845,1.167845,1.0,0.006944,0.045488,556.818182,111.818182,668.636364,6.878788,0.969697,0.0,1.121212,33
tobsai,1,commit_search_coauthor,high,1.0,1.0,0.0,0.041667,0.041667,1.0,0.011111,0.011111,1473.0,1.0,1474.0,7.0,0.0,0.0,3.0,15.0,14.0,1.0,0.530839,0.49545,0.933333,0.001667,1.436488,1236.533333,87.8,1324.333333,10.666667,0.0,0.133333,5.466667,14.0,13.0,1.0,0.489172,0.453783,-0.066667,-0.009444,1.425377,-236.466667,86.8,-149.666667,3.666667,0.0,0.133333,2.466667,16
xsyetopz,1,commit_search_coauthor,high,0.0,0.0,0.0,0.0,0.0,0.0,0.0,0.0,0.0,0.0,0.0,0.0,0.0,0.0,0.0,43.0,35.0,6.0,1.521738,1.238624,0.813953,0.013889,15.581016,9663.534884,14919.767442,24583.302326,190.023256,1.0,1.534884,27.976744,43.0,35.0,6.0,1.521738,1.238624,0.813953,0.013889,15.581016,9663.534884,14919.767442,24583.302326,190.023256,1.0,1.534884,27.976744,43
matsuokashuhei,1,commit_search_coauthor,high,33.0,31.0,1.0,1.375,1.291667,0.939394,0.003611,92.163504,5049.424242,768.787879,5818.212121,30.909091,0.272727,0.0,7.393939,267.0,249.0,14.0,9.448932,8.811925,0.932584,0.053056,2.751808,1168.865169,340.142322,1509.007491,21.445693,0.164794,5.483146,3.337079,234.0,218.0,13.0,8.073932,7.520258,-0.00681,0.049445,-89.411696,-3880.559073,-428.645557,-4309.20463,-9.463398,-0.107933,5.483146,-4.05686,300
vqcoder,1,commit_search_coauthor,high,0.0,0.0,0.0,0.0,0.0,0.0,0.0,0.0,0.0,0.0,0.0,0.0,0.0,0.0,0.0,31.0,28.0,1.0,1.097067,0.990899,0.903226,0.091528,0.190258,850.193548,648.967742,1499.16129,6.16129,1.0,0.0,3.16129,31.0,28.0,1.0,1.097067,0.990899,0.903226,0.091528,0.190258,850.193548,648.967742,1499.16129,6.16129,1.0,0.0,3.16129,31
anthony-spruyt,1,commit_search_coauthor,high,1.0,1.0,0.0,0.041667,0.041667,1.0,9899.775,9899.775,361.0,0.0,361.0,1.0,0.0,0.0,2.0,299.0,288.0,11.0,10.581388,10.192106,0.963211,0.032222,1.483006,280.792642,132.093645,412.886288,7.267559,0.622074,0.046823,1.892977,298.0,287.0,11.0,10.539721,10.150439,-0.036789,-9899.742778,-9898.291994,-80.207358,132.093645,51.886288,6.267559,0.622074,0.046823,-0.107023,300
Fishy49,1,commit_search_coauthor,high,2.0,2.0,0.0,0.083333,0.083333,1.0,124.767083,124.767083,44.5,0.5,45.0,2.0,0.0,0.0,2.5,46.0,21.0,23.0,1.627906,0.743174,0.456522,3.834444,14.265542,740.586957,58.391304,798.978261,16.456522,0.282609,0.0,5.369565,44.0,19.0,23.0,1.544573,0.659841,-0.543478,-120.932639,-110.501541,696.086957,57.891304,753.978261,14.456522,0.282609,0.0,2.869565,48
mfaulhaber,1,commit_search_coauthor,high,0.0,0.0,0.0,0.0,0.0,0.0,0.0,0.0,0.0,0.0,0.0,0.0,0.0,0.0,0.0,211.0,211.0,0.0,7.467133,7.467133,1.0,0.002222,0.005269,1727.336493,603.56872,2330.905213,18.398104,0.0,0.0,2.654028,211.0,211.0,0.0,7.467133,7.467133,1.0,0.002222,0.005269,1727.336493,603.56872,2330.905213,18.398104,0.0,0.0,2.654028,211
kswift1,1,commit_search_coauthor,high,20.0,18.0,2.0,0.833333,0.75,0.9,17.375556,72.774105,9865.75,1493.35,11359.1,110.5,0.0,10.25,30.95,280.0,273.0,7.0,9.908992,9.661267,0.975,0.548611,4.063314,2334.35,1091.042857,3425.392857,19.810714,1.860714,5.046429,10.389286,260.0,255.0,5.0,9.075659,8.911267,0.075,-16.826945,-68.710791,-7531.4,-402.307143,-7933.707143,-90.689286,1.860714,-5.203571,-20.560714,300
Ktulue,1,commit_search_coauthor,high,0.0,0.0,0.0,0.0,0.0,0.0,0.0,0.0,0.0,0.0,0.0,0.0,0.0,0.0,0.0,95.0,95.0,0.0,3.361979,3.361979,1.0,0.015,0.29124,1358.863158,74.684211,1433.547368,10.747368,0.0,0.0,8.347368,95.0,95.0,0.0,3.361979,3.361979,1.0,0.015,0.29124,1358.863158,74.684211,1433.547368,10.747368,0.0,0.0,8.347368,95
SerjRs,1,commit_search_coauthor,high,0.0,0.0,0.0,0.0,0.0,0.0,0.0,0.0,0.0,0.0,0.0,0.0,0.0,0.0,0.0,33.0,33.0,0.0,1.167845,1.167845,1.0,0.061111,0.532138,555.363636,73.272727,628.636364,5.090909,0.121212,0.0,1.818182,33.0,33.0,0.0,1.167845,1.167845,1.0,0.061111,0.532138,555.363636,73.272727,628.636364,5.090909,0.121212,0.0,1.818182,33
jeffbNoUI,1,commit_search_coauthor,high,0.0,0.0,0.0,0.0,0.0,0.0,0.0,0.0,0.0,0.0,0.0,0.0,0.0,0.0,0.0,0.0,0.0,0.0,0.0,0.0,0.0,0.0,0.0,0.0,0.0,0.0,0.0,0.0,0.0,0.0,0.0,0.0,0.0,0.0,0.0,0.0,0.0,0.0,0.0,0.0,0.0,0.0,0.0,0.0,0.0,0
stephenstanwood,1,commit_search_coauthor,high,0.0,0.0,0.0,0.0,0.0,0.0,0.0,0.0,0.0,0.0,0.0,0.0,0.0,0.0,0.0,300.0,286.0,14.0,10.616777,10.121328,0.953333,0.001667,0.016263,253.956667,137.516667,391.473333,4.133333,1.006667,0.0,6.03,300.0,286.0,14.0,10.616777,10.121328,0.953333,0.001667,0.016263,253.956667,137.516667,391.473333,4.133333,1.006667,0.0,6.03,300
danielreified,1,commit_search_coauthor,high,0.0,0.0,0.0,0.0,0.0,0.0,0.0,0.0,0.0,0.0,0.0,0.0,0.0,0.0,0.0,1.0,1.0,0.0,0.035389,0.035389,1.0,0.398611,0.398611,19.0,6.0,25.0,9.0,0.0,0.0,4.0,1.0,1.0,0.0,0.035389,0.035389,1.0,0.398611,0.398611,19.0,6.0,25.0,9.0,0.0,0.0,4.0,1
ashitaka-emishi,1,commit_search_coauthor,high,0.0,0.0,0.0,0.0,0.0,0.0,0.0,0.0,0.0,0.0,0.0,0.0,0.0,0.0,0.0,129.0,126.0,2.0,4.565214,4.459046,0.976744,0.184444,5.201001,892.333333,204.023256,1096.356589,21.651163,0.193798,0.062016,5.410853,129.0,126.0,2.0,4.565214,4.459046,0.976744,0.184444,5.201001,892.333333,204.023256,1096.356589,21.651163,0.193798,0.062016,5.410853,129
camyyssa,1,commit_search_coauthor,high,0.0,0.0,0.0,0.0,0.0,0.0,0.0,0.0,0.0,0.0,0.0,0.0,0.0,0.0,0.0,0.0,0.0,0.0,0.0,0.0,0.0,0.0,0.0,0.0,0.0,0.0,0.0,0.0,0.0,0.0,0.0,0.0,0.0,0.0,0.0,0.0,0.0,0.0,0.0,0.0,0.0,0.0,0.0,0.0,0.0,0
edwarddgao,1,commit_search_coauthor,high,0.0,0.0,0.0,0.0,0.0,0.0,0.0,0.0,0.0,0.0,0.0,0.0,0.0,0.0,0.0,20.0,19.0,1.0,0.707785,0.672396,0.95,16.262222,63.330482,161.7,36.4,198.1,3.65,0.05,1.3,2.9,20.0,19.0,1.0,0.707785,0.672396,0.95,16.262222,63.330482,161.7,36.4,198.1,3.65,0.05,1.3,2.9,20
kspears,1,commit_search_coauthor,high,0.0,0.0,0.0,0.0,0.0,0.0,0.0,0.0,0.0,0.0,0.0,0.0,0.0,0.0,0.0,216.0,210.0,5.0,7.64408,7.431744,0.972222,0.047083,2.651347,13741.300926,86.12037,13827.421296,33.333333,0.060185,0.027778,3.115741,216.0,210.0,5.0,7.64408,7.431744,0.972222,0.047083,2.651347,13741.300926,86.12037,13827.421296,33.333333,0.060185,0.027778,3.115741,216
Mooyi07,0,negative,,0.0,0.0,0.0,0.0,0.0,0.0,0.0,0.0,0.0,0.0,0.0,0.0,0.0,0.0,0.0,7.0,6.0,0.0,0.247725,0.212336,0.857143,0.005278,1.907731,215.571429,531.285714,746.857143,9.285714,0.142857,0.0,2.0,7.0,6.0,0.0,0.247725,0.212336,0.857143,0.005278,1.907731,215.571429,531.285714,746.857143,9.285714,0.142857,0.0,2.0,7
afcj8,0,negative,,0.0,0.0,0.0,0.0,0.0,0.0,0.0,0.0,0.0,0.0,0.0,0.0,0.0,0.0,0.0,10.0,9.0,1.0,0.353893,0.318503,0.9,0.003056,0.03929,65.4,28.3,93.7,2.9,0.0,0.0,1.8,10.0,9.0,1.0,0.353893,0.318503,0.9,0.003056,0.03929,65.4,28.3,93.7,2.9,0.0,0.0,1.8,10
mosfet80,0,negative,,300.0,143.0,155.0,12.5,5.958333,0.476667,108.741667,912.778378,2111.223333,1103.866667,3215.09,15.973333,1.863333,0.386667,3.056667,0.0,0.0,0.0,0.0,0.0,0.0,0.0,0.0,0.0,0.0,0.0,0.0,0.0,0.0,0.0,-300.0,-143.0,-155.0,-12.5,-5.958333,-0.476667,-108.741667,-912.778378,-2111.223333,-1103.866667,-3215.09,-15.973333,-1.863333,-0.386667,-3.056667,300
israpps,0,negative,,289.0,206.0,60.0,12.041667,8.583333,0.712803,2.451111,345.750293,2426.899654,789.806228,3216.705882,23.217993,0.892734,0.231834,32.117647,11.0,10.0,0.0,0.389282,0.353893,0.909091,4.258472,315.748444,257.909091,15.0,272.909091,4.0,0.363636,0.0,4.090909,-278.0,-196.0,-60.0,-11.652385,-8.22944,0.196288,1.807361,-30.001849,-2168.990563,-774.806228,-2943.796791,-19.217993,-0.529098,-0.231834,-28.026738,300
Grabsky,0,negative,,41.0,33.0,8.0,1.708333,1.375,0.804878,1.1775,167.991524,308.170732,172.756098,480.926829,11.219512,1.146341,0.097561,6.170732,103.0,94.0,6.0,3.645093,3.32659,0.912621,14.127083,99.083162,107.524272,77.883495,185.407767,4.466019,0.563107,0.31068,3.737864,62.0,61.0,-2.0,1.93676,1.95159,0.107743,12.949583,-68.908362,-200.64646,-94.872603,-295.519062,-6.753493,-0.583234,0.213119,-2.432868,144
thomasvl,0,negative,,300.0,287.0,13.0,12.5,11.958333,0.956667,1.178889,16.852774,3471.926667,1334.42,4806.346667,34.416667,0.423333,0.286667,1.48,0.0,0.0,0.0,0.0,0.0,0.0,0.0,0.0,0.0,0.0,0.0,0.0,0.0,0.0,0.0,-300.0,-287.0,-13.0,-12.5,-11.958333,-0.956667,-1.178889,-16.852774,-3471.926667,-1334.42,-4806.346667,-34.416667,-0.423333,-0.286667,-1.48,300
adi3489,0,negative,,0.0,0.0,0.0,0.0,0.0,0.0,0.0,0.0,0.0,0.0,0.0,0.0,0.0,0.0,0.0,1.0,1.0,0.0,0.035389,0.035389,1.0,0.207778,0.207778,7.0,10.0,17.0,2.0,0.0,0.0,2.0,1.0,1.0,0.0,0.035389,0.035389,1.0,0.207778,0.207778,7.0,10.0,17.0,2.0,0.0,0.0,2.0,1
ErickinSegura,0,negative,,0.0,0.0,0.0,0.0,0.0,0.0,0.0,0.0,0.0,0.0,0.0,0.0,0.0,0.0,0.0,23.0,21.0,1.0,0.813953,0.743174,0.913043,0.005278,0.433902,1201.434783,337.0,1538.434783,31.956522,0.391304,0.0,11.434783,23.0,21.0,1.0,0.813953,0.743174,0.913043,0.005278,0.433902,1201.434783,337.0,1538.434783,31.956522,0.391304,0.0,11.434783,23
AdiDevClick,0,negative,,1.0,1.0,0.0,0.041667,0.041667,1.0,0.088333,0.088333,3850.0,3258.0,7108.0,45.0,0.0,0.0,1.0,48.0,39.0,8.0,1.698684,1.380181,0.8125,0.177778,0.311553,2381.5,769.166667,3150.666667,50.5,0.1875,5.895833,54.958333,47.0,38.0,8.0,1.657017,1.338514,-0.1875,0.089445,0.22322,-1468.5,-2488.833333,-3957.333333,5.5,0.1875,5.895833,53.958333,49
Barugon,0,negative,,17.0,13.0,4.0,0.708333,0.541667,0.764706,66.73,927.09562,3737.823529,559.352941,4297.176471,78.294118,4.529412,4.352941,18.117647,0.0,0.0,0.0,0.0,0.0,0.0,0.0,0.0,0.0,0.0,0.0,0.0,0.0,0.0,0.0,-17.0,-13.0,-4.0,-0.708333,-0.541667,-0.764706,-66.73,-927.09562,-3737.823529,-559.352941,-4297.176471,-78.294118,-4.529412,-4.352941,-18.117647,17
stsykw,0,negative,,0.0,0.0,0.0,0.0,0.0,0.0,0.0,0.0,0.0,0.0,0.0,0.0,0.0,0.0,0.0,0.0,0.0,0.0,0.0,0.0,0.0,0.0,0.0,0.0,0.0,0.0,0.0,0.0,0.0,0.0,0.0,0.0,0.0,0.0,0.0,0.0,0.0,0.0,0.0,0.0,0.0,0.0,0.0,0.0,0.0,0
Pawel5sekund,0,negative,,0.0,0.0,0.0,0.0,0.0,0.0,0.0,0.0,0.0,0.0,0.0,0.0,0.0,0.0,0.0,1.0,0.0,1.0,0.035389,0.0,0.0,0.0,0.0,1365.0,698.0,2063.0,46.0,0.0,0.0,20.0,1.0,0.0,1.0,0.035389,0.0,0.0,0.0,0.0,1365.0,698.0,2063.0,46.0,0.0,0.0,20.0,1
jvzantvoort,0,negative,,3.0,2.0,0.0,0.125,0.083333,0.666667,0.003333,0.003333,250.0,46.666667,296.666667,7.333333,0.0,0.0,2.0,101.0,95.0,4.0,3.574315,3.361979,0.940594,0.039167,10.077304,1616.336634,145.554455,1761.891089,17.613861,0.019802,0.029703,3.435644,98.0,93.0,4.0,3.449315,3.278646,0.273927,0.035834,10.073971,1366.336634,98.887788,1465.224422,10.280528,0.019802,0.029703,1.435644,104
hannie404,0,negative,,23.0,19.0,3.0,0.958333,0.791667,0.826087,0.053611,3.214985,1433.608696,61.956522,1495.565217,23.347826,0.130435,0.217391,6.73913,4.0,4.0,0.0,0.141557,0.141557,1.0,0.002639,0.352431,3194.5,1343.5,4538.0,28.75,0.0,0.0,3.0,-19.0,-15.0,-3.0,-0.816776,-0.65011,0.173913,-0.050972,-2.862554,1760.891304,1281.543478,3042.434783,5.402174,-0.130435,-0.217391,-3.73913,27
ApolonMore,0,negative,,1.0,0.0,0.0,0.041667,0.0,0.0,0.0,0.0,0.0,0.0,0.0,1.0,0.0,0.0,1.0,0.0,0.0,0.0,0.0,0.0,0.0,0.0,0.0,0.0,0.0,0.0,0.0,0.0,0.0,0.0,-1.0,0.0,0.0,-0.041667,0.0,0.0,0.0,0.0,0.0,0.0,0.0,-1.0,0.0,0.0,-1.0,1
degerahmet,0,negative,,2.0,2.0,0.0,0.083333,0.083333,1.0,0.002222,0.002222,238.0,44.0,282.0,12.5,0.0,0.0,2.0,18.0,13.0,4.0,0.637007,0.46006,0.722222,2.4375,569.952222,6380.277778,54.611111,6434.888889,38.666667,1.0,2.166667,4.166667,16.0,11.0,4.0,0.553674,0.376727,-0.277778,2.435278,569.95,6142.277778,10.611111,6152.888889,26.166667,1.0,2.166667,2.166667,20
Toteya,0,negative,,4.0,3.0,1.0,0.166667,0.125,0.75,0.479444,0.653333,49.25,6.0,55.25,12.75,0.0,0.0,1.0,0.0,0.0,0.0,0.0,0.0,0.0,0.0,0.0,0.0,0.0,0.0,0.0,0.0,0.0,0.0,-4.0,-3.0,-1.0,-0.166667,-0.125,-0.75,-0.479444,-0.653333,-49.25,-6.0,-55.25,-12.75,0.0,0.0,-1.0,4
XeriChen,0,negative,,0.0,0.0,0.0,0.0,0.0,0.0,0.0,0.0,0.0,0.0,0.0,0.0,0.0,0.0,0.0,0.0,0.0,0.0,0.0,0.0,0.0,0.0,0.0,0.0,0.0,0.0,0.0,0.0,0.0,0.0,0.0,0.0,0.0,0.0,0.0,0.0,0.0,0.0,0.0,0.0,0.0,0.0,0.0,0.0,0.0,0
pm-blanco,0,negative,,4.0,3.0,0.0,0.166667,0.125,0.75,195.613889,242.510093,492.25,331.5,823.75,17.75,3.5,4.75,1.5,34.0,30.0,2.0,1.203235,1.061678,0.882353,41.164583,164.23387,1547.147059,737.794118,2284.941176,15.294118,0.764706,2.823529,11.764706,30.0,27.0,2.0,1.036568,0.936678,0.132353,-154.449306,-78.276223,1054.897059,406.294118,1461.191176,-2.455882,-2.735294,-1.926471,10.264706,38
nislovskaya,0,negative,,60.0,59.0,1.0,2.5,2.458333,0.983333,4.343889,58.762571,824.15,999.083333,1823.233333,13.933333,0.0,0.016667,5.3,25.0,15.0,3.0,0.884731,0.530839,0.6,141.810278,176.276426,579.96,37.68,617.64,15.6,0.08,0.08,4.36,-35.0,-44.0,2.0,-1.615269,-1.927494,-0.383333,137.466389,117.513855,-244.19,-961.403333,-1205.593333,1.666667,0.08,0.063333,-0.94,85
ralfhandl,0,negative,,300.0,272.0,28.0,12.5,11.333333,0.906667,14.976111,599.487913,1238.63,780.72,2019.35,5.576667,0.436667,0.76,4.826667,0.0,0.0,0.0,0.0,0.0,0.0,0.0,0.0,0.0,0.0,0.0,0.0,0.0,0.0,0.0,-300.0,-272.0,-28.0,-12.5,-11.333333,-0.906667,-14.976111,-599.487913,-1238.63,-780.72,-2019.35,-5.576667,-0.436667,-0.76,-4.826667,300
Quantum-Coder826,0,negative,,1.0,1.0,0.0,0.041667,0.041667,1.0,8.280278,8.280278,352.0,483.0,835.0,21.0,2.0,0.0,36.0,0.0,0.0,0.0,0.0,0.0,0.0,0.0,0.0,0.0,0.0,0.0,0.0,0.0,0.0,0.0,-1.0,-1.0,0.0,-0.041667,-0.041667,-1.0,-8.280278,-8.280278,-352.0,-483.0,-835.0,-21.0,-2.0,0.0,-36.0,1
kristyelee,0,negative,,0.0,0.0,0.0,0.0,0.0,0.0,0.0,0.0,0.0,0.0,0.0,0.0,0.0,0.0,0.0,2.0,2.0,0.0,0.070779,0.070779,1.0,1668.064444,1668.064444,203.0,14.0,217.0,5.5,4.0,46.0,49.0,2.0,2.0,0.0,0.070779,0.070779,1.0,1668.064444,1668.064444,203.0,14.0,217.0,5.5,4.0,46.0,49.0,2
Violet334,0,negative,,1.0,1.0,0.0,0.041667,0.041667,1.0,0.009722,0.009722,1.0,0.0,1.0,1.0,0.0,0.0,1.0,0.0,0.0,0.0,0.0,0.0,0.0,0.0,0.0,0.0,0.0,0.0,0.0,0.0,0.0,0.0,-1.0,-1.0,0.0,-0.041667,-0.041667,-1.0,-0.009722,-0.009722,-1.0,0.0,-1.0,-1.0,0.0,0.0,-1.0,1
leonardcl,0,negative,,1.0,1.0,0.0,0.041667,0.041667,1.0,0.001944,0.001944,626.0,0.0,626.0,14.0,0.0,0.0,1.0,0.0,0.0,0.0,0.0,0.0,0.0,0.0,0.0,0.0,0.0,0.0,0.0,0.0,0.0,0.0,-1.0,-1.0,0.0,-0.041667,-0.041667,-1.0,-0.001944,-0.001944,-626.0,0.0,-626.0,-14.0,0.0,0.0,-1.0,1
Gurge44,0,negative,,16.0,11.0,5.0,0.666667,0.458333,0.6875,0.078611,4.781818,2542.5625,2475.875,5018.4375,16.375,2.5,0.1875,4.0,80.0,75.0,5.0,2.831141,2.654194,0.9375,125.957222,209.705763,5756.5875,1793.0375,7549.625,27.7375,0.4625,0.0,117.6875,64.0,64.0,0.0,2.164474,2.195861,0.25,125.878611,204.923945,3214.025,-682.8375,2531.1875,11.3625,-2.0375,-0.1875,113.6875,96
HonzaCuhel,0,negative,,48.0,47.0,1.0,2.0,1.958333,0.979167,32.478333,107.512518,2163.520833,208.75,2372.270833,9.5625,0.583333,1.1875,2.645833,115.0,103.0,10.0,4.069765,3.645093,0.895652,16.016111,69.48993,614.382609,1580.347826,2194.730435,7.747826,1.052174,1.417391,9.756522,67.0,56.0,9.0,2.069765,1.68676,-0.083515,-16.462222,-38.022588,-1549.138224,1371.597826,-177.540398,-1.814674,0.468841,0.229891,7.110689,163
g-kannan,0,negative,,0.0,0.0,0.0,0.0,0.0,0.0,0.0,0.0,0.0,0.0,0.0,0.0,0.0,0.0,0.0,45.0,43.0,2.0,1.592517,1.521738,0.955556,0.003611,15.758424,1287.955556,34.8,1322.755556,5.088889,0.377778,0.022222,2.266667,45.0,43.0,2.0,1.592517,1.521738,0.955556,0.003611,15.758424,1287.955556,34.8,1322.755556,5.088889,0.377778,0.022222,2.266667,45
YoungSam95,0,negative,,0.0,0.0,0.0,0.0,0.0,0.0,0.0,0.0,0.0,0.0,0.0,0.0,0.0,0.0,0.0,0.0,0.0,0.0,0.0,0.0,0.0,0.0,0.0,0.0,0.0,0.0,0.0,0.0,0.0,0.0,0.0,0.0,0.0,0.0,0.0,0.0,0.0,0.0,0.0,0.0,0.0,0.0,0.0,0.0,0.0,0
LQ458,0,negative,,4.0,3.0,1.0,0.166667,0.125,0.75,0.001944,0.026759,140.25,84.75,225.0,4.25,1.5,0.0,12.75,53.0,51.0,1.0,1.875631,1.804852,0.962264,0.003056,0.335615,1284.660377,8062.886792,9347.54717,61.226415,0.226415,0.0,7.641509,49.0,48.0,0.0,1.708964,1.679852,0.212264,0.001112,0.308856,1144.410377,7978.136792,9122.54717,56.976415,-1.273585,0.0,-5.108491,57
AlyssonDemari,0,negative,,0.0,0.0,0.0,0.0,0.0,0.0,0.0,0.0,0.0,0.0,0.0,0.0,0.0,0.0,0.0,1.0,0.0,1.0,0.035389,0.0,0.0,0.0,0.0,3.0,1.0,4.0,1.0,1.0,0.0,2.0,1.0,0.0,1.0,0.035389,0.0,0.0,0.0,0.0,3.0,1.0,4.0,1.0,1.0,0.0,2.0,1
joaofeteira,0,negative,,9.0,8.0,1.0,0.375,0.333333,0.888889,0.406389,7.758819,99.555556,31.555556,131.111111,8.222222,0.666667,0.0,3.0,1.0,0.0,0.0,0.035389,0.0,0.0,0.0,0.0,1.0,0.0,1.0,1.0,0.0,0.0,1.0,-8.0,-8.0,-1.0,-0.339611,-0.333333,-0.888889,-0.406389,-7.758819,-98.555556,-31.555556,-130.111111,-7.222222,-0.666667,0.0,-2.0,10
aravindpaz,0,negative,,1.0,1.0,0.0,0.041667,0.041667,1.0,435.858333,435.858333,10.0,5.0,15.0,1.0,0.0,0.0,1.0,0.0,0.0,0.0,0.0,0.0,0.0,0.0,0.0,0.0,0.0,0.0,0.0,0.0,0.0,0.0,-1.0,-1.0,0.0,-0.041667,-0.041667,-1.0,-435.858333,-435.858333,-10.0,-5.0,-15.0,-1.0,0.0,0.0,-1.0,1
qorygnsska,0,negative,,0.0,0.0,0.0,0.0,0.0,0.0,0.0,0.0,0.0,0.0,0.0,0.0,0.0,0.0,0.0,0.0,0.0,0.0,0.0,0.0,0.0,0.0,0.0,0.0,0.0,0.0,0.0,0.0,0.0,0.0,0.0,0.0,0.0,0.0,0.0,0.0,0.0,0.0,0.0,0.0,0.0,0.0,0.0,0.0,0.0,0
renzi-fidele-frontend,0,negative,,0.0,0.0,0.0,0.0,0.0,0.0,0.0,0.0,0.0,0.0,0.0,0.0,0.0,0.0,0.0,3.0,2.0,1.0,0.106168,0.070779,0.666667,0.017917,0.017917,918.333333,606.333333,1524.666667,13.0,0.666667,0.0,3.0,3.0,2.0,1.0,0.106168,0.070779,0.666667,0.017917,0.017917,918.333333,606.333333,1524.666667,13.0,0.666667,0.0,3.0,3
mkraposhin,0,negative,,32.0,32.0,0.0,1.333333,1.333333,1.0,24.72375,258.272118,140.3125,29562.8125,29703.125,7.4375,0.09375,0.0,3.03125,45.0,37.0,6.0,1.592517,1.309403,0.822222,14.938333,56.800683,7533.4,7494.177778,15027.577778,16.511111,0.155556,0.0,8.133333,13.0,5.0,6.0,0.259184,-0.02393,-0.177778,-9.785417,-201.471435,7393.0875,-22068.634722,-14675.547222,9.073611,0.061806,0.0,5.102083,77
RomainMuller,0,negative,,300.0,289.0,9.0,12.5,12.041667,0.963333,2.496944,73.2666,944.726667,437.71,1382.436667,18.9,1.646667,0.893333,3.486667,0.0,0.0,0.0,0.0,0.0,0.0,0.0,0.0,0.0,0.0,0.0,0.0,0.0,0.0,0.0,-300.0,-289.0,-9.0,-12.5,-12.041667,-0.963333,-2.496944,-73.2666,-944.726667,-437.71,-1382.436667,-18.9,-1.646667,-0.893333,-3.486667,300
maxwelldinsmore,0,negative,,0.0,0.0,0.0,0.0,0.0,0.0,0.0,0.0,0.0,0.0,0.0,0.0,0.0,0.0,0.0,5.0,5.0,0.0,0.176946,0.176946,1.0,0.004722,0.008722,1018.2,199.4,1217.6,21.4,0.0,0.0,4.6,5.0,5.0,0.0,0.176946,0.176946,1.0,0.004722,0.008722,1018.2,199.4,1217.6,21.4,0.0,0.0,4.6,5
Xamelo,0,negative,,0.0,0.0,0.0,0.0,0.0,0.0,0.0,0.0,0.0,0.0,0.0,0.0,0.0,0.0,0.0,0.0,0.0,0.0,0.0,0.0,0.0,0.0,0.0,0.0,0.0,0.0,0.0,0.0,0.0,0.0,0.0,0.0,0.0,0.0,0.0,0.0,0.0,0.0,0.0,0.0,0.0,0.0,0.0,0.0,0.0,0
TimbakTwo,0,negative,,1.0,0.0,0.0,0.041667,0.0,0.0,0.0,0.0,8.0,0.0,8.0,1.0,0.0,0.0,1.0,0.0,0.0,0.0,0.0,0.0,0.0,0.0,0.0,0.0,0.0,0.0,0.0,0.0,0.0,0.0,-1.0,0.0,0.0,-0.041667,0.0,0.0,0.0,0.0,-8.0,0.0,-8.0,-1.0,0.0,0.0,-1.0,1
jhonsoad,0,negative,,17.0,17.0,0.0,0.708333,0.708333,1.0,0.001944,4.369199,310.882353,100.823529,411.705882,15.705882,0.941176,0.0,2.294118,72.0,70.0,2.0,2.548027,2.477248,0.972222,0.010278,6.316444,2027.375,889.638889,2917.013889,22.638889,0.083333,0.013889,3.611111,55.0,53.0,2.0,1.839694,1.768915,-0.027778,0.008334,1.947245,1716.492647,788.81536,2505.308007,6.933007,-0.857843,0.013889,1.316993,89
robinson-97,0,negative,,0.0,0.0,0.0,0.0,0.0,0.0,0.0,0.0,0.0,0.0,0.0,0.0,0.0,0.0,0.0,0.0,0.0,0.0,0.0,0.0,0.0,0.0,0.0,0.0,0.0,0.0,0.0,0.0,0.0,0.0,0.0,0.0,0.0,0.0,0.0,0.0,0.0,0.0,0.0,0.0,0.0,0.0,0.0,0.0,0.0,0
PKholyavin,0,negative,,0.0,0.0,0.0,0.0,0.0,0.0,0.0,0.0,0.0,0.0,0.0,0.0,0.0,0.0,0.0,0.0,0.0,0.0,0.0,0.0,0.0,0.0,0.0,0.0,0.0,0.0,0.0,0.0,0.0,0.0,0.0,0.0,0.0,0.0,0.0,0.0,0.0,0.0,0.0,0.0,0.0,0.0,0.0,0.0,0.0,0
rubin55,0,negative,,2.0,1.0,1.0,0.083333,0.041667,0.5,1.162222,1.162222,2.0,2.0,4.0,1.5,3.0,0.0,1.0,13.0,8.0,1.0,0.46006,0.283114,0.615385,4.344722,801.088576,113.538462,45.538462,159.076923,5.230769,0.692308,0.0,2.846154,11.0,7.0,0.0,0.376727,0.241447,0.115385,3.1825,799.926354,111.538462,43.538462,155.076923,3.730769,-2.307692,0.0,1.846154,15
beckykd,0,negative,,85.0,80.0,5.0,3.541667,3.333333,0.941176,23.225278,134.015528,208.376471,160.988235,369.364706,4.823529,1.682353,6.294118,19.988235,215.0,200.0,14.0,7.60869,7.077851,0.930233,21.942917,142.413475,140.883721,82.734884,223.618605,5.837209,1.986047,7.655814,10.009302,130.0,120.0,9.0,4.067023,3.744518,-0.010943,-1.282361,8.397947,-67.49275,-78.253351,-145.746101,1.01368,0.303694,1.361696,-9.978933,300
vflame6,0,negative,,3.0,0.0,3.0,0.125,0.0,0.0,0.0,0.0,25.666667,7.666667,33.333333,2.0,2.333333,0.0,1.333333,10.0,6.0,0.0,0.353893,0.212336,0.6,339.211944,1259.97713,25.8,0.6,26.4,1.8,1.1,0.0,1.2,7.0,6.0,-3.0,0.228893,0.212336,0.6,339.211944,1259.97713,0.133333,-7.066667,-6.933333,-0.2,-1.233333,0.0,-0.133333,13
ByronEncinas,0,negative,,1.0,0.0,1.0,0.041667,0.0,0.0,0.0,0.0,27.0,0.0,27.0,1.0,0.0,0.0,1.0,10.0,10.0,0.0,0.353893,0.353893,1.0,0.0375,34.241722,713.3,47.5,760.8,7.6,0.4,0.0,5.5,9.0,10.0,-1.0,0.312226,0.353893,1.0,0.0375,34.241722,686.3,47.5,733.8,6.6,0.4,0.0,4.5,11
emiramaro,0,negative,,0.0,0.0,0.0,0.0,0.0,0.0,0.0,0.0,0.0,0.0,0.0,0.0,0.0,0.0,0.0,0.0,0.0,0.0,0.0,0.0,0.0,0.0,0.0,0.0,0.0,0.0,0.0,0.0,0.0,0.0,0.0,0.0,0.0,0.0,0.0,0.0,0.0,0.0,0.0,0.0,0.0,0.0,0.0,0.0,0.0,0
paggalih,0,negative,,0.0,0.0,0.0,0.0,0.0,0.0,0.0,0.0,0.0,0.0,0.0,0.0,0.0,0.0,0.0,0.0,0.0,0.0,0.0,0.0,0.0,0.0,0.0,0.0,0.0,0.0,0.0,0.0,0.0,0.0,0.0,0.0,0.0,0.0,0.0,0.0,0.0,0.0,0.0,0.0,0.0,0.0,0.0,0.0,0.0,0
chiyuemio,0,negative,,0.0,0.0,0.0,0.0,0.0,0.0,0.0,0.0,0.0,0.0,0.0,0.0,0.0,0.0,0.0,0.0,0.0,0.0,0.0,0.0,0.0,0.0,0.0,0.0,0.0,0.0,0.0,0.0,0.0,0.0,0.0,0.0,0.0,0.0,0.0,0.0,0.0,0.0,0.0,0.0,0.0,0.0,0.0,0.0,0.0,0
viti1,0,negative,,0.0,0.0,0.0,0.0,0.0,0.0,0.0,0.0,0.0,0.0,0.0,0.0,0.0,0.0,0.0,0.0,0.0,0.0,0.0,0.0,0.0,0.0,0.0,0.0,0.0,0.0,0.0,0.0,0.0,0.0,0.0,0.0,0.0,0.0,0.0,0.0,0.0,0.0,0.0,0.0,0.0,0.0,0.0,0.0,0.0,0
bartlomiejfydrych,0,negative,,0.0,0.0,0.0,0.0,0.0,0.0,0.0,0.0,0.0,0.0,0.0,0.0,0.0,0.0,0.0,2.0,0.0,1.0,0.070779,0.0,0.0,0.0,0.0,0.5,13520.5,13521.0,171.5,0.0,52.0,1.5,2.0,0.0,1.0,0.070779,0.0,0.0,0.0,0.0,0.5,13520.5,13521.0,171.5,0.0,52.0,1.5,2
alfanzain,0,negative,,0.0,0.0,0.0,0.0,0.0,0.0,0.0,0.0,0.0,0.0,0.0,0.0,0.0,0.0,0.0,28.0,24.0,4.0,0.990899,0.849342,0.857143,1.344722,315.227315,164.107143,20.428571,184.535714,3.5,0.535714,0.357143,1.928571,28.0,24.0,4.0,0.990899,0.849342,0.857143,1.344722,315.227315,164.107143,20.428571,184.535714,3.5,0.535714,0.357143,1.928571,28
tejas-contentstack,0,negative,,1.0,1.0,0.0,0.041667,0.041667,1.0,1012.436111,1012.436111,4.0,1.0,5.0,1.0,0.0,0.0,1.0,1.0,1.0,0.0,0.035389,0.035389,1.0,83.521111,83.521111,3210.0,36.0,3246.0,24.0,0.0,0.0,5.0,0.0,0.0,0.0,-0.006278,-0.006278,0.0,-928.915,-928.915,3206.0,35.0,3241.0,23.0,0.0,0.0,4.0,2
YoungSIS,0,negative,,0.0,0.0,0.0,0.0,0.0,0.0,0.0,0.0,0.0,0.0,0.0,0.0,0.0,0.0,0.0,1.0,1.0,0.0,0.035389,0.035389,1.0,8.265,8.265,2.0,2.0,4.0,2.0,1.0,0.0,3.0,1.0,1.0,0.0,0.035389,0.035389,1.0,8.265,8.265,2.0,2.0,4.0,2.0,1.0,0.0,3.0,1
tommasaurus,0,negative,,0.0,0.0,0.0,0.0,0.0,0.0,0.0,0.0,0.0,0.0,0.0,0.0,0.0,0.0,0.0,1.0,1.0,0.0,0.035389,0.035389,1.0,0.021111,0.021111,3131.0,4.0,3135.0,6.0,0.0,0.0,3.0,1.0,1.0,0.0,0.035389,0.035389,1.0,0.021111,0.021111,3131.0,4.0,3135.0,6.0,0.0,0.0,3.0,1
zozzzC,0,negative,,3.0,3.0,0.0,0.125,0.125,1.0,0.001944,0.002315,270.666667,106.666667,377.333333,4.333333,0.0,0.0,2.333333,25.0,22.0,0.0,0.884731,0.778564,0.88,0.026389,52.853788,938.68,242.12,1180.8,17.0,0.96,0.2,11.04,22.0,19.0,0.0,0.759731,0.653564,-0.12,0.024445,52.851473,668.013333,135.453333,803.466667,12.666667,0.96,0.2,8.706667,28
Anmepod44,0,negative,,0.0,0.0,0.0,0.0,0.0,0.0,0.0,0.0,0.0,0.0,0.0,0.0,0.0,0.0,0.0,26.0,20.0,3.0,0.920121,0.707785,0.769231,0.035417,2.297417,167.423077,18.230769,185.653846,3.076923,0.423077,0.0,4.961538,26.0,20.0,3.0,0.920121,0.707785,0.769231,0.035417,2.297417,167.423077,18.230769,185.653846,3.076923,0.423077,0.0,4.961538,26
AlejandroGLo,0,negative,,3.0,0.0,3.0,0.125,0.0,0.0,0.0,0.0,24.333333,10.0,34.333333,2.0,0.333333,0.0,3.666667,5.0,5.0,0.0,0.176946,0.176946,1.0,0.002778,0.003,335.6,40.4,376.0,12.0,0.0,0.0,2.0,2.0,5.0,-3.0,0.051946,0.176946,1.0,0.002778,0.003,311.266667,30.4,341.666667,10.0,-0.333333,0.0,-1.666667,8
pilif139,0,negative,,1.0,1.0,0.0,0.041667,0.041667,1.0,0.048056,0.048056,130.0,42.0,172.0,3.0,0.0,0.0,1.0,31.0,28.0,3.0,1.097067,0.990899,0.903226,0.022361,3.935685,2278.935484,478.032258,2756.967742,26.322581,0.16129,2.645161,4.903226,30.0,27.0,3.0,1.0554,0.949232,-0.096774,-0.025695,3.887629,2148.935484,436.032258,2584.967742,23.322581,0.16129,2.645161,3.903226,32
haukurhafsteins,0,negative,,0.0,0.0,0.0,0.0,0.0,0.0,0.0,0.0,0.0,0.0,0.0,0.0,0.0,0.0,0.0,1.0,1.0,0.0,0.035389,0.035389,1.0,0.356389,0.356389,419.0,168.0,587.0,7.0,0.0,0.0,6.0,1.0,1.0,0.0,0.035389,0.035389,1.0,0.356389,0.356389,419.0,168.0,587.0,7.0,0.0,0.0,6.0,1
zzltxla,0,negative,,0.0,0.0,0.0,0.0,0.0,0.0,0.0,0.0,0.0,0.0,0.0,0.0,0.0,0.0,0.0,5.0,5.0,0.0,0.176946,0.176946,1.0,0.003056,0.102389,136.0,27.2,163.2,7.0,0.0,0.0,1.6,5.0,5.0,0.0,0.176946,0.176946,1.0,0.003056,0.102389,136.0,27.2,163.2,7.0,0.0,0.0,1.6,5
CuminLo,0,negative,,0.0,0.0,0.0,0.0,0.0,0.0,0.0,0.0,0.0,0.0,0.0,0.0,0.0,0.0,0.0,0.0,0.0,0.0,0.0,0.0,0.0,0.0,0.0,0.0,0.0,0.0,0.0,0.0,0.0,0.0,0.0,0.0,0.0,0.0,0.0,0.0,0.0,0.0,0.0,0.0,0.0,0.0,0.0,0.0,0.0,0
Yorye-dev,0,negative,,15.0,15.0,0.0,0.625,0.625,1.0,0.002778,0.01663,604.6,58.6,663.2,25.133333,0.0,0.0,7.666667,5.0,4.0,0.0,0.176946,0.141557,0.8,0.002639,0.003403,967.0,339.4,1306.4,38.4,0.0,0.0,16.6,-10.0,-11.0,0.0,-0.448054,-0.483443,-0.2,-0.000139,-0.013227,362.4,280.8,643.2,13.266667,0.0,0.0,8.933333,20
MikhailZayko,0,negative,,0.0,0.0,0.0,0.0,0.0,0.0,0.0,0.0,0.0,0.0,0.0,0.0,0.0,0.0,0.0,3.0,3.0,0.0,0.106168,0.106168,1.0,0.039167,0.134537,20.0,4.333333,24.333333,3.0,0.0,0.0,1.0,3.0,3.0,0.0,0.106168,0.106168,1.0,0.039167,0.134537,20.0,4.333333,24.333333,3.0,0.0,0.0,1.0,3
FrancescoMaca,0,negative,,5.0,4.0,1.0,0.208333,0.166667,0.8,0.004444,0.005208,11.6,9.4,21.0,2.0,0.0,0.0,1.2,8.0,7.0,1.0,0.283114,0.247725,0.875,0.004167,159.923333,1479.625,1412.875,2892.5,55.25,0.5,1.25,299.25,3.0,3.0,0.0,0.074781,0.081058,0.075,-0.000277,159.918125,1468.025,1403.475,2871.5,53.25,0.5,1.25,298.05,13
tylerachang,0,negative,,0.0,0.0,0.0,0.0,0.0,0.0,0.0,0.0,0.0,0.0,0.0,0.0,0.0,0.0,0.0,7.0,6.0,1.0,0.247725,0.212336,0.857143,10.963611,388.263796,17.714286,25.714286,43.428571,1.428571,0.285714,0.0,1.0,7.0,6.0,1.0,0.247725,0.212336,0.857143,10.963611,388.263796,17.714286,25.714286,43.428571,1.428571,0.285714,0.0,1.0,7
fsoubelet,0,negative,,116.0,112.0,4.0,4.833333,4.666667,0.965517,3.750694,61.960732,1547.62069,1041.387931,2589.008621,11.87069,0.793103,1.086207,12.991379,159.0,155.0,4.0,5.626892,5.485335,0.974843,18.920556,183.559425,2234.54717,210.062893,2444.610063,13.226415,0.993711,3.654088,20.465409,43.0,43.0,0.0,0.793559,0.818668,0.009326,15.169862,121.598693,686.92648,-831.325038,-144.398558,1.355725,0.200608,2.567881,7.47403,275
HyungjuunPark,0,negative,,0.0,0.0,0.0,0.0,0.0,0.0,0.0,0.0,0.0,0.0,0.0,0.0,0.0,0.0,0.0,0.0,0.0,0.0,0.0,0.0,0.0,0.0,0.0,0.0,0.0,0.0,0.0,0.0,0.0,0.0,0.0,0.0,0.0,0.0,0.0,0.0,0.0,0.0,0.0,0.0,0.0,0.0,0.0,0.0,0.0,0
Siwyyy,0,negative,,0.0,0.0,0.0,0.0,0.0,0.0,0.0,0.0,0.0,0.0,0.0,0.0,0.0,0.0,0.0,13.0,10.0,2.0,0.46006,0.353893,0.769231,0.02625,0.970444,66063.846154,5170.0,71233.846154,131.384615,0.0,0.230769,9.846154,13.0,10.0,2.0,0.46006,0.353893,0.769231,0.02625,0.970444,66063.846154,5170.0,71233.846154,131.384615,0.0,0.230769,9.846154,13
u4y0u,0,negative,,0.0,0.0,0.0,0.0,0.0,0.0,0.0,0.0,0.0,0.0,0.0,0.0,0.0,0.0,0.0,24.0,18.0,6.0,0.849342,0.637007,0.75,97.683056,220.288457,35.0,4.125,39.125,3.375,1.75,0.0,1.708333,24.0,18.0,6.0,0.849342,0.637007,0.75,97.683056,220.288457,35.0,4.125,39.125,3.375,1.75,0.0,1.708333,24
Titouan-Loeb,0,negative,,18.0,17.0,1.0,0.75,0.708333,0.944444,0.0125,1.283709,618.777778,158.944444,777.722222,15.388889,0.222222,0.0,2.111111,4.0,4.0,0.0,0.141557,0.141557,1.0,0.012083,0.016597,103.25,35.0,138.25,5.0,0.0,0.0,2.5,-14.0,-13.0,-1.0,-0.608443,-0.566776,0.055556,-0.000417,-1.267112,-515.527778,-123.944444,-639.472222,-10.388889,-0.222222,0.0,0.388889,22
SidharthK2,0,negative,,33.0,30.0,3.0,1.375,1.25,0.909091,3.570278,42.761157,44.212121,17.090909,61.30303,3.424242,2.727273,0.666667,4.575758,44.0,38.0,6.0,1.557127,1.344792,0.863636,34.36625,146.454357,590.590909,72.931818,663.522727,8.931818,3.113636,2.363636,9.477273,11.0,8.0,3.0,0.182127,0.094792,-0.045455,30.795972,103.6932,546.378788,55.840909,602.219697,5.507576,0.386363,1.696969,4.901515,77
jeanrodrigop,0,negative,,0.0,0.0,0.0,0.0,0.0,0.0,0.0,0.0,0.0,0.0,0.0,0.0,0.0,0.0,0.0,29.0,25.0,4.0,1.026288,0.884731,0.862069,0.002222,0.003078,29.034483,11.482759,40.517241,2.448276,0.206897,0.0,1.103448,29.0,25.0,4.0,1.026288,0.884731,0.862069,0.002222,0.003078,29.034483,11.482759,40.517241,2.448276,0.206897,0.0,1.103448,29
DJopek,0,negative,,76.0,74.0,2.0,3.166667,3.083333,0.973684,0.111111,7.855991,70.723684,3.434211,74.157895,2.026316,0.894737,0.065789,2.486842,2.0,1.0,1.0,0.070779,0.035389,0.5,0.592222,0.592222,1.0,1.0,2.0,1.0,1.0,0.0,1.0,-74.0,-73.0,-1.0,-3.095888,-3.047944,-0.473684,0.481111,-7.263769,-69.723684,-2.434211,-72.157895,-1.026316,0.105263,-0.065789,-1.486842,78
iamseung,0,negative,,1.0,1.0,0.0,0.041667,0.041667,1.0,0.001667,0.001667,1.0,1.0,2.0,1.0,0.0,0.0,1.0,111.0,99.0,12.0,3.928207,3.503536,0.891892,0.002222,11.500665,599.810811,55.666667,655.477477,11.486486,0.18018,0.0,2.990991,110.0,98.0,12.0,3.88654,3.461869,-0.108108,0.000555,11.498998,598.810811,54.666667,653.477477,10.486486,0.18018,0.0,1.990991,112
hajin0324,0,negative,,0.0,0.0,0.0,0.0,0.0,0.0,0.0,0.0,0.0,0.0,0.0,0.0,0.0,0.0,0.0,43.0,41.0,2.0,1.521738,1.45096,0.953488,0.096111,0.833672,283.511628,221.860465,505.372093,3.883721,0.046512,0.744186,2.348837,43.0,41.0,2.0,1.521738,1.45096,0.953488,0.096111,0.833672,283.511628,221.860465,505.372093,3.883721,0.046512,0.744186,2.348837,43
KusiBehan,0,negative,,0.0,0.0,0.0,0.0,0.0,0.0,0.0,0.0,0.0,0.0,0.0,0.0,0.0,0.0,0.0,30.0,28.0,2.0,1.061678,0.990899,0.933333,0.003611,0.116964,49.666667,15.2,64.866667,3.7,0.2,0.0,2.2,30.0,28.0,2.0,1.061678,0.990899,0.933333,0.003611,0.116964,49.666667,15.2,64.866667,3.7,0.2,0.0,2.2,30
Jakaria6284,0,negative,,1.0,1.0,0.0,0.041667,0.041667,1.0,0.008056,0.008056,26.0,0.0,26.0,3.0,0.0,0.0,1.0,1.0,1.0,0.0,0.035389,0.035389,1.0,0.053611,0.053611,169.0,0.0,169.0,8.0,0.0,0.0,1.0,0.0,0.0,0.0,-0.006278,-0.006278,0.0,0.045555,0.045555,143.0,0.0,143.0,5.0,0.0,0.0,0.0,2
jorgeeberhard,0,negative,,0.0,0.0,0.0,0.0,0.0,0.0,0.0,0.0,0.0,0.0,0.0,0.0,0.0,0.0,0.0,19.0,19.0,0.0,0.672396,0.672396,1.0,0.090833,34.801798,872.736842,323.842105,1196.578947,4.947368,1.0,0.0,2.315789,19.0,19.0,0.0,0.672396,0.672396,1.0,0.090833,34.801798,872.736842,323.842105,1196.578947,4.947368,1.0,0.0,2.315789,19
ziyuan123456789,0,negative,,0.0,0.0,0.0,0.0,0.0,0.0,0.0,0.0,0.0,0.0,0.0,0.0,0.0,0.0,0.0,2.0,0.0,1.0,0.070779,0.0,0.0,0.0,0.0,22.5,8.0,30.5,5.5,1.0,0.0,1.5,2.0,0.0,1.0,0.070779,0.0,0.0,0.0,0.0,22.5,8.0,30.5,5.5,1.0,0.0,1.5,2
schoero,0,negative,,80.0,78.0,2.0,3.333333,3.25,0.975,0.133889,24.273821,2198.1875,389.4125,2587.6,25.3625,0.025,0.0125,21.675,198.0,192.0,4.0,7.007073,6.794737,0.969697,0.649028,78.123715,615.79798,449.126263,1064.924242,13.388889,0.09596,1.328283,5.868687,118.0,114.0,2.0,3.67374,3.544737,-0.005303,0.515139,53.849894,-1582.38952,59.713763,-1522.675758,-11.973611,0.07096,1.315783,-15.806313,278
nbbaier,0,negative,,4.0,3.0,1.0,0.166667,0.125,0.75,8.584722,10.911111,146.5,73.5,220.0,2.25,1.0,0.0,1.75,296.0,264.0,27.0,10.47522,9.342764,0.891892,0.436806,125.116866,1889.486486,1239.797297,3129.283784,18.39527,1.361486,2.084459,4.358108,292.0,261.0,26.0,10.308553,9.217764,0.141892,-8.147916,114.205755,1742.986486,1166.297297,2909.283784,16.14527,0.361486,2.084459,2.608108,300
Miguel-Escobar,0,negative,,0.0,0.0,0.0,0.0,0.0,0.0,0.0,0.0,0.0,0.0,0.0,0.0,0.0,0.0,0.0,4.0,1.0,2.0,0.141557,0.035389,0.25,0.003611,0.003611,72.5,17.5,90.0,3.0,0.5,0.0,7.25,4.0,1.0,2.0,0.141557,0.035389,0.25,0.003611,0.003611,72.5,17.5,90.0,3.0,0.5,0.0,7.25,4
itsDangy,0,negative,,0.0,0.0,0.0,0.0,0.0,0.0,0.0,0.0,0.0,0.0,0.0,0.0,0.0,0.0,0.0,4.0,4.0,0.0,0.141557,0.141557,1.0,0.002639,0.012708,120945.25,19.25,120964.5,3.25,0.0,0.0,2.5,4.0,4.0,0.0,0.141557,0.141557,1.0,0.002639,0.012708,120945.25,19.25,120964.5,3.25,0.0,0.0,2.5,4
daudix,0,negative,,177.0,155.0,21.0,7.375,6.458333,0.875706,3.029167,112.198124,311.932203,236.644068,548.576271,8.016949,2.305085,0.259887,4.672316,28.0,23.0,5.0,0.990899,0.813953,0.821429,6.133611,127.36663,201.035714,623.607143,824.642857,32.0,1.392857,0.214286,5.0,-149.0,-132.0,-16.0,-6.384101,-5.64438,-0.054277,3.104444,15.168506,-110.896489,386.963075,276.066586,23.983051,-0.912228,-0.045601,0.327684,205
hato78,0,negative,,0.0,0.0,0.0,0.0,0.0,0.0,0.0,0.0,0.0,0.0,0.0,0.0,0.0,0.0,0.0,0.0,0.0,0.0,0.0,0.0,0.0,0.0,0.0,0.0,0.0,0.0,0.0,0.0,0.0,0.0,0.0,0.0,0.0,0.0,0.0,0.0,0.0,0.0,0.0,0.0,0.0,0.0,0.0,0.0,0.0,0
zoewangg,0,negative,,202.0,187.0,15.0,8.416667,7.791667,0.925743,20.026944,62.137758,508.306931,166.381188,674.688119,22.09901,1.113861,2.440594,3.777228,98.0,95.0,2.0,3.468147,3.361979,0.969388,20.015556,47.545906,155.857143,43.663265,199.520408,5.908163,0.989796,1.306122,2.204082,-104.0,-92.0,-13.0,-4.94852,-4.429688,0.043645,-0.011388,-14.591852,-352.449788,-122.717923,-475.167711,-16.190847,-0.124065,-1.134472,-1.573146,300
JeejaFR,0,negative,,0.0,0.0,0.0,0.0,0.0,0.0,0.0,0.0,0.0,0.0,0.0,0.0,0.0,0.0,0.0,8.0,6.0,2.0,0.283114,0.212336,0.75,0.00375,0.024769,2092.125,246.125,2338.25,23.0,0.0,0.0,10.5,8.0,6.0,2.0,0.283114,0.212336,0.75,0.00375,0.024769,2092.125,246.125,2338.25,23.0,0.0,0.0,10.5,8
rong-xiaoli,0,negative,,2.0,1.0,1.0,0.083333,0.041667,0.5,1.006389,1.006389,1.5,1.0,2.5,1.0,1.5,0.0,1.0,70.0,64.0,6.0,2.477248,2.264912,0.914286,0.829861,16.763286,179.828571,17.914286,197.742857,5.742857,1.542857,4.157143,6.142857,68.0,63.0,5.0,2.393915,2.223245,0.414286,-0.176528,15.756897,178.328571,16.914286,195.242857,4.742857,0.042857,4.157143,5.142857,72
HarunnMetin,0,negative,,0.0,0.0,0.0,0.0,0.0,0.0,0.0,0.0,0.0,0.0,0.0,0.0,0.0,0.0,0.0,0.0,0.0,0.0,0.0,0.0,0.0,0.0,0.0,0.0,0.0,0.0,0.0,0.0,0.0,0.0,0.0,0.0,0.0,0.0,0.0,0.0,0.0,0.0,0.0,0.0,0.0,0.0,0.0,0.0,0.0,0
Pir00t,0,negative,,1.0,0.0,1.0,0.041667,0.0,0.0,0.0,0.0,1.0,1.0,2.0,1.0,1.0,0.0,2.0,0.0,0.0,0.0,0.0,0.0,0.0,0.0,0.0,0.0,0.0,0.0,0.0,0.0,0.0,0.0,-1.0,0.0,-1.0,-0.041667,0.0,0.0,0.0,0.0,-1.0,-1.0,-2.0,-1.0,-1.0,0.0,-2.0,1
Diego-Moreira8,0,negative,,0.0,0.0,0.0,0.0,0.0,0.0,0.0,0.0,0.0,0.0,0.0,0.0,0.0,0.0,0.0,0.0,0.0,0.0,0.0,0.0,0.0,0.0,0.0,0.0,0.0,0.0,0.0,0.0,0.0,0.0,0.0,0.0,0.0,0.0,0.0,0.0,0.0,0.0,0.0,0.0,0.0,0.0,0.0,0.0,0.0,0
GhoffarFitassin,0,negative,,4.0,3.0,1.0,0.166667,0.125,0.75,23.728333,18.77037,35.75,0.25,36.0,1.25,0.0,0.0,1.75,86.0,84.0,1.0,3.043476,2.972698,0.976744,0.004167,2.548406,179.569767,56.313953,235.883721,6.127907,0.093023,0.0,1.569767,82.0,81.0,0.0,2.876809,2.847698,0.226744,-23.724166,-16.221964,143.819767,56.063953,199.883721,4.877907,0.093023,0.0,-0.180233,90
ScroodgeM,0,negative,,0.0,0.0,0.0,0.0,0.0,0.0,0.0,0.0,0.0,0.0,0.0,0.0,0.0,0.0,0.0,0.0,0.0,0.0,0.0,0.0,0.0,0.0,0.0,0.0,0.0,0.0,0.0,0.0,0.0,0.0,0.0,0.0,0.0,0.0,0.0,0.0,0.0,0.0,0.0,0.0,0.0,0.0,0.0,0.0,0.0,0
chindaronit,0,negative,,4.0,4.0,0.0,0.166667,0.166667,1.0,0.064861,0.068264,264.25,0.0,264.25,1.0,0.0,0.0,1.5,0.0,0.0,0.0,0.0,0.0,0.0,0.0,0.0,0.0,0.0,0.0,0.0,0.0,0.0,0.0,-4.0,-4.0,0.0,-0.166667,-0.166667,-1.0,-0.064861,-0.068264,-264.25,0.0,-264.25,-1.0,0.0,0.0,-1.5,4
LinCanNerd,0,negative,,0.0,0.0,0.0,0.0,0.0,0.0,0.0,0.0,0.0,0.0,0.0,0.0,0.0,0.0,0.0,2.0,2.0,0.0,0.070779,0.070779,1.0,215.9425,215.9425,15.0,9.0,24.0,1.5,0.5,0.5,3.5,2.0,2.0,0.0,0.070779,0.070779,1.0,215.9425,215.9425,15.0,9.0,24.0,1.5,0.5,0.5,3.5,2
meezumi,0,negative,,0.0,0.0,0.0,0.0,0.0,0.0,0.0,0.0,0.0,0.0,0.0,0.0,0.0,0.0,0.0,163.0,154.0,6.0,5.768449,5.449946,0.944785,0.048194,5.139946,523.91411,165.0,688.91411,5.0,0.570552,0.01227,1.90184,163.0,154.0,6.0,5.768449,5.449946,0.944785,0.048194,5.139946,523.91411,165.0,688.91411,5.0,0.570552,0.01227,1.90184,163
amaantootla,0,negative,,0.0,0.0,0.0,0.0,0.0,0.0,0.0,0.0,0.0,0.0,0.0,0.0,0.0,0.0,0.0,16.0,13.0,3.0,0.566228,0.46006,0.8125,0.001944,0.002137,141.625,36.625,178.25,6.0625,0.0625,0.0,1.625,16.0,13.0,3.0,0.566228,0.46006,0.8125,0.001944,0.002137,141.625,36.625,178.25,6.0625,0.0625,0.0,1.625,16
GuNu-Kim,0,negative,,0.0,0.0,0.0,0.0,0.0,0.0,0.0,0.0,0.0,0.0,0.0,0.0,0.0,0.0,0.0,4.0,4.0,0.0,0.141557,0.141557,1.0,0.012778,0.025069,459.5,311.25,770.75,21.0,0.25,0.0,2.25,4.0,4.0,0.0,0.141557,0.141557,1.0,0.012778,0.025069,459.5,311.25,770.75,21.0,0.25,0.0,2.25,4
mzuenni,0,negative,,42.0,38.0,4.0,1.75,1.583333,0.904762,21.405694,376.958611,70.285714,77.738095,148.02381,2.952381,2.095238,2.071429,6.857143,108.0,93.0,7.0,3.82204,3.291201,0.861111,28.455278,176.925514,347.398148,131.138889,478.537037,17.462963,3.148148,6.777778,10.814815,66.0,55.0,3.0,2.07204,1.707868,-0.043651,7.049584,-200.033097,277.112434,53.400794,330.513227,14.510582,1.05291,4.706349,3.957672,150
albertxu216,0,negative,,9.0,5.0,4.0,0.375,0.208333,0.555556,17.510556,43.249389,210.666667,43919.0,44129.666667,6.555556,0.222222,0.0,11.0,28.0,24.0,3.0,0.990899,0.849342,0.857143,127.559722,182.212882,521.392857,52.178571,573.571429,7.321429,0.5,0.464286,6.071429,19.0,19.0,-1.0,0.615899,0.641009,0.301587,110.049166,138.963493,310.72619,-43866.821429,-43556.095238,0.765873,0.277778,0.464286,-4.928571,37
Siddharth-Latthe-07,0,negative,,0.0,0.0,0.0,0.0,0.0,0.0,0.0,0.0,0.0,0.0,0.0,0.0,0.0,0.0,0.0,5.0,5.0,0.0,0.176946,0.176946,1.0,0.003333,0.006056,65.6,16.8,82.4,2.0,0.0,0.0,2.0,5.0,5.0,0.0,0.176946,0.176946,1.0,0.003333,0.006056,65.6,16.8,82.4,2.0,0.0,0.0,2.0,5
fathurwithyou,0,negative,,0.0,0.0,0.0,0.0,0.0,0.0,0.0,0.0,0.0,0.0,0.0,0.0,0.0,0.0,0.0,50.0,45.0,2.0,1.769463,1.592517,0.9,0.003611,4.533241,526.6,135.78,662.38,9.08,0.0,0.0,3.24,50.0,45.0,2.0,1.769463,1.592517,0.9,0.003611,4.533241,526.6,135.78,662.38,9.08,0.0,0.0,3.24,50
AnyBananaGAME,0,negative,,3.0,1.0,2.0,0.125,0.041667,0.333333,0.193889,0.193889,17.0,1.333333,18.333333,1.0,2.0,0.333333,1.333333,37.0,32.0,5.0,1.309402,1.132456,0.864865,6.075,81.397691,10609.324324,213.891892,10823.216216,11.297297,0.702703,1.324324,6.081081,34.0,31.0,3.0,1.184402,1.090789,0.531532,5.881111,81.203802,10592.324324,212.558559,10804.882883,10.297297,-1.297297,0.990991,4.747748,40
1999AZZAR,0,negative,,19.0,12.0,7.0,0.791667,0.5,0.631579,0.545556,9.015162,59.157895,30.263158,89.421053,2.0,0.473684,0.0,2.894737,8.0,5.0,3.0,0.283114,0.176946,0.625,0.01,15.338333,1286.25,382.375,1668.625,10.5,1.75,0.25,2.375,-11.0,-7.0,-4.0,-0.508553,-0.323054,-0.006579,-0.535556,6.323171,1227.092105,352.111842,1579.203947,8.5,1.276316,0.25,-0.519737,27
CesaltinoFelix,0,negative,,0.0,0.0,0.0,0.0,0.0,0.0,0.0,0.0,0.0,0.0,0.0,0.0,0.0,0.0,0.0,6.0,4.0,0.0,0.212336,0.141557,0.666667,0.379861,3.838125,1659.833333,1190.666667,2850.5,24.5,0.166667,0.0,8.5,6.0,4.0,0.0,0.212336,0.141557,0.666667,0.379861,3.838125,1659.833333,1190.666667,2850.5,24.5,0.166667,0.0,8.5,6
OrasanuAna,0,negative,,0.0,0.0,0.0,0.0,0.0,0.0,0.0,0.0,0.0,0.0,0.0,0.0,0.0,0.0,0.0,0.0,0.0,0.0,0.0,0.0,0.0,0.0,0.0,0.0,0.0,0.0,0.0,0.0,0.0,0.0,0.0,0.0,0.0,0.0,0.0,0.0,0.0,0.0,0.0,0.0,0.0,0.0,0.0,0.0,0.0,0
Gillibald,0,negative,,164.0,156.0,8.0,6.833333,6.5,0.95122,37.614167,180.163732,218.067073,170.890244,388.957317,8.792683,3.402439,0.981707,4.987805,131.0,111.0,15.0,4.635993,3.928207,0.847328,35.684167,203.300981,312.160305,92.19084,404.351145,6.862595,3.129771,1.778626,4.198473,-33.0,-45.0,7.0,-2.19734,-2.571793,-0.103892,-1.93,23.137249,94.093232,-78.699404,15.393828,-1.930088,-0.272668,0.796919,-0.789332,295
SanTiLaguado,0,negative,,0.0,0.0,0.0,0.0,0.0,0.0,0.0,0.0,0.0,0.0,0.0,0.0,0.0,0.0,0.0,80.0,77.0,3.0,2.831141,2.724973,0.9625,0.002778,0.27833,254.8625,45.425,300.2875,15.525,0.075,0.0,2.05,80.0,77.0,3.0,2.831141,2.724973,0.9625,0.002778,0.27833,254.8625,45.425,300.2875,15.525,0.075,0.0,2.05,80
Khushnu,0,negative,,4.0,4.0,0.0,0.166667,0.166667,1.0,0.00375,0.020556,323.5,84.5,408.0,10.25,0.0,0.0,1.0,5.0,4.0,0.0,0.176946,0.141557,0.8,3.476944,6.109653,342139.8,503.4,342643.2,2295.4,0.2,0.0,6.6,1.0,0.0,0.0,0.010279,-0.02511,-0.2,3.473194,6.089097,341816.3,418.9,342235.2,2285.15,0.2,0.0,5.6,9
jaimelias,0,negative,,0.0,0.0,0.0,0.0,0.0,0.0,0.0,0.0,0.0,0.0,0.0,0.0,0.0,0.0,0.0,0.0,0.0,0.0,0.0,0.0,0.0,0.0,0.0,0.0,0.0,0.0,0.0,0.0,0.0,0.0,0.0,0.0,0.0,0.0,0.0,0.0,0.0,0.0,0.0,0.0,0.0,0.0,0.0,0.0,0.0,0
stefuthomas,0,negative,,0.0,0.0,0.0,0.0,0.0,0.0,0.0,0.0,0.0,0.0,0.0,0.0,0.0,0.0,0.0,0.0,0.0,0.0,0.0,0.0,0.0,0.0,0.0,0.0,0.0,0.0,0.0,0.0,0.0,0.0,0.0,0.0,0.0,0.0,0.0,0.0,0.0,0.0,0.0,0.0,0.0,0.0,0.0,0.0,0.0,0
Ngwaabanjong,0,negative,,1.0,0.0,0.0,0.041667,0.0,0.0,0.0,0.0,93.0,0.0,93.0,1.0,0.0,0.0,1.0,1.0,1.0,0.0,0.035389,0.035389,1.0,0.003611,0.003611,3.0,0.0,3.0,1.0,0.0,0.0,1.0,0.0,1.0,0.0,-0.006278,0.035389,1.0,0.003611,0.003611,-90.0,0.0,-90.0,0.0,0.0,0.0,0.0,2
Sam2much96,0,negative,,17.0,7.0,8.0,0.708333,0.291667,0.411765,0.006389,0.615635,37996.117647,41.588235,38037.705882,196.352941,0.588235,0.058824,90.0,6.0,0.0,5.0,0.212336,0.0,0.0,0.0,0.0,3117.666667,1000.666667,4118.333333,60.0,0.666667,0.166667,50.333333,-11.0,-7.0,-3.0,-0.495997,-0.291667,-0.411765,-0.006389,-0.615635,-34878.45098,959.078432,-33919.372549,-136.352941,0.078432,0.107843,-39.666667,23
Nebucatnetzer,0,negative,,37.0,35.0,2.0,1.541667,1.458333,0.945946,0.029722,46.008794,267.540541,238.27027,505.810811,24.837838,0.27027,1.27027,9.486486,67.0,52.0,8.0,2.37108,1.840241,0.776119,5.575417,400.051944,268.19403,147.940299,416.134328,6.58209,0.686567,0.835821,5.41791,30.0,17.0,6.0,0.829413,0.381908,-0.169827,5.545695,354.04315,0.653489,-90.329971,-89.676483,-18.255748,0.416297,-0.434449,-4.068576,104
KwanWooPark97,0,negative,,0.0,0.0,0.0,0.0,0.0,0.0,0.0,0.0,0.0,0.0,0.0,0.0,0.0,0.0,0.0,0.0,0.0,0.0,0.0,0.0,0.0,0.0,0.0,0.0,0.0,0.0,0.0,0.0,0.0,0.0,0.0,0.0,0.0,0.0,0.0,0.0,0.0,0.0,0.0,0.0,0.0,0.0,0.0,0.0,0.0,0
illiaBabak,0,negative,,1.0,0.0,1.0,0.041667,0.0,0.0,0.0,0.0,29.0,20.0,49.0,3.0,0.0,0.0,1.0,0.0,0.0,0.0,0.0,0.0,0.0,0.0,0.0,0.0,0.0,0.0,0.0,0.0,0.0,0.0,-1.0,0.0,-1.0,-0.041667,0.0,0.0,0.0,0.0,-29.0,-20.0,-49.0,-3.0,0.0,0.0,-1.0,1
justcgh9,0,negative,,1.0,1.0,0.0,0.041667,0.041667,1.0,0.053056,0.053056,494.0,76.0,570.0,10.0,0.0,0.0,20.0,70.0,40.0,16.0,2.477248,1.41557,0.571429,0.00375,25.752312,2470.157143,35.214286,2505.371429,51.114286,0.014286,0.014286,17.314286,69.0,39.0,16.0,2.435581,1.373903,-0.428571,-0.049306,25.699256,1976.157143,-40.785714,1935.371429,41.114286,0.014286,0.014286,-2.685714,71
infraestructuraidt,0,negative,,0.0,0.0,0.0,0.0,0.0,0.0,0.0,0.0,0.0,0.0,0.0,0.0,0.0,0.0,0.0,0.0,0.0,0.0,0.0,0.0,0.0,0.0,0.0,0.0,0.0,0.0,0.0,0.0,0.0,0.0,0.0,0.0,0.0,0.0,0.0,0.0,0.0,0.0,0.0,0.0,0.0,0.0,0.0,0.0,0.0,0
jtrquinn,0,negative,,0.0,0.0,0.0,0.0,0.0,0.0,0.0,0.0,0.0,0.0,0.0,0.0,0.0,0.0,0.0,0.0,0.0,0.0,0.0,0.0,0.0,0.0,0.0,0.0,0.0,0.0,0.0,0.0,0.0,0.0,0.0,0.0,0.0,0.0,0.0,0.0,0.0,0.0,0.0,0.0,0.0,0.0,0.0,0.0,0.0,0
iramosgutierrez,0,negative,,32.0,29.0,3.0,1.333333,1.208333,0.90625,0.0025,1.641236,584.15625,2584.96875,3169.125,12.5,0.375,0.09375,3.5625,67.0,67.0,0.0,2.37108,2.37108,1.0,0.002778,74.58932,33446.850746,55443.791045,88890.641791,13.268657,0.134328,0.0,3.164179,35.0,38.0,-3.0,1.037747,1.162747,0.09375,0.000278,72.948084,32862.694496,52858.822295,85721.516791,0.768657,-0.240672,-0.09375,-0.398321,99
kishan04rajput,0,negative,,0.0,0.0,0.0,0.0,0.0,0.0,0.0,0.0,0.0,0.0,0.0,0.0,0.0,0.0,0.0,0.0,0.0,0.0,0.0,0.0,0.0,0.0,0.0,0.0,0.0,0.0,0.0,0.0,0.0,0.0,0.0,0.0,0.0,0.0,0.0,0.0,0.0,0.0,0.0,0.0,0.0,0.0,0.0,0.0,0.0,0
matthewwolak,0,negative,,3.0,3.0,0.0,0.125,0.125,1.0,0.022778,0.018056,463.666667,248.333333,712.0,18.0,0.0,0.0,19.0,4.0,4.0,0.0,0.141557,0.141557,1.0,0.004028,0.004167,774.5,642.5,1417.0,26.5,0.0,0.0,37.5,1.0,1.0,0.0,0.016557,0.016557,0.0,-0.01875,-0.013889,310.833333,394.166667,705.0,8.5,0.0,0.0,18.5,7
sinbizkit,0,negative,,0.0,0.0,0.0,0.0,0.0,0.0,0.0,0.0,0.0,0.0,0.0,0.0,0.0,0.0,0.0,0.0,0.0,0.0,0.0,0.0,0.0,0.0,0.0,0.0,0.0,0.0,0.0,0.0,0.0,0.0,0.0,0.0,0.0,0.0,0.0,0.0,0.0,0.0,0.0,0.0,0.0,0.0,0.0,0.0,0.0,0
Andrew-Samoilov,0,negative,,16.0,11.0,5.0,0.666667,0.458333,0.6875,24.6975,43.522449,418.4375,65.25,483.6875,15.125,0.25,0.875,21.1875,6.0,3.0,3.0,0.212336,0.106168,0.5,2.099444,32.236944,809.0,101.0,910.0,34.0,0.0,0.0,53.5,-10.0,-8.0,-2.0,-0.454331,-0.352165,-0.1875,-22.598056,-11.285505,390.5625,35.75,426.3125,18.875,-0.25,-0.875,32.3125,22
alex8ndr,0,negative,,8.0,7.0,1.0,0.333333,0.291667,0.875,1.311944,5.680159,260.25,47.5,307.75,11.375,0.0,0.5,3.375,21.0,21.0,0.0,0.743174,0.743174,1.0,0.093333,9.485265,701.47619,677.142857,1378.619048,9.238095,0.0,0.47619,5.666667,13.0,14.0,-1.0,0.409841,0.451507,0.125,-1.218611,3.805106,441.22619,629.642857,1070.869048,-2.136905,0.0,-0.02381,2.291667,29
lpb1602,0,negative,,0.0,0.0,0.0,0.0,0.0,0.0,0.0,0.0,0.0,0.0,0.0,0.0,0.0,0.0,0.0,0.0,0.0,0.0,0.0,0.0,0.0,0.0,0.0,0.0,0.0,0.0,0.0,0.0,0.0,0.0,0.0,0.0,0.0,0.0,0.0,0.0,0.0,0.0,0.0,0.0,0.0,0.0,0.0,0.0,0.0,0
songhaechan,0,negative,,26.0,22.0,4.0,1.083333,0.916667,0.846154,24.822917,77.548157,579.961538,100.115385,680.076923,16.769231,0.115385,4.923077,3.653846,144.0,141.0,3.0,5.096053,4.989885,0.979167,0.558889,26.377872,854.5,269.756944,1124.256944,20.8125,0.875,3.069444,6.548611,118.0,119.0,-1.0,4.01272,4.073218,0.133013,-24.264028,-51.170285,274.538462,169.641559,444.180021,4.043269,0.759615,-1.853633,2.894765,170
ThePoultryMan,0,negative,,3.0,0.0,3.0,0.125,0.0,0.0,0.0,0.0,13.666667,15.0,28.666667,3.0,1.0,0.0,3.0,5.0,3.0,0.0,0.176946,0.106168,0.6,201.298889,759.149722,384.4,164.2,548.6,14.4,7.2,9.6,10.4,2.0,3.0,-3.0,0.051946,0.106168,0.6,201.298889,759.149722,370.733333,149.2,519.933333,11.4,6.2,9.6,7.4,8
chouinar,0,negative,,64.0,57.0,7.0,2.666667,2.375,0.890625,50.246111,91.97963,455.1875,157.734375,612.921875,12.5625,0.640625,6.15625,9.953125,236.0,223.0,13.0,8.351865,7.891804,0.944915,21.454722,83.255406,266.228814,89.644068,355.872881,5.855932,0.275424,1.288136,6.008475,172.0,166.0,6.0,5.685198,5.516804,0.05429,-28.791389,-8.724224,-188.958686,-68.090307,-257.048994,-6.706568,-0.365201,-4.868114,-3.94465,300
Galfurian,0,negative,,0.0,0.0,0.0,0.0,0.0,0.0,0.0,0.0,0.0,0.0,0.0,0.0,0.0,0.0,0.0,110.0,107.0,2.0,3.892818,3.78665,0.972727,0.044167,16.851768,941.090909,690.490909,1631.581818,35.827273,0.090909,0.063636,9.118182,110.0,107.0,2.0,3.892818,3.78665,0.972727,0.044167,16.851768,941.090909,690.490909,1631.581818,35.827273,0.090909,0.063636,9.118182,110
principle105,0,negative,,22.0,20.0,2.0,0.916667,0.833333,0.909091,0.123889,2.199417,1702.727273,92.136364,1794.863636,7.954545,2.5,0.0,3.136364,54.0,48.0,6.0,1.91102,1.698684,0.888889,0.042917,7.508918,1085.87037,523.37037,1609.240741,9.537037,2.962963,0.0,2.740741,32.0,28.0,4.0,0.994353,0.865351,-0.020202,-0.080972,5.309501,-616.856903,431.234006,-185.622895,1.582492,0.462963,0.0,-0.395623,76
butterswords,0,negative,,3.0,3.0,0.0,0.125,0.125,1.0,0.015,6.395278,75.333333,0.0,75.333333,2.333333,0.0,0.0,3.666667,4.0,4.0,0.0,0.141557,0.141557,1.0,0.008333,0.024722,916.25,11.75,928.0,5.5,0.75,0.0,1.5,1.0,1.0,0.0,0.016557,0.016557,0.0,-0.006667,-6.370556,840.916667,11.75,852.666667,3.166667,0.75,0.0,-2.166667,7
apaixaols,0,negative,,0.0,0.0,0.0,0.0,0.0,0.0,0.0,0.0,0.0,0.0,0.0,0.0,0.0,0.0,0.0,0.0,0.0,0.0,0.0,0.0,0.0,0.0,0.0,0.0,0.0,0.0,0.0,0.0,0.0,0.0,0.0,0.0,0.0,0.0,0.0,0.0,0.0,0.0,0.0,0.0,0.0,0.0,0.0,0.0,0.0,0
NicOudart,0,negative,,0.0,0.0,0.0,0.0,0.0,0.0,0.0,0.0,0.0,0.0,0.0,0.0,0.0,0.0,0.0,1.0,1.0,0.0,0.035389,0.035389,1.0,0.025556,0.025556,7.0,7.0,14.0,4.0,0.0,0.0,1.0,1.0,1.0,0.0,0.035389,0.035389,1.0,0.025556,0.025556,7.0,7.0,14.0,4.0,0.0,0.0,1.0,1
bjohansebas,0,negative,,3.0,2.0,1.0,0.125,0.083333,0.666667,235.105556,235.105556,133.666667,0.666667,134.333333,2.666667,1.666667,0.0,7.666667,297.0,223.0,58.0,10.510609,7.891804,0.750842,314.365556,783.529235,156.639731,146.713805,303.353535,6.141414,2.464646,2.111111,2.979798,294.0,221.0,57.0,10.385609,7.808471,0.084175,79.26,548.423679,22.973064,146.047138,169.020202,3.474747,0.797979,2.111111,-4.686869,300
iolite312,0,negative,,14.0,14.0,0.0,0.583333,0.583333,1.0,0.001944,0.002302,200.714286,76.285714,277.0,12.857143,0.0,0.0,4.071429,64.0,60.0,4.0,2.264912,2.123355,0.9375,0.24625,17.00612,683.34375,270.21875,953.5625,12.65625,0.015625,0.5,11.40625,50.0,46.0,4.0,1.681579,1.540022,-0.0625,0.244306,17.003818,482.629464,193.933036,676.5625,-0.200893,0.015625,0.5,7.334821,78
BenjaminDeporte,0,negative,,0.0,0.0,0.0,0.0,0.0,0.0,0.0,0.0,0.0,0.0,0.0,0.0,0.0,0.0,0.0,0.0,0.0,0.0,0.0,0.0,0.0,0.0,0.0,0.0,0.0,0.0,0.0,0.0,0.0,0.0,0.0,0.0,0.0,0.0,0.0,0.0,0.0,0.0,0.0,0.0,0.0,0.0,0.0,0.0,0.0,0
JonfoxAG,0,negative,,0.0,0.0,0.0,0.0,0.0,0.0,0.0,0.0,0.0,0.0,0.0,0.0,0.0,0.0,0.0,0.0,0.0,0.0,0.0,0.0,0.0,0.0,0.0,0.0,0.0,0.0,0.0,0.0,0.0,0.0,0.0,0.0,0.0,0.0,0.0,0.0,0.0,0.0,0.0,0.0,0.0,0.0,0.0,0.0,0.0,0
koernergb,0,negative,,0.0,0.0,0.0,0.0,0.0,0.0,0.0,0.0,0.0,0.0,0.0,0.0,0.0,0.0,0.0,3.0,3.0,0.0,0.106168,0.106168,1.0,7.561667,8.252222,23995.666667,2.0,23997.666667,2.333333,0.0,0.0,2.0,3.0,3.0,0.0,0.106168,0.106168,1.0,7.561667,8.252222,23995.666667,2.0,23997.666667,2.333333,0.0,0.0,2.0,3
devNmin,0,negative,,1.0,0.0,1.0,0.041667,0.0,0.0,0.0,0.0,1.0,1.0,2.0,1.0,0.0,0.0,1.0,0.0,0.0,0.0,0.0,0.0,0.0,0.0,0.0,0.0,0.0,0.0,0.0,0.0,0.0,0.0,-1.0,0.0,-1.0,-0.041667,0.0,0.0,0.0,0.0,-1.0,-1.0,-2.0,-1.0,0.0,0.0,-1.0,1
jared-richard-clarke,0,negative,,8.0,8.0,0.0,0.333333,0.333333,1.0,0.024861,37.259757,68.375,50.75,119.125,2.375,0.0,0.0,6.625,1.0,1.0,0.0,0.035389,0.035389,1.0,0.029444,0.029444,967.0,443.0,1410.0,5.0,0.0,0.0,70.0,-7.0,-7.0,0.0,-0.297944,-0.297944,0.0,0.004583,-37.230313,898.625,392.25,1290.875,2.625,0.0,0.0,63.375,9
ruben1132,0,negative,,0.0,0.0,0.0,0.0,0.0,0.0,0.0,0.0,0.0,0.0,0.0,0.0,0.0,0.0,0.0,0.0,0.0,0.0,0.0,0.0,0.0,0.0,0.0,0.0,0.0,0.0,0.0,0.0,0.0,0.0,0.0,0.0,0.0,0.0,0.0,0.0,0.0,0.0,0.0,0.0,0.0,0.0,0.0,0.0,0.0,0
tchiotludo,0,negative,,87.0,76.0,11.0,3.625,3.166667,0.873563,12.969583,254.740238,532.54023,637.632184,1170.172414,14.425287,0.850575,1.83908,1.666667,176.0,129.0,43.0,6.228509,4.565214,0.732955,7.916111,120.794109,10493.795455,593.204545,11087.0,25.426136,0.982955,1.471591,4.028409,89.0,53.0,32.0,2.603509,1.398547,-0.140608,-5.053472,-133.946129,9961.255225,-44.427639,9916.827586,11.000849,0.13238,-0.367489,2.361742,263
aitikirala,0,negative,,0.0,0.0,0.0,0.0,0.0,0.0,0.0,0.0,0.0,0.0,0.0,0.0,0.0,0.0,0.0,14.0,13.0,1.0,0.49545,0.46006,0.928571,0.003333,0.220278,937.928571,166.571429,1104.5,6.142857,0.285714,0.0,3.214286,14.0,13.0,1.0,0.49545,0.46006,0.928571,0.003333,0.220278,937.928571,166.571429,1104.5,6.142857,0.285714,0.0,3.214286,14
VaelVictus,0,negative,,2.0,2.0,0.0,0.083333,0.083333,1.0,6781.91,6781.91,1.5,1.5,3.0,1.0,3.5,0.0,2.0,12.0,12.0,0.0,0.424671,0.424671,1.0,2.229861,6.277569,168.666667,67.5,236.166667,7.25,0.0,0.0,1.916667,10.0,10.0,0.0,0.341338,0.341338,0.0,-6779.680139,-6775.632431,167.166667,66.0,233.166667,6.25,-3.5,0.0,-0.083333,14
viliger2,0,negative,,6.0,3.0,3.0,0.25,0.125,0.5,5.13,298.338056,50.833333,4.333333,55.166667,4.833333,2.5,0.0,1.5,25.0,22.0,1.0,0.884731,0.778564,0.88,3.241806,988.327083,980.2,773.6,1753.8,12.68,0.72,0.36,2.04,19.0,19.0,-2.0,0.634731,0.653564,0.38,-1.888194,689.989027,929.366667,769.266667,1698.633333,7.846667,-1.78,0.36,0.54,31
aidenkoog,0,negative,,0.0,0.0,0.0,0.0,0.0,0.0,0.0,0.0,0.0,0.0,0.0,0.0,0.0,0.0,0.0,0.0,0.0,0.0,0.0,0.0,0.0,0.0,0.0,0.0,0.0,0.0,0.0,0.0,0.0,0.0,0.0,0.0,0.0,0.0,0.0,0.0,0.0,0.0,0.0,0.0,0.0,0.0,0.0,0.0,0.0,0
SerkanCicek1,0,negative,,0.0,0.0,0.0,0.0,0.0,0.0,0.0,0.0,0.0,0.0,0.0,0.0,0.0,0.0,0.0,0.0,0.0,0.0,0.0,0.0,0.0,0.0,0.0,0.0,0.0,0.0,0.0,0.0,0.0,0.0,0.0,0.0,0.0,0.0,0.0,0.0,0.0,0.0,0.0,0.0,0.0,0.0,0.0,0.0,0.0,0
Justice-Lu,0,negative,,3.0,3.0,0.0,0.125,0.125,1.0,0.0025,0.002593,4580.0,0.0,4580.0,7.0,0.0,0.0,2.0,1.0,1.0,0.0,0.035389,0.035389,1.0,0.001944,0.001944,609744.0,0.0,609744.0,18.0,0.0,0.0,1.0,-2.0,-2.0,0.0,-0.089611,-0.089611,0.0,-0.000556,-0.000649,605164.0,0.0,605164.0,11.0,0.0,0.0,-1.0,4
quinton-ashley,0,negative,,12.0,7.0,5.0,0.5,0.291667,0.583333,22.783056,130.426548,1066.583333,2066.166667,3132.75,2.083333,2.25,0.416667,1.916667,16.0,13.0,3.0,0.566228,0.46006,0.8125,27.631667,174.906709,83.125,70.4375,153.5625,1.1875,2.125,0.6875,1.4375,4.0,6.0,-2.0,0.066228,0.168393,0.229167,4.848611,44.480161,-983.458333,-1995.729167,-2979.1875,-0.895833,-0.125,0.270833,-0.479167,28
stingo1218,0,negative,,0.0,0.0,0.0,0.0,0.0,0.0,0.0,0.0,0.0,0.0,0.0,0.0,0.0,0.0,0.0,1.0,0.0,0.0,0.035389,0.0,0.0,0.0,0.0,328.0,0.0,328.0,4.0,0.0,0.0,6.0,1.0,0.0,0.0,0.035389,0.0,0.0,0.0,0.0,328.0,0.0,328.0,4.0,0.0,0.0,6.0,1
SharadS28N,0,negative,,1.0,0.0,1.0,0.041667,0.0,0.0,0.0,0.0,57.0,28.0,85.0,1.0,0.0,0.0,1.0,9.0,6.0,2.0,0.318503,0.212336,0.666667,0.197778,0.145926,26.111111,40.666667,66.777778,9.888889,0.444444,0.0,1.0,8.0,6.0,1.0,0.276836,0.212336,0.666667,0.197778,0.145926,-30.888889,12.666667,-18.222222,8.888889,0.444444,0.0,0.0,10
IMYdev,0,negative,,13.0,2.0,11.0,0.541667,0.083333,0.153846,16.9625,16.9625,21.384615,35.230769,56.615385,4.153846,0.0,0.0,2.846154,17.0,9.0,7.0,0.601617,0.318503,0.529412,22.124444,173.810556,69.705882,9.764706,79.470588,4.941176,1.117647,0.176471,3.0,4.0,7.0,-4.0,0.05995,0.23517,0.375566,5.161944,156.848056,48.321267,-25.466063,22.855203,0.78733,1.117647,0.176471,0.153846,30
simoneMaggi,0,negative,,1.0,0.0,0.0,0.041667,0.0,0.0,0.0,0.0,7.0,1.0,8.0,1.0,1.0,0.0,3.0,0.0,0.0,0.0,0.0,0.0,0.0,0.0,0.0,0.0,0.0,0.0,0.0,0.0,0.0,0.0,-1.0,0.0,0.0,-0.041667,0.0,0.0,0.0,0.0,-7.0,-1.0,-8.0,-1.0,-1.0,0.0,-3.0,1
ayoubfaouzi,0,negative,,41.0,40.0,0.0,1.708333,1.666667,0.97561,0.142083,16.471639,319.317073,94.731707,414.04878,7.536585,0.829268,0.0,3.707317,43.0,40.0,1.0,1.521738,1.41557,0.930233,0.026944,16.236257,124.023256,83.488372,207.511628,4.906977,0.162791,0.0,2.767442,2.0,0.0,1.0,-0.186595,-0.251097,-0.045377,-0.115139,-0.235382,-195.293817,-11.243335,-206.537152,-2.629608,-0.666477,0.0,-0.939875,84
jiazhou-garland,0,negative,,0.0,0.0,0.0,0.0,0.0,0.0,0.0,0.0,0.0,0.0,0.0,0.0,0.0,0.0,0.0,1.0,0.0,0.0,0.035389,0.0,0.0,0.0,0.0,8.0,2.0,10.0,5.0,1.0,0.0,1.0,1.0,0.0,0.0,0.035389,0.0,0.0,0.0,0.0,8.0,2.0,10.0,5.0,1.0,0.0,1.0,1
LironEr,0,negative,,101.0,94.0,5.0,4.208333,3.916667,0.930693,0.173333,63.184784,975.386139,588.0,1563.386139,8.871287,1.19802,0.148515,2.257426,45.0,43.0,2.0,1.592517,1.521738,0.955556,0.185278,93.729683,1042.2,565.222222,1607.422222,13.088889,1.333333,0.0,2.822222,-56.0,-51.0,-3.0,-2.615816,-2.394929,0.024863,0.011945,30.544899,66.813861,-22.777778,44.036083,4.217602,0.135313,-0.148515,0.564796,146
masnurrm,0,negative,,36.0,34.0,2.0,1.5,1.416667,0.944444,0.019722,4.666969,796.25,502.638889,1298.888889,9.111111,0.166667,0.138889,3.055556,14.0,14.0,0.0,0.49545,0.49545,1.0,0.076111,0.14625,1369.714286,568.714286,1938.428571,13.357143,0.5,0.928571,7.285714,-22.0,-20.0,-2.0,-1.00455,-0.921217,0.055556,0.056389,-4.520719,573.464286,66.075397,639.539682,4.246032,0.333333,0.789682,4.230158,50
Edward-Roshan,0,negative,,5.0,0.0,5.0,0.208333,0.0,0.0,0.0,0.0,1.2,0.0,1.2,1.0,1.0,0.0,1.0,1.0,0.0,1.0,0.035389,0.0,0.0,0.0,0.0,14.0,0.0,14.0,1.0,11.0,0.0,4.0,-4.0,0.0,-4.0,-0.172944,0.0,0.0,0.0,0.0,12.8,0.0,12.8,0.0,10.0,0.0,3.0,6
AQLT,0,negative,,41.0,40.0,1.0,1.708333,1.666667,0.97561,1.997917,232.845701,125.146341,49.682927,174.829268,9.609756,0.121951,0.0,6.390244,81.0,81.0,0.0,2.86653,2.86653,1.0,0.412222,82.257829,168.604938,65.641975,234.246914,7.395062,0.185185,0.037037,5.740741,40.0,41.0,-1.0,1.158197,1.199863,0.02439,-1.585695,-150.587872,43.458597,15.959048,59.417646,-2.214694,0.063234,0.037037,-0.649503,122
boginyaelna,0,negative,,0.0,0.0,0.0,0.0,0.0,0.0,0.0,0.0,0.0,0.0,0.0,0.0,0.0,0.0,0.0,0.0,0.0,0.0,0.0,0.0,0.0,0.0,0.0,0.0,0.0,0.0,0.0,0.0,0.0,0.0,0.0,0.0,0.0,0.0,0.0,0.0,0.0,0.0,0.0,0.0,0.0,0.0,0.0,0.0,0.0,0
thefaheemkhan,0,negative,,0.0,0.0,0.0,0.0,0.0,0.0,0.0,0.0,0.0,0.0,0.0,0.0,0.0,0.0,0.0,0.0,0.0,0.0,0.0,0.0,0.0,0.0,0.0,0.0,0.0,0.0,0.0,0.0,0.0,0.0,0.0,0.0,0.0,0.0,0.0,0.0,0.0,0.0,0.0,0.0,0.0,0.0,0.0,0.0,0.0,0
SilkRose,0,negative,,60.0,57.0,2.0,2.5,2.375,0.95,67.147778,233.330531,341.733333,312.983333,654.716667,76.35,0.066667,0.05,3.55,18.0,16.0,1.0,0.637007,0.566228,0.888889,135.027222,1263.73441,6429.111111,2.0,6431.111111,126.388889,0.111111,0.0,13.0,-42.0,-41.0,-1.0,-1.862993,-1.808772,-0.061111,67.879444,1030.403879,6087.377778,-310.983333,5776.394444,50.038889,0.044444,-0.05,9.45,78
gjong,0,negative,,2.0,2.0,0.0,0.083333,0.083333,1.0,278.86,278.86,50.5,2.0,52.5,2.0,1.0,0.0,1.0,131.0,129.0,1.0,4.635993,4.565214,0.984733,0.268333,47.383796,1008.053435,1017.473282,2025.526718,45.908397,0.938931,0.526718,3.671756,129.0,127.0,1.0,4.55266,4.481881,-0.015267,-278.591667,-231.476204,957.553435,1015.473282,1973.026718,43.908397,-0.061069,0.526718,2.671756,133
DeepDoge,0,negative,,50.0,42.0,8.0,2.083333,1.75,0.84,0.922778,12.506898,1016.8,425.62,1442.42,13.32,0.56,0.24,5.08,1.0,1.0,0.0,0.035389,0.035389,1.0,4.721111,4.721111,128.0,227.0,355.0,4.0,0.0,0.0,2.0,-49.0,-41.0,-8.0,-2.047944,-1.714611,0.16,3.798333,-7.785787,-888.8,-198.62,-1087.42,-9.32,-0.56,-0.24,-3.08,51
hufort,0,negative,,14.0,13.0,1.0,0.583333,0.541667,0.928571,0.0025,0.197201,122.857143,50.5,173.357143,7.285714,0.0,0.0,4.357143,18.0,17.0,1.0,0.637007,0.601617,0.944444,0.013333,0.058758,120.0,102.333333,222.333333,8.333333,0.0,0.222222,6.444444,4.0,4.0,0.0,0.053674,0.05995,0.015873,0.010833,-0.138443,-2.857143,51.833333,48.97619,1.047619,0.0,0.222222,2.087301,32
alemermartinez,0,negative,,0.0,0.0,0.0,0.0,0.0,0.0,0.0,0.0,0.0,0.0,0.0,0.0,0.0,0.0,0.0,0.0,0.0,0.0,0.0,0.0,0.0,0.0,0.0,0.0,0.0,0.0,0.0,0.0,0.0,0.0,0.0,0.0,0.0,0.0,0.0,0.0,0.0,0.0,0.0,0.0,0.0,0.0,0.0,0.0,0.0,0
AdrianToman1,0,negative,,1.0,1.0,0.0,0.041667,0.041667,1.0,0.675556,0.675556,3.0,3.0,6.0,2.0,1.0,0.0,1.0,0.0,0.0,0.0,0.0,0.0,0.0,0.0,0.0,0.0,0.0,0.0,0.0,0.0,0.0,0.0,-1.0,-1.0,0.0,-0.041667,-0.041667,-1.0,-0.675556,-0.675556,-3.0,-3.0,-6.0,-2.0,-1.0,0.0,-1.0,1
Kyxxn,0,negative,,57.0,53.0,4.0,2.375,2.208333,0.929825,0.002222,0.234659,80591.473684,9075.596491,89667.070175,306.614035,0.017544,0.0,6.631579,211.0,202.0,8.0,7.467133,7.14863,0.957346,3.430694,21.533071,390.080569,107.246445,497.327014,30.203791,0.402844,3.265403,10.473934,154.0,149.0,4.0,5.092133,4.940297,0.027521,3.428472,21.298412,-80201.393115,-8968.350046,-89169.743161,-276.410244,0.3853,3.265403,3.842355,268
juanitaduquer,0,negative,,1.0,1.0,0.0,0.041667,0.041667,1.0,24.206111,24.206111,22.0,24.0,46.0,2.0,0.0,0.0,3.0,1.0,1.0,0.0,0.035389,0.035389,1.0,0.015,0.015,30.0,3.0,33.0,1.0,0.0,0.0,3.0,0.0,0.0,0.0,-0.006278,-0.006278,0.0,-24.191111,-24.191111,8.0,-21.0,-13.0,-1.0,0.0,0.0,0.0,2
C0DE-Z,0,negative,,5.0,5.0,0.0,0.208333,0.208333,1.0,0.0025,32.046833,48.0,13.6,61.6,5.0,0.6,0.0,2.8,3.0,1.0,2.0,0.106168,0.035389,0.333333,0.002222,0.002222,421.666667,333.666667,755.333333,23.0,0.0,2.333333,5.666667,-2.0,-4.0,2.0,-0.102165,-0.172944,-0.666667,-0.000278,-32.044611,373.666667,320.066667,693.733333,18.0,-0.6,2.333333,2.866667,8
rtatigua,0,negative,,1.0,0.0,0.0,0.041667,0.0,0.0,0.0,0.0,1654.0,249.0,1903.0,68.0,0.0,2.0,29.0,2.0,0.0,0.0,0.070779,0.0,0.0,0.0,0.0,15.5,6.0,21.5,2.5,0.0,0.0,4.5,1.0,0.0,0.0,0.029112,0.0,0.0,0.0,0.0,-1638.5,-243.0,-1881.5,-65.5,0.0,-2.0,-24.5,3
haithemelhadj,0,negative,,2.0,2.0,0.0,0.083333,0.083333,1.0,8.072639,8.072639,1491.0,205.0,1696.0,23.5,0.0,0.0,2.5,0.0,0.0,0.0,0.0,0.0,0.0,0.0,0.0,0.0,0.0,0.0,0.0,0.0,0.0,0.0,-2.0,-2.0,0.0,-0.083333,-0.083333,-1.0,-8.072639,-8.072639,-1491.0,-205.0,-1696.0,-23.5,0.0,0.0,-2.5,2
CandleLearner-M,0,negative,,2.0,2.0,0.0,0.083333,0.083333,1.0,0.007361,0.007361,9.0,1.0,10.0,2.0,1.0,0.0,1.5,0.0,0.0,0.0,0.0,0.0,0.0,0.0,0.0,0.0,0.0,0.0,0.0,0.0,0.0,0.0,-2.0,-2.0,0.0,-0.083333,-0.083333,-1.0,-0.007361,-0.007361,-9.0,-1.0,-10.0,-2.0,-1.0,0.0,-1.5,2
tesla1900,0,negative,,0.0,0.0,0.0,0.0,0.0,0.0,0.0,0.0,0.0,0.0,0.0,0.0,0.0,0.0,0.0,0.0,0.0,0.0,0.0,0.0,0.0,0.0,0.0,0.0,0.0,0.0,0.0,0.0,0.0,0.0,0.0,0.0,0.0,0.0,0.0,0.0,0.0,0.0,0.0,0.0,0.0,0.0,0.0,0.0,0.0,0
errorzeroo,0,negative,,0.0,0.0,0.0,0.0,0.0,0.0,0.0,0.0,0.0,0.0,0.0,0.0,0.0,0.0,0.0,0.0,0.0,0.0,0.0,0.0,0.0,0.0,0.0,0.0,0.0,0.0,0.0,0.0,0.0,0.0,0.0,0.0,0.0,0.0,0.0,0.0,0.0,0.0,0.0,0.0,0.0,0.0,0.0,0.0,0.0,0
CoryOConnor94,0,negative,,0.0,0.0,0.0,0.0,0.0,0.0,0.0,0.0,0.0,0.0,0.0,0.0,0.0,0.0,0.0,0.0,0.0,0.0,0.0,0.0,0.0,0.0,0.0,0.0,0.0,0.0,0.0,0.0,0.0,0.0,0.0,0.0,0.0,0.0,0.0,0.0,0.0,0.0,0.0,0.0,0.0,0.0,0.0,0.0,0.0,0
rijofeta,0,negative,,0.0,0.0,0.0,0.0,0.0,0.0,0.0,0.0,0.0,0.0,0.0,0.0,0.0,0.0,0.0,0.0,0.0,0.0,0.0,0.0,0.0,0.0,0.0,0.0,0.0,0.0,0.0,0.0,0.0,0.0,0.0,0.0,0.0,0.0,0.0,0.0,0.0,0.0,0.0,0.0,0.0,0.0,0.0,0.0,0.0,0
cwaldbieser,0,negative,,3.0,1.0,0.0,0.125,0.041667,0.333333,60.03,60.03,11.333333,5.333333,16.666667,2.666667,2.333333,0.0,1.666667,0.0,0.0,0.0,0.0,0.0,0.0,0.0,0.0,0.0,0.0,0.0,0.0,0.0,0.0,0.0,-3.0,-1.0,0.0,-0.125,-0.041667,-0.333333,-60.03,-60.03,-11.333333,-5.333333,-16.666667,-2.666667,-2.333333,0.0,-1.666667,3
Stanfordna,0,negative,,0.0,0.0,0.0,0.0,0.0,0.0,0.0,0.0,0.0,0.0,0.0,0.0,0.0,0.0,0.0,0.0,0.0,0.0,0.0,0.0,0.0,0.0,0.0,0.0,0.0,0.0,0.0,0.0,0.0,0.0,0.0,0.0,0.0,0.0,0.0,0.0,0.0,0.0,0.0,0.0,0.0,0.0,0.0,0.0,0.0,0
YangHao97,0,negative,,0.0,0.0,0.0,0.0,0.0,0.0,0.0,0.0,0.0,0.0,0.0,0.0,0.0,0.0,0.0,0.0,0.0,0.0,0.0,0.0,0.0,0.0,0.0,0.0,0.0,0.0,0.0,0.0,0.0,0.0,0.0,0.0,0.0,0.0,0.0,0.0,0.0,0.0,0.0,0.0,0.0,0.0,0.0,0.0,0.0,0
ProtocolPav,0,negative,,34.0,32.0,2.0,1.416667,1.333333,0.941176,0.015417,0.047543,487.676471,392.941176,880.617647,13.617647,0.088235,0.0,12.676471,248.0,244.0,4.0,8.776536,8.634979,0.983871,0.002778,8.153095,1282.25,533.229839,1815.479839,35.798387,0.008065,0.0,9.21371,214.0,212.0,2.0,7.359869,7.301646,0.042695,-0.012639,8.105552,794.573529,140.288663,934.862192,22.18074,-0.08017,0.0,-3.462761,282
xdivayze,0,negative,,0.0,0.0,0.0,0.0,0.0,0.0,0.0,0.0,0.0,0.0,0.0,0.0,0.0,0.0,0.0,1.0,0.0,0.0,0.035389,0.0,0.0,0.0,0.0,13.0,1.0,14.0,1.0,0.0,0.0,2.0,1.0,0.0,0.0,0.035389,0.0,0.0,0.0,0.0,13.0,1.0,14.0,1.0,0.0,0.0,2.0,1
enuesaa,0,negative,,13.0,13.0,0.0,0.541667,0.541667,1.0,0.0025,0.017415,332.461538,487.615385,820.076923,9.384615,0.076923,0.0,2.615385,13.0,13.0,0.0,0.46006,0.46006,1.0,0.010833,13.828226,349.846154,525.384615,875.230769,8.538462,0.230769,0.076923,3.230769,0.0,0.0,0.0,-0.081607,-0.081607,0.0,0.008333,13.810811,17.384616,37.76923,55.153846,-0.846153,0.153846,0.076923,0.615384,26
nallaperumal007,0,negative,,0.0,0.0,0.0,0.0,0.0,0.0,0.0,0.0,0.0,0.0,0.0,0.0,0.0,0.0,0.0,13.0,12.0,0.0,0.46006,0.424671,0.923077,0.0025,0.013218,1570.307692,201.307692,1771.615385,15.0,0.0,0.0,3.0,13.0,12.0,0.0,0.46006,0.424671,0.923077,0.0025,0.013218,1570.307692,201.307692,1771.615385,15.0,0.0,0.0,3.0,13
LwRed,0,negative,,1.0,1.0,0.0,0.041667,0.041667,1.0,0.005833,0.005833,270.0,25.0,295.0,8.0,0.0,0.0,3.0,0.0,0.0,0.0,0.0,0.0,0.0,0.0,0.0,0.0,0.0,0.0,0.0,0.0,0.0,0.0,-1.0,-1.0,0.0,-0.041667,-0.041667,-1.0,-0.005833,-0.005833,-270.0,-25.0,-295.0,-8.0,0.0,0.0,-3.0,1
RBird111,0,negative,,172.0,168.0,4.0,7.166667,7.0,0.976744,0.001944,0.002801,652.55814,376.383721,1028.94186,6.098837,0.017442,0.0,2.122093,25.0,24.0,0.0,0.884731,0.849342,0.96,0.003333,0.008889,1587.56,15.96,1603.52,10.68,0.08,0.0,3.08,-147.0,-144.0,-4.0,-6.281936,-6.150658,-0.016744,0.001389,0.006088,935.00186,-360.423721,574.57814,4.581163,0.062558,0.0,0.957907,197
omilhano,0,negative,,1.0,1.0,0.0,0.041667,0.041667,1.0,0.618889,0.618889,0.0,0.0,0.0,1.0,1.0,0.0,1.0,1.0,1.0,0.0,0.035389,0.035389,1.0,0.045556,0.045556,19059.0,8.0,19067.0,58.0,0.0,0.0,3.0,0.0,0.0,0.0,-0.006278,-0.006278,0.0,-0.573333,-0.573333,19059.0,8.0,19067.0,57.0,-1.0,0.0,2.0,2
lovermans,0,negative,,1.0,0.0,1.0,0.041667,0.0,0.0,0.0,0.0,1.0,1.0,2.0,1.0,3.0,0.0,1.0,0.0,0.0,0.0,0.0,0.0,0.0,0.0,0.0,0.0,0.0,0.0,0.0,0.0,0.0,0.0,-1.0,0.0,-1.0,-0.041667,0.0,0.0,0.0,0.0,-1.0,-1.0,-2.0,-1.0,-3.0,0.0,-1.0,1
RadxaNaoki,0,negative,,41.0,29.0,12.0,1.708333,1.208333,0.707317,26.555833,115.30908,84.731707,17.609756,102.341463,1.829268,0.658537,0.317073,1.146341,28.0,21.0,7.0,0.990899,0.743174,0.75,81.793056,243.59,1405.142857,60.75,1465.892857,8.857143,3.321429,1.571429,2.714286,-13.0,-8.0,-5.0,-0.717434,-0.465159,0.042683,55.237223,128.28092,1320.41115,43.140244,1363.551394,7.027875,2.662892,1.254356,1.567945,69
jimm,0,negative,,3.0,3.0,0.0,0.125,0.125,1.0,0.013056,43.433426,80.0,25.666667,105.666667,4.0,0.666667,2.0,1.666667,0.0,0.0,0.0,0.0,0.0,0.0,0.0,0.0,0.0,0.0,0.0,0.0,0.0,0.0,0.0,-3.0,-3.0,0.0,-0.125,-0.125,-1.0,-0.013056,-43.433426,-80.0,-25.666667,-105.666667,-4.0,-0.666667,-2.0,-1.666667,3
hanhongju,0,negative,,0.0,0.0,0.0,0.0,0.0,0.0,0.0,0.0,0.0,0.0,0.0,0.0,0.0,0.0,0.0,0.0,0.0,0.0,0.0,0.0,0.0,0.0,0.0,0.0,0.0,0.0,0.0,0.0,0.0,0.0,0.0,0.0,0.0,0.0,0.0,0.0,0.0,0.0,0.0,0.0,0.0,0.0,0.0,0.0,0.0,0
jcmaunsell,0,negative,,8.0,7.0,1.0,0.333333,0.291667,0.875,0.081944,0.158016,28442.375,42.75,28485.125,68.375,0.125,0.0,3.25,13.0,12.0,0.0,0.46006,0.424671,0.923077,20.887917,58.393125,341.692308,13.230769,354.923077,4.384615,1.153846,2.769231,5.615385,5.0,5.0,-1.0,0.126727,0.133004,0.048077,20.805973,58.235109,-28100.682692,-29.519231,-28130.201923,-63.990385,1.028846,2.769231,2.365385,21
YueRen,0,negative,,24.0,24.0,0.0,1.0,1.0,1.0,5.736111,192.31184,183.916667,138.083333,322.0,4.25,3.083333,3.416667,1.458333,94.0,78.0,12.0,3.32659,2.760362,0.829787,49.288889,400.117112,93.531915,49.670213,143.202128,4.244681,3.042553,2.095745,4.212766,70.0,54.0,12.0,2.32659,1.760362,-0.170213,43.552778,207.805272,-90.384752,-88.41312,-178.797872,-0.005319,-0.04078,-1.320922,2.754433,118
TobyNguyen710,0,negative,,0.0,0.0,0.0,0.0,0.0,0.0,0.0,0.0,0.0,0.0,0.0,0.0,0.0,0.0,0.0,71.0,60.0,11.0,2.512637,2.123355,0.84507,2.570278,9.664866,15090.873239,2027.464789,17118.338028,136.169014,0.267606,0.535211,16.943662,71.0,60.0,11.0,2.512637,2.123355,0.84507,2.570278,9.664866,15090.873239,2027.464789,17118.338028,136.169014,0.267606,0.535211,16.943662,71
Vinicius-b-oliveira,0,negative,,0.0,0.0,0.0,0.0,0.0,0.0,0.0,0.0,0.0,0.0,0.0,0.0,0.0,0.0,0.0,1.0,1.0,0.0,0.035389,0.035389,1.0,40.410278,40.410278,151.0,17.0,168.0,6.0,0.0,0.0,4.0,1.0,1.0,0.0,0.035389,0.035389,1.0,40.410278,40.410278,151.0,17.0,168.0,6.0,0.0,0.0,4.0,1
JLeonN,0,negative,,0.0,0.0,0.0,0.0,0.0,0.0,0.0,0.0,0.0,0.0,0.0,0.0,0.0,0.0,0.0,46.0,43.0,2.0,1.627906,1.521738,0.934783,21.275833,354.094632,200.130435,83.26087,283.391304,9.76087,0.23913,3.086957,5.391304,46.0,43.0,2.0,1.627906,1.521738,0.934783,21.275833,354.094632,200.130435,83.26087,283.391304,9.76087,0.23913,3.086957,5.391304,46
jvpcms,0,negative,,0.0,0.0,0.0,0.0,0.0,0.0,0.0,0.0,0.0,0.0,0.0,0.0,0.0,0.0,0.0,49.0,46.0,2.0,1.734074,1.627906,0.938776,0.006806,316.846793,1074.632653,718.959184,1793.591837,7.040816,0.632653,2.795918,6.938776,49.0,46.0,2.0,1.734074,1.627906,0.938776,0.006806,316.846793,1074.632653,718.959184,1793.591837,7.040816,0.632653,2.795918,6.938776,49
AndreaVisma,0,negative,,5.0,5.0,0.0,0.208333,0.208333,1.0,0.006944,0.012889,242.8,11.6,254.4,2.8,0.0,0.0,1.6,0.0,0.0,0.0,0.0,0.0,0.0,0.0,0.0,0.0,0.0,0.0,0.0,0.0,0.0,0.0,-5.0,-5.0,0.0,-0.208333,-0.208333,-1.0,-0.006944,-0.012889,-242.8,-11.6,-254.4,-2.8,0.0,0.0,-1.6,5
jonbarker68,0,negative,,81.0,77.0,4.0,3.375,3.208333,0.950617,0.266667,27.837291,2142.580247,590.753086,2733.333333,19.604938,1.246914,1.518519,9.753086,29.0,26.0,3.0,1.026288,0.920121,0.896552,0.003889,5.481581,1103.206897,131.137931,1234.344828,11.413793,0.206897,0.068966,3.724138,-52.0,-51.0,-1.0,-2.348712,-2.288212,-0.054065,-0.262778,-22.35571,-1039.37335,-459.615155,-1498.988505,-8.191145,-1.040017,-1.449553,-6.028948,110
berry-13,1,commit_search_coauthor,high,76.0,68.0,8.0,3.166667,2.833333,0.894737,17.205694,64.811091,238.934211,59.697368,298.631579,7.828947,1.421053,0.697368,7.421053,224.0,189.0,33.0,7.927193,6.688569,0.84375,14.992222,127.883056,833.705357,304.03125,1137.736607,17.705357,1.388393,1.660714,7.308036,148.0,121.0,25.0,4.760526,3.855236,-0.050987,-2.213472,63.071965,594.771146,244.333882,839.105028,9.87641,-0.03266,0.963346,-0.113017,300
puntasmiling,1,commit_search_coauthor,high,0.0,0.0,0.0,0.0,0.0,0.0,0.0,0.0,0.0,0.0,0.0,0.0,0.0,0.0,0.0,3.0,3.0,0.0,0.106168,0.106168,1.0,0.000278,0.000278,1.0,0.0,1.0,1.0,0.0,0.0,1.0,3.0,3.0,0.0,0.106168,0.106168,1.0,0.000278,0.000278,1.0,0.0,1.0,1.0,0.0,0.0,1.0,3
seniordev1012,1,commit_search_coauthor,high,0.0,0.0,0.0,0.0,0.0,0.0,0.0,0.0,0.0,0.0,0.0,0.0,0.0,0.0,0.0,0.0,0.0,0.0,0.0,0.0,0.0,0.0,0.0,0.0,0.0,0.0,0.0,0.0,0.0,0.0,0.0,0.0,0.0,0.0,0.0,0.0,0.0,0.0,0.0,0.0,0.0,0.0,0.0,0.0,0.0,0
dev-kota,1,commit_search_coauthor,high,0.0,0.0,0.0,0.0,0.0,0.0,0.0,0.0,0.0,0.0,0.0,0.0,0.0,0.0,0.0,0.0,0.0,0.0,0.0,0.0,0.0,0.0,0.0,0.0,0.0,0.0,0.0,0.0,0.0,0.0,0.0,0.0,0.0,0.0,0.0,0.0,0.0,0.0,0.0,0.0,0.0,0.0,0.0,0.0,0.0,0
connect-sheraz,1,commit_search_coauthor,high,0.0,0.0,0.0,0.0,0.0,0.0,0.0,0.0,0.0,0.0,0.0,0.0,0.0,0.0,0.0,0.0,0.0,0.0,0.0,0.0,0.0,0.0,0.0,0.0,0.0,0.0,0.0,0.0,0.0,0.0,0.0,0.0,0.0,0.0,0.0,0.0,0.0,0.0,0.0,0.0,0.0,0.0,0.0,0.0,0.0,0
michellezh94,1,commit_search_coauthor,high,0.0,0.0,0.0,0.0,0.0,0.0,0.0,0.0,0.0,0.0,0.0,0.0,0.0,0.0,0.0,0.0,0.0,0.0,0.0,0.0,0.0,0.0,0.0,0.0,0.0,0.0,0.0,0.0,0.0,0.0,0.0,0.0,0.0,0.0,0.0,0.0,0.0,0.0,0.0,0.0,0.0,0.0,0.0,0.0,0.0,0
cyber-pro1,1,commit_search_coauthor,high,0.0,0.0,0.0,0.0,0.0,0.0,0.0,0.0,0.0,0.0,0.0,0.0,0.0,0.0,0.0,0.0,0.0,0.0,0.0,0.0,0.0,0.0,0.0,0.0,0.0,0.0,0.0,0.0,0.0,0.0,0.0,0.0,0.0,0.0,0.0,0.0,0.0,0.0,0.0,0.0,0.0,0.0,0.0,0.0,0.0,0
aidev0x0,1,commit_search_coauthor,high,0.0,0.0,0.0,0.0,0.0,0.0,0.0,0.0,0.0,0.0,0.0,0.0,0.0,0.0,0.0,10.0,9.0,1.0,0.353893,0.318503,0.9,0.006111,82.95071,179.4,19.4,198.8,2.2,0.3,0.0,1.1,10.0,9.0,1.0,0.353893,0.318503,0.9,0.006111,82.95071,179.4,19.4,198.8,2.2,0.3,0.0,1.1,10
dseisun,1,commit_search_coauthor,high,3.0,3.0,0.0,0.125,0.125,1.0,0.005556,0.017222,218.0,983.666667,1201.666667,4.0,0.0,0.0,1.333333,3.0,3.0,0.0,0.106168,0.106168,1.0,0.008889,107.576481,1328.0,120.666667,1448.666667,13.666667,0.0,1.0,3.666667,0.0,0.0,0.0,-0.018832,-0.018832,0.0,0.003333,107.559259,1110.0,-863.0,247.0,9.666667,0.0,1.0,2.333334,6
armicsoft74,1,commit_search_coauthor,high,0.0,0.0,0.0,0.0,0.0,0.0,0.0,0.0,0.0,0.0,0.0,0.0,0.0,0.0,0.0,0.0,0.0,0.0,0.0,0.0,0.0,0.0,0.0,0.0,0.0,0.0,0.0,0.0,0.0,0.0,0.0,0.0,0.0,0.0,0.0,0.0,0.0,0.0,0.0,0.0,0.0,0.0,0.0,0.0,0.0,0
talltree-eng,1,commit_search_coauthor,high,0.0,0.0,0.0,0.0,0.0,0.0,0.0,0.0,0.0,0.0,0.0,0.0,0.0,0.0,0.0,6.0,4.0,1.0,0.212336,0.141557,0.666667,0.025,0.047222,114.333333,21.833333,136.166667,1.5,0.166667,0.0,0.833333,6.0,4.0,1.0,0.212336,0.141557,0.666667,0.025,0.047222,114.333333,21.833333,136.166667,1.5,0.166667,0.0,0.833333,6
ml0-1337,1,commit_search_coauthor,high,0.0,0.0,0.0,0.0,0.0,0.0,0.0,0.0,0.0,0.0,0.0,0.0,0.0,0.0,0.0,2.0,1.0,1.0,0.070779,0.035389,0.5,3.109444,3.109444,164.5,12.5,177.0,6.5,2.5,1.5,2.5,2.0,1.0,1.0,0.070779,0.035389,0.5,3.109444,3.109444,164.5,12.5,177.0,6.5,2.5,1.5,2.5,2
Andrew-Jayne,1,commit_search_coauthor,high,0.0,0.0,0.0,0.0,0.0,0.0,0.0,0.0,0.0,0.0,0.0,0.0,0.0,0.0,0.0,1.0,0.0,1.0,0.035389,0.0,0.0,0.0,0.0,82.0,17.0,99.0,4.0,2.0,0.0,1.0,1.0,0.0,1.0,0.035389,0.0,0.0,0.0,0.0,82.0,17.0,99.0,4.0,2.0,0.0,1.0,1
ymat19,1,commit_search_coauthor,high,0.0,0.0,0.0,0.0,0.0,0.0,0.0,0.0,0.0,0.0,0.0,0.0,0.0,0.0,0.0,135.0,128.0,4.0,4.77755,4.529825,0.948148,0.087222,8.852756,1478.725926,72.711111,1551.437037,5.562963,0.177778,0.014815,3.222222,135.0,128.0,4.0,4.77755,4.529825,0.948148,0.087222,8.852756,1478.725926,72.711111,1551.437037,5.562963,0.177778,0.014815,3.222222,135
tx-signer450,1,commit_search_coauthor,high,0.0,0.0,0.0,0.0,0.0,0.0,0.0,0.0,0.0,0.0,0.0,0.0,0.0,0.0,0.0,0.0,0.0,0.0,0.0,0.0,0.0,0.0,0.0,0.0,0.0,0.0,0.0,0.0,0.0,0.0,0.0,0.0,0.0,0.0,0.0,0.0,0.0,0.0,0.0,0.0,0.0,0.0,0.0,0.0,0.0,0
meimakes,1,commit_search_coauthor,high,0.0,0.0,0.0,0.0,0.0,0.0,0.0,0.0,0.0,0.0,0.0,0.0,0.0,0.0,0.0,51.0,45.0,5.0,1.804852,1.592517,0.882353,0.005833,6.777525,459.27451,72.705882,531.980392,4.313725,0.235294,0.058824,1.862745,51.0,45.0,5.0,1.804852,1.592517,0.882353,0.005833,6.777525,459.27451,72.705882,531.980392,4.313725,0.235294,0.058824,1.862745,51
icepuma,1,commit_search_coauthor,high,89.0,62.0,23.0,3.708333,2.583333,0.696629,0.619306,26.351541,126.865169,43.280899,170.146067,9.966292,1.033708,0.168539,1.426966,211.0,200.0,11.0,7.467133,7.077851,0.947867,0.073056,35.024237,1057.407583,500.227488,1557.635071,14.170616,1.322275,0.56872,1.322275,122.0,138.0,-12.0,3.7588,4.494518,0.251238,-0.54625,8.672696,930.542414,456.946589,1387.489004,4.204324,0.288567,0.400181,-0.104691,300
aygp-dr,1,commit_search_coauthor,high,0.0,0.0,0.0,0.0,0.0,0.0,0.0,0.0,0.0,0.0,0.0,0.0,0.0,0.0,0.0,56.0,43.0,7.0,1.981798,1.521738,0.767857,0.517778,2.475129,926.589286,62.482143,989.071429,10.0,0.285714,0.053571,3.410714,56.0,43.0,7.0,1.981798,1.521738,0.767857,0.517778,2.475129,926.589286,62.482143,989.071429,10.0,0.285714,0.053571,3.410714,56
oscar-barlow,1,commit_search_coauthor,high,6.0,6.0,0.0,0.25,0.25,1.0,0.030833,0.050278,27.833333,20.333333,48.166667,1.5,0.0,0.0,2.5,156.0,150.0,6.0,5.520724,5.308388,0.961538,0.047222,3.481004,130.865385,45.416667,176.282051,3.833333,0.102564,0.147436,3.314103,150.0,144.0,6.0,5.270724,5.058388,-0.038462,0.016389,3.430726,103.032052,25.083334,128.115384,2.333333,0.102564,0.147436,0.814103,162
hartra344,1,commit_search_coauthor,high,300.0,297.0,3.0,12.5,12.375,0.99,0.018056,5.12765,7938.52,7763.953333,15702.473333,15.32,0.843333,0.353333,2.093333,0.0,0.0,0.0,0.0,0.0,0.0,0.0,0.0,0.0,0.0,0.0,0.0,0.0,0.0,0.0,-300.0,-297.0,-3.0,-12.5,-12.375,-0.99,-0.018056,-5.12765,-7938.52,-7763.953333,-15702.473333,-15.32,-0.843333,-0.353333,-2.093333,300
thecodingcrow,1,commit_search_coauthor,high,6.0,6.0,0.0,0.25,0.25,1.0,18.065694,522.639676,416.833333,629.5,1046.333333,20.0,1.333333,1.5,4.666667,11.0,10.0,0.0,0.389282,0.353893,0.909091,0.005972,0.223333,1667.454545,726.727273,2394.181818,12.818182,0.909091,0.0,2.0,5.0,4.0,0.0,0.139282,0.103893,-0.090909,-18.059722,-522.416343,1250.621212,97.227273,1347.848485,-7.181818,-0.424242,-1.5,-2.666667,17
cli-phantomxmj80p,1,commit_search_coauthor,high,0.0,0.0,0.0,0.0,0.0,0.0,0.0,0.0,0.0,0.0,0.0,0.0,0.0,0.0,0.0,0.0,0.0,0.0,0.0,0.0,0.0,0.0,0.0,0.0,0.0,0.0,0.0,0.0,0.0,0.0,0.0,0.0,0.0,0.0,0.0,0.0,0.0,0.0,0.0,0.0,0.0,0.0,0.0,0.0,0.0,0
john-b-rush,1,commit_search_coauthor,high,0.0,0.0,0.0,0.0,0.0,0.0,0.0,0.0,0.0,0.0,0.0,0.0,0.0,0.0,0.0,45.0,43.0,1.0,1.592517,1.521738,0.955556,0.048333,0.566118,1636.666667,774.066667,2410.733333,16.333333,0.0,0.377778,3.222222,45.0,43.0,1.0,1.592517,1.521738,0.955556,0.048333,0.566118,1636.666667,774.066667,2410.733333,16.333333,0.0,0.377778,3.222222,45
Top-Dev1219,1,commit_search_coauthor,high,0.0,0.0,0.0,0.0,0.0,0.0,0.0,0.0,0.0,0.0,0.0,0.0,0.0,0.0,0.0,9.0,9.0,0.0,0.318503,0.318503,1.0,0.0075,21.431852,11.111111,11.111111,22.222222,2.777778,0.777778,0.111111,1.666667,9.0,9.0,0.0,0.318503,0.318503,1.0,0.0075,21.431852,11.111111,11.111111,22.222222,2.777778,0.777778,0.111111,1.666667,9
skfvp5254alexisgreer,1,commit_search_coauthor,high,0.0,0.0,0.0,0.0,0.0,0.0,0.0,0.0,0.0,0.0,0.0,0.0,0.0,0.0,0.0,0.0,0.0,0.0,0.0,0.0,0.0,0.0,0.0,0.0,0.0,0.0,0.0,0.0,0.0,0.0,0.0,0.0,0.0,0.0,0.0,0.0,0.0,0.0,0.0,0.0,0.0,0.0,0.0,0.0,0.0,0
mu-hun,1,commit_search_coauthor,high,24.0,19.0,5.0,1.0,0.791667,0.791667,0.906111,388.744269,83.666667,66.708333,150.375,2.041667,3.0,0.625,2.083333,117.0,84.0,24.0,4.140543,2.972698,0.717949,2.118611,58.301518,3545.632479,522.025641,4067.65812,9.760684,0.692308,1.615385,2.418803,93.0,65.0,19.0,3.140543,2.181031,-0.073718,1.2125,-330.442751,3461.965812,455.317308,3917.28312,7.719017,-2.307692,0.990385,0.33547,141
mgreenly,1,commit_search_coauthor,high,0.0,0.0,0.0,0.0,0.0,0.0,0.0,0.0,0.0,0.0,0.0,0.0,0.0,0.0,0.0,1.0,1.0,0.0,0.035389,0.035389,1.0,0.532778,0.532778,33095.0,6453.0,39548.0,246.0,0.0,0.0,4.0,1.0,1.0,0.0,0.035389,0.035389,1.0,0.532778,0.532778,33095.0,6453.0,39548.0,246.0,0.0,0.0,4.0,1
roottool,1,commit_search_coauthor,high,208.0,198.0,10.0,8.666667,8.25,0.951923,0.029444,18.958029,170.586538,167.298077,337.884615,4.129808,1.110577,0.024038,2.288462,92.0,90.0,2.0,3.255812,3.185033,0.978261,0.023889,40.192182,257.423913,142.467391,399.891304,3.293478,1.206522,0.163043,3.173913,-116.0,-108.0,-8.0,-5.410855,-5.064967,0.026338,-0.005555,21.234153,86.837375,-24.830686,62.006689,-0.83633,0.095945,0.139005,0.885451,300
takashabe,1,commit_search_coauthor,high,42.0,38.0,4.0,1.75,1.583333,0.904762,0.003611,15.255102,40.357143,8.880952,49.238095,2.02381,0.285714,0.02381,1.761905,68.0,64.0,4.0,2.406469,2.264912,0.941176,0.072222,27.898815,216.308824,120.955882,337.264706,5.264706,0.088235,0.073529,2.602941,26.0,26.0,0.0,0.656469,0.681579,0.036414,0.068611,12.643713,175.951681,112.07493,288.026611,3.240896,-0.197479,0.049719,0.841036,110
d-issy,1,commit_search_coauthor,high,127.0,125.0,2.0,5.291667,5.208333,0.984252,0.011389,17.565247,86.401575,44.818898,131.220472,3.464567,0.007874,0.0,2.661417,173.0,167.0,5.0,6.122341,5.910006,0.965318,0.018611,24.890283,60.046243,57.606936,117.653179,4.242775,0.0,0.0,2.127168,46.0,42.0,3.0,0.830674,0.701673,-0.018934,0.007222,7.325036,-26.355332,12.788038,-13.567293,0.778208,-0.007874,0.0,-0.534249,300
benceruleanlu,1,commit_search_coauthor,high,0.0,0.0,0.0,0.0,0.0,0.0,0.0,0.0,0.0,0.0,0.0,0.0,0.0,0.0,0.0,300.0,257.0,41.0,10.616777,9.095039,0.856667,3.187778,46.137567,1071.78,312.773333,1384.553333,12.223333,2.176667,1.74,14.2,300.0,257.0,41.0,10.616777,9.095039,0.856667,3.187778,46.137567,1071.78,312.773333,1384.553333,12.223333,2.176667,1.74,14.2,300
nikolay-e,1,commit_search_coauthor,high,0.0,0.0,0.0,0.0,0.0,0.0,0.0,0.0,0.0,0.0,0.0,0.0,0.0,0.0,0.0,173.0,146.0,27.0,6.122341,5.166831,0.843931,0.801389,35.148408,6198.260116,2639.127168,8837.387283,18.468208,1.855491,0.468208,1.537572,173.0,146.0,27.0,6.122341,5.166831,0.843931,0.801389,35.148408,6198.260116,2639.127168,8837.387283,18.468208,1.855491,0.468208,1.537572,173
lukelukes,1,commit_search_coauthor,high,0.0,0.0,0.0,0.0,0.0,0.0,0.0,0.0,0.0,0.0,0.0,0.0,0.0,0.0,0.0,26.0,26.0,0.0,0.920121,0.920121,1.0,0.208889,24.341731,715.192308,508.846154,1224.038462,13.769231,0.230769,0.730769,3.192308,26.0,26.0,0.0,0.920121,0.920121,1.0,0.208889,24.341731,715.192308,508.846154,1224.038462,13.769231,0.230769,0.730769,3.192308,26
joo-on,1,commit_search_coauthor,high,0.0,0.0,0.0,0.0,0.0,0.0,0.0,0.0,0.0,0.0,0.0,0.0,0.0,0.0,0.0,300.0,295.0,5.0,10.616777,10.439831,0.983333,0.045,3.344913,163.546667,118.416667,281.963333,9.35,0.03,0.0,1.653333,300.0,295.0,5.0,10.616777,10.439831,0.983333,0.045,3.344913,163.546667,118.416667,281.963333,9.35,0.03,0.0,1.653333,300
GGPrompts,1,commit_search_coauthor,high,0.0,0.0,0.0,0.0,0.0,0.0,0.0,0.0,0.0,0.0,0.0,0.0,0.0,0.0,0.0,6.0,4.0,2.0,0.212336,0.141557,0.666667,26.280278,84.285625,551.5,17.666667,569.166667,6.333333,1.0,0.166667,1.333333,6.0,4.0,2.0,0.212336,0.141557,0.666667,26.280278,84.285625,551.5,17.666667,569.166667,6.333333,1.0,0.166667,1.333333,6
Classic298,1,commit_search_coauthor,high,11.0,2.0,9.0,0.458333,0.083333,0.181818,39.739861,39.739861,4.818182,4.818182,9.636364,1.0,0.727273,0.0,1.090909,289.0,211.0,78.0,10.227495,7.467133,0.730104,0.130833,21.583253,223.211073,123.152249,346.363322,6.391003,1.913495,0.619377,7.750865,278.0,209.0,69.0,9.769162,7.3838,0.548286,-39.609028,-18.156608,218.392891,118.334067,336.726958,5.391003,1.186222,0.619377,6.659956,300
pgatzka,1,commit_search_coauthor,high,0.0,0.0,0.0,0.0,0.0,0.0,0.0,0.0,0.0,0.0,0.0,0.0,0.0,0.0,0.0,239.0,215.0,21.0,8.458032,7.60869,0.899582,0.076667,0.48309,501.225941,31.456067,532.682008,5.748954,0.447699,0.004184,3.125523,239.0,215.0,21.0,8.458032,7.60869,0.899582,0.076667,0.48309,501.225941,31.456067,532.682008,5.748954,0.447699,0.004184,3.125523,239
hmohamed01,1,commit_search_coauthor,high,0.0,0.0,0.0,0.0,0.0,0.0,0.0,0.0,0.0,0.0,0.0,0.0,0.0,0.0,0.0,2.0,1.0,1.0,0.070779,0.035389,0.5,36.598056,36.598056,21.5,0.0,21.5,1.0,1.0,0.0,1.0,2.0,1.0,1.0,0.070779,0.035389,0.5,36.598056,36.598056,21.5,0.0,21.5,1.0,1.0,0.0,1.0,2
duncanmcclean,1,commit_search_coauthor,high,300.0,287.0,13.0,12.5,11.958333,0.956667,0.157222,48.160169,268.163333,394.62,662.783333,6.473333,0.873333,0.036667,4.373333,0.0,0.0,0.0,0.0,0.0,0.0,0.0,0.0,0.0,0.0,0.0,0.0,0.0,0.0,0.0,-300.0,-287.0,-13.0,-12.5,-11.958333,-0.956667,-0.157222,-48.160169,-268.163333,-394.62,-662.783333,-6.473333,-0.873333,-0.036667,-4.373333,300
Secretsuperdevstar,1,commit_search_coauthor,high,0.0,0.0,0.0,0.0,0.0,0.0,0.0,0.0,0.0,0.0,0.0,0.0,0.0,0.0,0.0,0.0,0.0,0.0,0.0,0.0,0.0,0.0,0.0,0.0,0.0,0.0,0.0,0.0,0.0,0.0,0.0,0.0,0.0,0.0,0.0,0.0,0.0,0.0,0.0,0.0,0.0,0.0,0.0,0.0,0.0,0
