login,true_label,predicted_label,predicted_prob,marker_confidence
risingtiger,1,1,0.5859,low
GowayLee,1,0,0.1217,low
mouloud240,1,0,0.4351,low
JS1240,1,1,0.527,low
lgd-matlab,1,1,0.5621,low
Dominion083,1,0,0.3069,low
ralla0405,1,1,0.526,low
Sawa-E,1,1,0.5444,low
johnwinston,1,1,0.925,high
lmnop-95,1,1,0.945,high
awmloveland,1,1,0.9546,high
yAtomtom,1,1,0.806,high
tomobou,1,1,0.8719,high
messi18122022,1,1,0.8274,high
imwra,1,1,0.8541,high
marvymarv79,1,1,0.955,high
tobsai,1,1,0.9651,high
xsyetopz,1,1,0.8669,high
matsuokashuhei,1,1,0.7059,high
vqcoder,1,1,0.9751,high
anthony-spruyt,1,1,0.7467,high
Fishy49,1,1,0.808,high
mfaulhaber,1,1,0.9252,high
kswift1,1,1,0.9812,high
Ktulue,1,1,0.8866,high
SerjRs,1,1,0.8563,high
jeffbNoUI,1,1,0.9702,high
stephenstanwood,1,1,0.9703,high
danielreified,1,1,0.8808,high
ashitaka-emishi,1,1,0.91,high
camyyssa,1,1,0.6841,high
edwarddgao,1,1,0.895,high
kspears,1,1,0.8409,high
Mooyi07,0,0,0.0021,
afcj8,0,0,0.0022,
mosfet80,0,0,0.0303,
israpps,0,0,0.0471,
Grabsky,0,0,0.0169,
thomasvl,0,0,0.0926,
adi3489,0,0,0.0581,
ErickinSegura,0,0,0.0078,
AdiDevClick,0,0,0.0025,
Barugon,0,0,0.0029,
stsykw,0,0,0.0015,
Pawel5sekund,0,0,0.0025,
jvzantvoort,0,0,0.0242,
hannie404,0,0,0.002,
ApolonMore,0,0,0.0639,
degerahmet,0,0,0.017,
Toteya,0,0,0.0024,
XeriChen,0,0,0.0013,
pm-blanco,0,0,0.0177,
nislovskaya,0,0,0.0655,
ralfhandl,0,0,0.0948,
Quantum-Coder826,0,0,0.0132,
kristyelee,0,0,0.0021,
Violet334,0,0,0.0127,
leonardcl,0,0,0.0026,
Gurge44,0,0,0.0579,
HonzaCuhel,0,0,0.0537,
g-kannan,0,0,0.0032,
YoungSam95,0,0,0.0022,
LQ458,0,0,0.0077,
AlyssonDemari,0,0,0.0421,
joaofeteira,0,0,0.1742,
aravindpaz,0,0,0.012,
qorygnsska,0,0,0.002,
renzi-fidele-frontend,0,0,0.0124,
mkraposhin,0,0,0.0656,
RomainMuller,0,0,0.0629,
maxwelldinsmore,0,0,0.0195,
Xamelo,0,0,0.0014,
TimbakTwo,0,0,0.0017,
jhonsoad,0,0,0.0026,
robinson-97,0,0,0.0036,
PKholyavin,0,0,0.0082,
rubin55,0,0,0.0013,
beckykd,0,0,0.1048,
vflame6,0,0,0.0461,
ByronEncinas,0,0,0.0265,
emiramaro,0,0,0.0097,
paggalih,0,0,0.0819,
chiyuemio,0,0,0.0029,
viti1,0,0,0.0114,
bartlomiejfydrych,0,0,0.0809,
alfanzain,0,0,0.0323,
tejas-contentstack,0,0,0.0108,
YoungSIS,0,0,0.0239,
tommasaurus,0,0,0.0068,
zozzzC,0,0,0.002,
Anmepod44,0,0,0.0664,
AlejandroGLo,0,0,0.0017,
pilif139,0,0,0.0019,
haukurhafsteins,0,0,0.0015,
zzltxla,0,0,0.0012,
CuminLo,0,0,0.126,
Yorye-dev,0,0,0.0692,
MikhailZayko,0,0,0.0037,
FrancescoMaca,0,0,0.0207,
tylerachang,0,0,0.0023,
fsoubelet,0,0,0.05,
HyungjuunPark,0,0,0.021,
Siwyyy,0,0,0.0034,
u4y0u,0,0,0.0018,
Titouan-Loeb,0,0,0.0321,
SidharthK2,0,0,0.0028,
jeanrodrigop,0,0,0.0089,
DJopek,0,0,0.0509,
iamseung,0,0,0.0193,
hajin0324,0,0,0.0309,
KusiBehan,0,0,0.0205,
Jakaria6284,0,0,0.0107,
jorgeeberhard,0,0,0.0459,
ziyuan123456789,0,0,0.0922,
schoero,0,0,0.053,
nbbaier,0,0,0.0224,
Miguel-Escobar,0,0,0.0014,
itsDangy,0,0,0.0051,
daudix,0,0,0.0121,
hato78,0,0,0.0078,
zoewangg,0,0,0.1519,
JeejaFR,0,0,0.0085,
rong-xiaoli,0,0,0.0597,
HarunnMetin,0,0,0.0323,
Pir00t,0,0,0.0237,
Diego-Moreira8,0,0,0.0019,
GhoffarFitassin,0,0,0.0073,
ScroodgeM,0,0,0.0025,
chindaronit,0,0,0.005,
LinCanNerd,0,0,0.0012,
meezumi,0,0,0.0018,
amaantootla,0,0,0.0179,
GuNu-Kim,0,0,0.012,
mzuenni,0,0,0.0047,
albertxu216,0,0,0.0071,
Siddharth-Latthe-07,0,0,0.0583,
fathurwithyou,0,0,0.0015,
AnyBananaGAME,0,0,0.0023,
1999AZZAR,0,0,0.0613,
CesaltinoFelix,0,0,0.0198,
OrasanuAna,0,0,0.2617,
Gillibald,0,0,0.061,
SanTiLaguado,0,0,0.0083,
Khushnu,0,0,0.0358,
jaimelias,0,0,0.0547,
stefuthomas,0,0,0.0169,
Ngwaabanjong,0,0,0.0217,
Sam2much96,0,0,0.0349,
Nebucatnetzer,0,0,0.1488,
KwanWooPark97,0,0,0.0278,
illiaBabak,0,0,0.0652,
justcgh9,0,0,0.0332,
infraestructuraidt,0,0,0.0219,
jtrquinn,0,0,0.0071,
iramosgutierrez,0,0,0.0579,
kishan04rajput,0,0,0.0038,
matthewwolak,0,0,0.013,
sinbizkit,0,0,0.0082,
Andrew-Samoilov,0,0,0.048,
alex8ndr,0,0,0.0018,
lpb1602,0,0,0.0129,
songhaechan,0,0,0.013,
ThePoultryMan,0,0,0.0313,
chouinar,0,0,0.2483,
Galfurian,0,0,0.0498,
principle105,0,0,0.0158,
butterswords,0,0,0.0249,
apaixaols,0,0,0.0978,
NicOudart,0,0,0.0284,
bjohansebas,0,0,0.1314,
iolite312,0,0,0.0524,
BenjaminDeporte,0,0,0.0054,
JonfoxAG,0,0,0.0043,
koernergb,0,0,0.0124,
devNmin,0,0,0.0021,
jared-richard-clarke,0,0,0.0126,
ruben1132,0,0,0.0474,
tchiotludo,0,0,0.0584,
aitikirala,0,0,0.0251,
VaelVictus,0,0,0.0574,
viliger2,0,0,0.016,
aidenkoog,0,0,0.0424,
SerkanCicek1,0,0,0.0132,
Justice-Lu,0,0,0.0019,
quinton-ashley,0,0,0.035,
stingo1218,0,0,0.0514,
SharadS28N,0,0,0.0064,
IMYdev,0,0,0.002,
simoneMaggi,0,0,0.0017,
ayoubfaouzi,0,0,0.0551,
jiazhou-garland,0,0,0.0703,
LironEr,0,0,0.0339,
masnurrm,0,0,0.0341,
Edward-Roshan,0,0,0.0021,
AQLT,0,0,0.0143,
boginyaelna,0,0,0.0074,
thefaheemkhan,0,0,0.0033,
SilkRose,0,0,0.0045,
gjong,0,0,0.1225,
DeepDoge,0,0,0.0195,
hufort,0,0,0.046,
alemermartinez,0,0,0.0929,
AdrianToman1,0,0,0.0112,
Kyxxn,0,0,0.0068,
juanitaduquer,0,0,0.0014,
C0DE-Z,0,0,0.0143,
rtatigua,0,0,0.0301,
haithemelhadj,0,0,0.0029,
CandleLearner-M,0,0,0.0385,
tesla1900,0,0,0.0039,
errorzeroo,0,0,0.0143,
CoryOConnor94,0,0,0.0033,
rijofeta,0,0,0.1182,
cwaldbieser,0,0,0.1187,
Stanfordna,0,0,0.0168,
YangHao97,0,0,0.0025,
ProtocolPav,0,0,0.0738,
xdivayze,0,0,0.0579,
enuesaa,0,0,0.271,
nallaperumal007,0,0,0.0062,
LwRed,0,0,0.077,
RBird111,0,0,0.0123,
omilhano,0,0,0.0072,
lovermans,0,0,0.0565,
RadxaNaoki,0,0,0.1363,
jimm,0,0,0.0086,
hanhongju,0,0,0.0169,
jcmaunsell,0,0,0.0192,
YueRen,0,0,0.0228,
TobyNguyen710,0,0,0.0067,
Vinicius-b-oliveira,0,0,0.0027,
JLeonN,0,0,0.0232,
jvpcms,0,0,0.0018,
AndreaVisma,0,0,0.0083,
jonbarker68,0,0,0.1533,
