login,label,discovery_method,marker_confidence,pre_commit_count,pre_mean_message_length,pre_active_weeks,pre_repos_touched,pre_mean_commits_per_active_week,pre_frac_multiline,pre_frac_conventional,pre_frac_mentions_test,pre_frac_has_bullets,pre_mean_inter_commit_hours,pre_frac_burst_commits,pre_sampled_test_cowrite_rate,pre_file_sample_count,pre_mean_pr_body_length,pre_frac_pr_has_body,post_commit_count,post_mean_message_length,post_active_weeks,post_repos_touched,post_mean_commits_per_active_week,post_frac_multiline,post_frac_conventional,post_frac_mentions_test,post_frac_has_bullets,post_mean_inter_commit_hours,post_frac_burst_commits,post_sampled_test_cowrite_rate,post_file_sample_count,post_mean_pr_body_length,post_frac_pr_has_body,delta_commit_count,delta_mean_message_length,delta_active_weeks,delta_repos_touched,delta_mean_commits_per_active_week,delta_frac_multiline,delta_frac_conventional,delta_frac_mentions_test,delta_frac_has_bullets,delta_mean_inter_commit_hours,delta_frac_burst_commits,delta_sampled_test_cowrite_rate,delta_file_sample_count,delta_mean_pr_body_length,delta_frac_pr_has_body
risingtiger,1,code_search,low,14,20.5,6,3,2.33,0.0,0.0,0.0,0.0,590.5,0.538,0.0,2,0.0,0.0,211,64.07,21,4,10.05,0.005,0.9,0.0,0.0,49.76,0.738,0.026,40,1566.0,1.0,197,43.57,15,1,7.72,0.005,0.9,0.0,0.0,-540.74,0.2,0.026,38,1566.0,1.0
GowayLee,1,code_search,low,11,32.18,2,1,5.5,0.091,0.364,0.0,0.0,113.47,0.7,0.0,2,3.0,0.0,111,31.51,10,3,11.1,0.099,0.676,0.0,0.0,108.47,0.418,0.091,22,54.6,0.5,100,-0.67,8,2,5.6,0.008,0.312,0.0,0.0,-5.0,-0.282,0.091,20,51.6,0.5
mouloud240,1,code_search,low,17,25.82,2,3,8.5,0.118,0.0,0.0,0.0,19.93,0.562,0.0,2,0.0,0.0,67,30.63,22,5,3.05,0.164,0.0,0.075,0.0,267.25,0.576,0.5,13,25.78,0.222,50,4.81,20,2,-5.45,0.046,0.0,0.075,0.0,247.32,0.014,0.5,11,25.78,0.222
JS1240,1,code_search,low,52,43.13,3,2,17.33,0.0,0.0,0.0,0.0,8.14,0.804,0.5,9,0.0,0.0,100,68.26,8,4,12.5,0.34,0.07,0.03,0.0,85.07,0.788,0.222,20,815.82,1.0,48,25.13,5,2,-4.83,0.34,0.07,0.03,0.0,76.93,-0.016,-0.278,11,815.82,1.0
lgd-matlab,1,code_search,low,10,17.6,3,1,3.33,0.0,0.0,0.0,0.0,277.12,0.778,0.0,2,0.0,0.0,203,15.06,5,3,40.6,0.0,0.0,0.0,0.0,66.7,0.965,0.0,42,0.0,0.0,193,-2.54,2,2,37.27,0.0,0.0,0.0,0.0,-210.42,0.187,0.0,40,0.0,0.0
Dominion083,1,code_search,low,76,176.05,5,3,15.2,0.974,0.0,0.026,0.868,11.36,0.747,0.0,17,0.0,0.0,14,72.29,3,2,4.67,0.571,0.0,0.571,0.071,402.07,0.615,0.0,2,0.0,0.0,-62,-103.76,-2,-1,-10.53,-0.403,0.0,0.545,-0.797,390.71,-0.132,0.0,-15,0.0,0.0
ralla0405,1,code_search,low,51,45.59,13,3,3.92,0.824,0.0,0.176,0.0,94.7,0.32,0.143,9,0.0,0.0,24,16.29,4,2,6.0,0.0,0.0,0.0,0.0,526.75,0.739,0.0,5,0.0,0.0,-27,-29.3,-9,-1,2.08,-0.824,0.0,-0.176,0.0,432.05,0.419,-0.143,-4,0.0,0.0
Sawa-E,1,code_search,low,189,32.58,19,1,9.95,0.0,0.0,0.0,0.0,19.91,0.707,0.0,38,91.67,0.667,67,37.22,11,5,6.09,0.0,0.06,0.0,0.0,282.21,0.742,0.0,12,3140.5,1.0,-122,4.64,-8,4,-3.86,0.0,0.06,0.0,0.0,262.3,0.035,0.0,-26,3048.83,0.333
johnwinston,1,commit_search_coauthor,high,90,225.47,7,2,12.86,0.767,0.0,0.0,0.4,62.58,0.719,0.125,19,0.0,0.0,34,349.53,2,1,17.0,1.0,0.0,0.0,0.147,0.86,0.939,0.0,5,0.0,0.0,-56,124.06,-5,-1,4.14,0.233,0.0,0.0,-0.253,-61.72,0.22,-0.125,-14,0.0,0.0
lmnop-95,1,commit_search_coauthor,high,31,371.16,5,1,6.2,0.839,0.645,0.387,0.839,21.57,0.133,1.0,8,3996.29,1.0,52,269.87,3,5,17.33,0.885,0.865,0.192,0.538,6.08,0.569,0.6,7,3720.14,1.0,21,-101.29,-2,4,11.13,0.046,0.22,-0.195,-0.301,-15.49,0.436,-0.4,-1,-276.15,0.0
awmloveland,1,commit_search_coauthor,high,65,181.88,2,1,32.5,0.477,0.769,0.031,0.231,3.01,0.781,0.167,14,960.46,1.0,31,349.45,2,1,15.5,1.0,1.0,0.097,0.871,4.85,0.533,0.8,5,885.27,1.0,-34,167.57,0,0,-17.0,0.523,0.231,0.066,0.64,1.84,-0.248,0.633,-9,-75.19,0.0
yAtomtom,1,commit_search_coauthor,high,78,219.4,7,2,11.14,0.782,0.91,0.09,0.218,80.24,0.636,0.0,16,0.0,0.0,28,312.79,2,1,14.0,0.929,1.0,0.107,0.143,6.16,0.667,0.0,5,0.0,0.0,-50,93.39,-5,-1,2.86,0.147,0.09,0.017,-0.075,-74.08,0.031,0.0,-11,0.0,0.0
tomobou,1,commit_search_coauthor,high,58,99.71,8,2,7.25,0.362,0.121,0.172,0.328,378.24,0.596,0.667,10,211.49,0.676,22,115.95,1,1,22.0,0.364,0.409,0.182,0.409,3.53,0.81,0.0,5,108.96,0.56,-36,16.24,-7,-1,14.75,0.002,0.288,0.01,0.081,-374.71,0.214,-0.667,-5,-102.53,-0.116
messi18122022,1,commit_search_coauthor,high,120,76.25,15,5,8.0,0.208,0.0,0.0,0.2,139.14,0.563,0.118,23,84.68,0.293,16,277.06,1,1,16.0,0.75,0.0,0.0,0.562,7.59,0.6,0.0,4,144.07,0.714,-104,200.81,-14,-4,8.0,0.542,0.0,0.0,0.362,-131.55,0.037,-0.118,-19,59.39,0.421
imwra,1,commit_search_coauthor,high,12,225.17,4,3,3.0,0.833,0.333,0.083,0.333,2177.43,0.455,0.0,2,1279.6,0.9,22,163.77,2,1,11.0,1.0,0.182,0.0,0.182,8.68,0.714,1.0,6,641.55,1.0,10,-61.4,-2,-2,8.0,0.167,-0.151,-0.083,-0.151,-2168.75,0.259,1.0,4,-638.05,0.1
marvymarv79,1,commit_search_coauthor,high,21,222.38,3,1,7.0,0.905,0.0,0.048,0.238,74.48,0.9,0.0,4,907.29,1.0,70,351.1,1,1,70.0,0.986,0.0,0.014,0.214,1.24,0.899,0.2,14,1511.21,1.0,49,128.72,-2,0,63.0,0.081,0.0,-0.034,-0.024,-73.24,-0.001,0.2,10,603.92,0.0
tobsai,1,commit_search_coauthor,high,265,207.66,7,5,37.86,0.419,0.789,0.064,0.34,3.91,0.769,0.294,51,1097.67,1.0,83,201.18,1,2,83.0,0.566,0.699,0.241,0.482,0.56,0.939,0.538,18,369.73,1.0,-182,-6.48,-6,-3,45.14,0.147,-0.09,0.177,0.142,-3.35,0.17,0.244,-33,-727.94,0.0
xsyetopz,1,commit_search_coauthor,high,149,181.18,3,2,49.67,0.477,0.0,0.02,0.114,2.66,0.926,0.0,28,0.0,0.0,157,173.05,3,2,52.33,0.529,0.325,0.076,0.083,2.42,0.885,0.5,33,5683.83,1.0,8,-8.13,0,0,2.66,0.052,0.325,0.056,-0.031,-0.24,-0.041,0.5,5,5683.83,1.0
matsuokashuhei,1,commit_search_coauthor,high,80,230.35,10,2,8.0,0.675,0.8,0.0,0.25,357.89,0.62,0.0,14,1572.44,0.96,15,247.07,2,1,7.5,0.8,0.867,0.0,0.333,10.26,0.357,0.0,4,625.44,1.0,-65,16.72,-8,-1,-0.5,0.125,0.067,0.0,0.083,-347.63,-0.263,0.0,-10,-947.0,0.04
vqcoder,1,commit_search_coauthor,high,21,216.52,2,1,10.5,0.571,0.857,0.143,0.381,8.49,0.65,0.25,5,4656.26,1.0,37,252.86,2,2,18.5,0.703,0.946,0.054,0.297,3.88,0.778,0.5,6,615.64,1.0,16,36.34,0,1,8.0,0.132,0.089,-0.089,-0.084,-4.61,0.128,0.25,1,-4040.62,0.0
anthony-spruyt,1,commit_search_coauthor,high,222,203.74,15,4,14.8,0.842,0.932,0.018,0.059,85.95,0.814,1.0,46,5448.69,0.99,19,170.84,1,2,19.0,0.947,0.579,0.0,0.0,1.62,0.944,0.0,3,961.0,1.0,-203,-32.9,-14,-2,4.2,0.105,-0.353,-0.018,-0.059,-84.33,0.13,-1.0,-43,-4487.69,0.01
Fishy49,1,commit_search_coauthor,high,133,34.78,37,3,3.59,0.015,0.008,0.015,0.015,255.21,0.447,0.2,28,5237.71,0.971,11,164.09,1,1,11.0,0.545,0.364,0.091,0.273,2.96,0.6,0.0,1,1838.0,1.0,-122,129.31,-36,-2,7.41,0.53,0.356,0.076,0.258,-252.25,0.153,-0.2,-27,-3399.71,0.029
mfaulhaber,1,commit_search_coauthor,high,41,337.8,4,2,10.25,0.829,0.024,0.122,0.244,27.45,0.425,1.0,8,1074.94,1.0,15,343.53,1,1,15.0,0.867,0.0,0.067,0.533,5.82,0.286,1.0,2,1223.13,1.0,-26,5.73,-3,-1,4.75,0.038,-0.024,-0.055,0.289,-21.63,-0.139,0.0,-6,148.19,0.0
kswift1,1,commit_search_coauthor,high,386,93.32,27,3,14.3,0.329,0.904,0.091,0.288,76.94,0.732,0.167,81,616.38,0.926,33,358.97,1,1,33.0,0.939,0.939,0.0,0.667,1.83,0.812,0.0,2,630.5,0.972,-353,265.65,-26,-2,18.7,0.61,0.035,-0.091,0.379,-75.11,0.08,-0.167,-79,14.12,0.046
Ktulue,1,commit_search_coauthor,high,33,225.67,4,3,8.25,0.848,0.152,0.03,0.424,40.5,0.656,0.667,6,610.45,0.591,22,402.86,3,3,7.33,1.0,0.545,0.136,0.773,10.15,0.429,1.0,4,1358.4,1.0,-11,177.19,-1,0,-0.92,0.152,0.393,0.106,0.349,-30.35,-0.227,0.333,-2,747.95,0.409
SerjRs,1,commit_search_coauthor,high,12,128.58,2,2,6.0,0.667,0.25,0.083,0.167,203.37,0.727,1.0,3,938.5,1.0,17,398.47,2,1,8.5,1.0,1.0,0.647,0.706,3.21,0.812,0.667,3,803.8,1.0,5,269.89,0,-1,2.5,0.333,0.75,0.564,0.539,-200.16,0.085,-0.333,0,-134.7,0.0
jeffbNoUI,1,commit_search_coauthor,high,140,286.11,3,2,46.67,0.821,0.0,0.2,0.336,2.95,0.928,0.647,29,1194.36,0.964,104,356.21,1,1,104.0,0.99,0.029,0.163,0.433,0.95,0.893,0.846,19,1248.88,1.0,-36,70.1,-2,-1,57.33,0.169,0.029,-0.037,0.097,-2.0,-0.035,0.199,-10,54.52,0.036
stephenstanwood,1,commit_search_coauthor,high,146,274.28,3,1,48.67,0.664,0.068,0.0,0.575,2.37,0.745,0.0,28,1268.6,0.948,61,258.28,1,2,61.0,0.607,0.082,0.0,0.443,0.69,0.933,0.0,13,773.14,0.976,-85,-16.0,-2,1,12.33,-0.057,0.014,0.0,-0.132,-1.68,0.188,0.0,-15,-495.46,0.028
danielreified,1,commit_search_coauthor,high,22,230.41,1,1,22.0,1.0,1.0,0.182,0.273,0.18,1.0,1.0,6,8580.33,1.0,14,312.79,2,2,7.0,0.929,0.929,0.071,0.214,10.94,0.923,0.5,2,0.0,0.0,-8,82.38,1,1,-15.0,-0.071,-0.071,-0.111,-0.059,10.76,-0.077,-0.5,-4,-8580.33,-1.0
ashitaka-emishi,1,commit_search_coauthor,high,12,426.75,3,1,4.0,1.0,0.917,0.417,0.833,52.82,0.364,0.5,3,5160.23,1.0,85,352.89,2,1,42.5,0.812,0.953,0.176,0.812,2.91,0.75,0.778,16,1143.23,1.0,73,-73.86,-1,0,38.5,-0.188,0.036,-0.241,-0.021,-49.91,0.386,0.278,13,-4017.0,0.0
camyyssa,1,commit_search_coauthor,high,11,87.91,2,2,5.5,0.364,0.0,0.0,0.0,3286.53,0.9,0.0,3,3346.0,1.0,15,70.0,2,2,7.5,0.067,0.0,0.0,0.067,11.77,0.929,0.0,1,0.0,0.0,4,-17.91,0,0,2.0,-0.297,0.0,0.0,0.067,-3274.76,0.029,0.0,-2,-3346.0,-1.0
edwarddgao,1,commit_search_coauthor,high,54,210.19,11,5,4.91,0.5,0.0,0.037,0.407,423.45,0.472,0.0,8,0.0,0.0,13,216.92,1,1,13.0,0.615,0.0,0.0,0.154,0.34,0.917,0.0,3,0.0,0.0,-41,6.73,-10,-4,8.09,0.115,0.0,-0.037,-0.253,-423.11,0.445,0.0,-5,0.0,0.0
kspears,1,commit_search_coauthor,high,80,67.79,20,3,4.0,0.138,0.013,0.0,0.087,372.51,0.62,0.0,16,383.88,0.75,10,199.2,1,2,10.0,1.0,0.0,0.0,0.2,5.38,0.778,0.0,2,97.4,0.8,-70,131.41,-19,-1,6.0,0.862,-0.013,0.0,0.113,-367.13,0.158,0.0,-14,-286.48,0.05
Mooyi07,0,negative,,19,16.63,6,4,3.17,0.0,0.0,0.0,0.0,133.19,0.667,0.0,3,0.0,0.0,40,29.85,14,4,2.86,0.025,0.0,0.0,0.0,176.08,0.487,0.0,8,0.0,0.0,21,13.22,8,0,-0.31,0.025,0.0,0.0,0.0,42.89,-0.18,0.0,5,0.0,0.0
afcj8,0,negative,,53,17.98,18,5,2.94,0.0,0.0,0.0,0.019,105.35,0.519,0.0,5,0.0,0.0,14,20.93,8,4,1.75,0.071,0.0,0.0,0.0,830.4,0.308,0.0,7,0.0,0.0,-39,2.95,-10,-1,-1.19,0.071,0.0,0.0,-0.019,725.05,-0.211,0.0,2,0.0,0.0
mosfet80,0,negative,,40,109.3,20,1,2.0,0.525,0.0,0.0,0.1,174.79,0.231,0.0,6,1417.0,1.0,208,87.56,72,2,2.89,0.644,0.014,0.0,0.091,91.69,0.188,0.083,43,138.72,0.222,168,-21.74,52,1,0.89,0.119,0.014,0.0,-0.009,-83.1,-0.043,0.083,37,-1278.28,-0.778
israpps,0,negative,,186,51.01,45,4,4.13,0.323,0.0,0.022,0.022,92.67,0.541,0.111,38,51.71,0.371,20,92.55,12,2,1.67,0.8,0.0,0.0,0.25,897.97,0.421,0.0,2,297.59,0.824,-166,41.54,-33,-2,-2.46,0.477,0.0,-0.022,0.228,805.3,-0.12,-0.111,-36,245.88,0.453
Grabsky,0,negative,,90,34.72,16,3,5.62,0.022,0.0,0.0,0.0,172.29,0.506,0.0,20,67.0,0.667,476,36.44,72,5,6.61,0.021,0.0,0.0,0.0,40.92,0.482,0.0,91,169.5,0.5,386,1.72,56,2,0.99,-0.001,0.0,0.0,0.0,-131.37,-0.024,0.0,71,102.5,-0.167
thomasvl,0,negative,,217,132.64,51,3,4.25,0.604,0.0,0.069,0.088,77.67,0.468,1.0,45,0.0,0.0,271,176.46,69,3,3.93,0.745,0.004,0.214,0.1,71.2,0.415,0.0,54,0.0,0.0,54,43.82,18,0,-0.32,0.141,0.004,0.145,0.012,-6.47,-0.053,-1.0,9,0.0,0.0
adi3489,0,negative,,127,33.31,7,1,18.14,0.0,0.0,0.0,1.0,7.98,0.794,0.0,25,0.0,0.0,17,18.12,6,2,2.83,0.0,0.0,0.0,0.0,62.76,0.312,0.0,2,0.0,0.0,-110,-15.19,-1,1,-15.31,0.0,0.0,0.0,-1.0,54.78,-0.482,0.0,-23,0.0,0.0
ErickinSegura,0,negative,,51,22.8,14,5,3.64,0.0,0.0,0.0,0.0,132.16,0.52,0.6,10,0.0,0.0,33,16.03,13,4,2.54,0.0,0.0,0.0,0.0,589.67,0.594,0.0,6,0.0,0.0,-18,-6.77,-1,-1,-1.1,0.0,0.0,0.0,0.0,457.51,0.074,-0.6,-4,0.0,0.0
AdiDevClick,0,negative,,72,50.0,4,5,18.0,0.153,0.0,0.042,0.014,16.56,0.873,0.0,14,0.0,0.0,15,22.6,4,2,3.75,0.0,0.0,0.0,0.0,103.95,0.714,0.0,3,0.0,0.0,-57,-27.4,0,-3,-14.25,-0.153,0.0,-0.042,-0.014,87.39,-0.159,0.0,-11,0.0,0.0
Barugon,0,negative,,108,25.84,26,1,4.15,0.037,0.0,0.0,0.009,115.51,0.57,0.0,17,197.79,0.786,48,26.31,21,1,2.29,0.0,0.0,0.0,0.0,305.92,0.34,0.0,14,116.5,0.556,-60,0.47,-5,0,-1.86,-0.037,0.0,0.0,-0.009,190.41,-0.23,0.0,-3,-81.29,-0.23
stsykw,0,negative,,97,21.2,44,2,2.2,0.0,0.0,0.0,0.0,175.74,0.365,0.0,14,0.0,0.0,128,21.94,66,2,1.94,0.0,0.0,0.0,0.0,140.22,0.252,0.0,31,0.0,0.0,31,0.74,22,0,-0.26,0.0,0.0,0.0,0.0,-35.52,-0.113,0.0,17,0.0,0.0
Pawel5sekund,0,negative,,50,32.42,23,3,2.17,0.0,0.02,0.0,0.02,253.17,0.245,0.8,9,0.0,0.0,11,26.73,8,3,1.38,0.0,0.0,0.0,0.0,755.25,0.0,0.5,4,0.0,0.0,-39,-5.69,-15,0,-0.79,0.0,-0.02,0.0,-0.02,502.08,-0.245,-0.3,-5,0.0,0.0
jvzantvoort,0,negative,,27,22.85,6,2,4.5,0.037,0.0,0.0,0.0,323.83,0.654,0.0,8,7414.24,0.971,17,86.35,9,2,1.89,0.647,0.118,0.0,0.059,1106.79,0.5,0.0,2,7620.97,0.949,-10,63.5,3,0,-2.61,0.61,0.118,0.0,0.059,782.96,-0.154,0.0,-6,206.73,-0.022
hannie404,0,negative,,132,25.66,11,5,12.0,0.03,0.0,0.0,0.015,32.01,0.656,0.333,30,7.29,0.143,102,16.0,32,1,3.19,0.0,0.0,0.0,0.0,115.11,0.069,0.0,16,0.0,0.0,-30,-9.66,21,-4,-8.81,-0.03,0.0,0.0,-0.015,83.1,-0.587,-0.333,-14,-7.29,-0.143
ApolonMore,0,negative,,23,12.3,1,1,23.0,0.0,0.0,0.0,0.0,5.46,0.864,0.0,4,0.0,0.0,11,6.55,2,3,5.5,0.0,0.0,0.0,0.0,280.51,0.9,0.0,3,0.0,0.0,-12,-5.75,1,2,-17.5,0.0,0.0,0.0,0.0,275.05,0.036,0.0,-1,0.0,0.0
degerahmet,0,negative,,90,18.79,5,2,18.0,0.0,0.0,0.0,0.0,83.12,0.921,0.0,18,0.0,0.0,10,49.3,6,2,1.67,0.6,0.0,0.0,0.0,1432.45,0.444,0.0,2,0.0,0.0,-80,30.51,1,0,-16.33,0.6,0.0,0.0,0.0,1349.33,-0.477,0.0,-16,0.0,0.0
Toteya,0,negative,,195,30.96,13,4,15.0,0.0,0.0,0.0,0.041,36.26,0.773,0.0,36,0.0,0.0,26,29.81,5,1,5.2,0.077,0.0,0.0,0.077,147.98,0.6,0.0,8,0.0,0.0,-169,-1.15,-8,-3,-9.8,0.077,0.0,0.0,0.036,111.72,-0.173,0.0,-28,0.0,0.0
XeriChen,0,negative,,69,15.17,10,5,6.9,0.014,0.0,0.0,0.0,60.33,0.824,0.0,15,0.0,0.0,166,24.11,32,3,5.19,0.054,0.006,0.006,0.006,102.81,0.715,0.0,33,0.0,0.0,97,8.94,22,-2,-1.71,0.04,0.006,0.006,0.006,42.48,-0.109,0.0,18,0.0,0.0
pm-blanco,0,negative,,90,59.14,28,2,3.21,0.178,0.0,0.022,0.0,191.7,0.427,0.25,15,0.0,0.0,94,114.12,32,2,2.94,0.383,0.0,0.213,0.223,208.04,0.323,0.571,24,527.5,0.5,4,54.98,4,0,-0.27,0.205,0.0,0.191,0.223,16.34,-0.104,0.321,9,527.5,0.5
nislovskaya,0,negative,,13,95.77,5,2,2.6,0.308,0.0,0.231,0.308,69.77,0.5,1.0,2,0.0,0.0,11,115.82,8,2,1.38,0.818,0.0,0.0,0.182,355.45,0.1,0.5,2,619.77,0.385,-2,20.05,3,0,-1.22,0.51,0.0,-0.231,-0.126,285.68,-0.4,-0.5,0,619.77,0.385
ralfhandl,0,negative,,34,32.26,7,2,4.86,0.147,0.0,0.0,0.0,170.01,0.727,0.0,8,0.0,0.0,253,61.0,44,4,5.75,0.304,0.004,0.079,0.032,66.58,0.492,0.0,49,222.24,0.646,219,28.74,37,2,0.89,0.157,0.004,0.079,0.032,-103.43,-0.235,0.0,41,222.24,0.646
Quantum-Coder826,0,negative,,235,17.03,18,3,13.06,0.004,0.0,0.009,0.0,38.41,0.761,0.0,46,68.0,1.0,118,25.69,30,1,3.93,0.0,0.0,0.0,0.0,152.8,0.624,0.1,24,0.0,0.0,-117,8.66,12,-2,-9.13,-0.004,0.0,-0.009,0.0,114.39,-0.137,0.1,-22,-68.0,-1.0
kristyelee,0,negative,,53,19.85,18,1,2.94,0.038,0.0,0.0,0.0,323.88,0.404,0.0,12,0.0,0.0,15,34.53,11,1,1.36,0.0,0.0,0.0,0.0,718.37,0.0,0.0,2,0.0,0.0,-38,14.68,-7,0,-1.58,-0.038,0.0,0.0,0.0,394.49,-0.404,0.0,-10,0.0,0.0
Violet334,0,negative,,22,41.32,5,3,4.4,0.273,0.0,0.0,0.0,64.34,0.429,0.0,5,0.0,0.0,19,22.58,2,1,9.5,0.053,0.0,0.0,0.0,27.18,0.833,0.0,3,0.0,0.0,-3,-18.74,-3,-2,5.1,-0.22,0.0,0.0,0.0,-37.16,0.404,0.0,-2,0.0,0.0
leonardcl,0,negative,,23,19.57,5,2,4.6,0.043,0.0,0.0,0.0,472.17,0.773,0.0,5,0.0,0.0,12,15.42,2,3,6.0,0.0,0.0,0.0,0.0,35.42,0.818,0.0,4,0.0,0.0,-11,-4.15,-3,1,1.4,-0.043,0.0,0.0,0.0,-436.75,0.045,0.0,-1,0.0,0.0
Gurge44,0,negative,,140,26.51,15,4,9.33,0.214,0.0,0.0,0.007,32.63,0.741,0.0,26,5.0,0.0,201,21.75,8,2,25.12,0.0,0.0,0.0,0.005,82.45,0.75,0.0,40,210.0,0.51,61,-4.76,-7,-2,15.79,-0.214,0.0,0.0,-0.002,49.82,0.009,0.0,14,205.0,0.51
HonzaCuhel,0,negative,,10,22.5,3,3,3.33,0.0,0.0,0.0,0.0,513.63,0.667,0.0,2,0.0,0.0,21,17.24,2,1,10.5,0.0,0.0,0.095,0.0,7.61,0.8,0.0,4,0.0,0.0,11,-5.26,-1,-2,7.17,0.0,0.0,0.095,0.0,-506.02,0.133,0.0,2,0.0,0.0
g-kannan,0,negative,,19,31.21,7,4,2.71,0.053,0.0,0.0,0.0,757.74,0.556,0.0,3,0.0,0.0,22,18.41,4,3,5.5,0.0,0.091,0.0,0.0,411.67,0.667,0.0,3,0.0,0.0,3,-12.8,-3,-1,2.79,-0.053,0.091,0.0,0.0,-346.07,0.111,0.0,0,0.0,0.0
YoungSam95,0,negative,,73,11.18,13,2,5.62,0.0,0.0,0.041,0.0,132.39,0.361,0.0,14,0.0,0.0,200,16.73,29,1,6.9,0.0,0.0,0.0,0.0,23.88,0.005,0.0,40,0.0,0.0,127,5.55,16,-1,1.28,0.0,0.0,-0.041,0.0,-108.51,-0.356,0.0,26,0.0,0.0
LQ458,0,negative,,42,18.05,5,4,8.4,0.048,0.0,0.0,0.0,30.86,0.585,0.25,9,0.0,0.0,23,16.35,14,4,1.64,0.043,0.0,0.0,0.0,707.86,0.318,0.0,3,0.0,0.0,-19,-1.7,9,0,-6.76,-0.005,0.0,0.0,0.0,677.0,-0.267,-0.25,-6,0.0,0.0
AlyssonDemari,0,negative,,11,25.55,1,1,11.0,0.0,0.0,0.0,0.0,0.4,0.9,0.0,2,0.0,0.0,64,20.89,13,4,4.92,0.0,0.0,0.0,0.0,123.38,0.556,0.25,14,0.0,0.0,53,-4.66,12,3,-6.08,0.0,0.0,0.0,0.0,122.98,-0.344,0.25,12,0.0,0.0
joaofeteira,0,negative,,33,34.85,4,3,8.25,0.152,0.0,0.0,0.0,21.69,0.625,0.0,6,0.0,0.0,11,24.64,1,1,11.0,0.364,0.0,0.0,0.0,0.14,1.0,0.0,2,0.0,0.0,-22,-10.21,-3,-2,2.75,0.212,0.0,0.0,0.0,-21.55,0.375,0.0,-4,0.0,0.0
aravindpaz,0,negative,,87,17.48,5,2,17.4,0.0,0.0,0.0,0.0,81.25,0.942,0.0,19,0.0,0.0,12,22.33,4,2,3.0,0.25,0.0,0.0,0.0,183.5,0.727,0.0,2,0.0,0.0,-75,4.85,-1,0,-14.4,0.25,0.0,0.0,0.0,102.25,-0.215,0.0,-17,0.0,0.0
qorygnsska,0,negative,,137,16.26,18,3,7.61,0.0,0.0,0.0,0.0,26.09,0.625,0.091,28,0.0,0.0,76,7.07,21,4,3.62,0.0,0.0,0.0,0.0,100.69,0.133,0.7,15,0.0,0.0,-61,-9.19,3,1,-3.99,0.0,0.0,0.0,0.0,74.6,-0.492,0.609,-13,0.0,0.0
renzi-fidele-frontend,0,negative,,19,16.37,5,4,3.8,0.0,0.0,0.0,0.0,590.51,0.556,1.0,4,0.0,0.0,13,16.0,4,1,3.25,0.0,0.0,0.0,0.0,525.97,0.583,0.0,4,0.0,0.0,-6,-0.37,-1,-3,-0.55,0.0,0.0,0.0,0.0,-64.54,0.027,-1.0,0,0.0,0.0
mkraposhin,0,negative,,153,18.42,22,3,6.95,0.007,0.0,0.0,0.0,76.58,0.776,0.0,32,0.0,0.0,132,20.41,23,5,5.74,0.0,0.0,0.0,0.0,130.11,0.794,0.0,23,31.0,0.333,-21,1.99,1,2,-1.21,-0.007,0.0,0.0,0.0,53.53,0.018,0.0,-9,31.0,0.333
RomainMuller,0,negative,,11,28.64,2,1,5.5,0.0,0.818,0.0,0.0,14.85,0.8,0.0,1,8289.98,1.0,27,31.85,10,1,2.7,0.0,0.889,0.0,0.0,403.57,0.577,0.0,6,6130.53,1.0,16,3.21,8,0,-2.8,0.0,0.071,0.0,0.0,388.72,-0.223,0.0,5,-2159.45,0.0
maxwelldinsmore,0,negative,,48,33.79,3,1,16.0,0.083,0.0,0.0,0.0,15.49,0.872,0.0,9,0.0,0.0,70,46.43,16,3,4.38,0.043,0.0,0.0,0.014,137.99,0.507,0.0,14,0.0,0.0,22,12.64,13,2,-11.62,-0.04,0.0,0.0,0.014,122.5,-0.365,0.0,5,0.0,0.0
Xamelo,0,negative,,75,20.77,28,3,2.68,0.027,0.0,0.0,0.0,150.68,0.446,0.0,15,0.0,0.0,48,19.27,29,3,1.66,0.0,0.0,0.0,0.0,353.1,0.191,0.0,9,0.0,0.0,-27,-1.5,1,0,-1.02,-0.027,0.0,0.0,0.0,202.42,-0.255,0.0,-6,0.0,0.0
TimbakTwo,0,negative,,53,17.85,10,5,5.3,0.0,0.0,0.0,0.0,148.36,0.654,0.0,11,0.0,0.0,21,16.14,10,4,2.1,0.0,0.0,0.0,0.0,112.8,0.0,0.0,3,0.0,0.0,-32,-1.71,0,-1,-3.2,0.0,0.0,0.0,0.0,-35.56,-0.654,0.0,-8,0.0,0.0
jhonsoad,0,negative,,56,38.75,15,3,3.73,0.286,0.0,0.0,0.0,221.94,0.455,0.222,10,10.76,0.118,88,44.24,13,4,6.77,0.216,0.0,0.0,0.0,163.29,0.621,0.462,18,0.0,0.0,32,5.49,-2,1,3.04,-0.07,0.0,0.0,0.0,-58.65,0.166,0.24,8,-10.76,-0.118
robinson-97,0,negative,,16,24.5,4,1,4.0,0.188,0.0,0.0,0.0,81.34,0.667,0.0,3,0.0,0.0,22,27.09,9,4,2.44,0.091,0.0,0.0,0.0,295.11,0.429,0.0,6,0.0,0.0,6,2.59,5,3,-1.56,-0.097,0.0,0.0,0.0,213.77,-0.238,0.0,3,0.0,0.0
PKholyavin,0,negative,,195,16.79,35,5,5.57,0.0,0.0,0.01,0.0,51.56,0.546,0.0,39,0.0,0.0,57,12.89,25,2,2.28,0.0,0.0,0.088,0.0,192.29,0.393,0.0,12,0.0,0.0,-138,-3.9,-10,-3,-3.29,0.0,0.0,0.078,0.0,140.73,-0.153,0.0,-27,0.0,0.0
rubin55,0,negative,,68,37.51,34,2,2.0,0.0,0.0,0.0,0.0,211.39,0.403,0.0,9,313.0,1.0,62,31.68,27,3,2.3,0.0,0.0,0.0,0.0,297.32,0.328,0.0,16,0.0,0.0,-6,-5.83,-7,1,0.3,0.0,0.0,0.0,0.0,85.93,-0.075,0.0,7,-313.0,-1.0
beckykd,0,negative,,42,267.14,25,1,1.68,0.857,0.0,0.024,0.714,206.38,0.098,0.0,9,10496.8,1.0,12,154.17,9,1,1.33,0.667,0.0,0.0,0.5,1269.4,0.091,0.0,1,294.5,1.0,-30,-112.97,-16,0,-0.35,-0.19,0.0,-0.024,-0.214,1063.02,-0.007,0.0,-8,-10202.3,0.0
vflame6,0,negative,,119,33.92,38,3,3.13,0.025,0.0,0.0,0.168,111.4,0.407,0.0,25,0.0,0.0,153,34.08,47,5,3.26,0.033,0.007,0.0,0.033,119.22,0.375,0.5,29,295.5,1.0,34,0.16,9,2,0.13,0.008,0.007,0.0,-0.135,7.82,-0.032,0.5,4,295.5,1.0
ByronEncinas,0,negative,,78,25.95,16,4,4.88,0.154,0.0,0.051,0.0,71.05,0.584,0.429,11,15.0,0.0,243,43.88,30,4,8.1,0.021,0.029,0.123,0.008,62.54,0.69,0.0,52,110.0,1.0,165,17.93,14,0,3.22,-0.133,0.029,0.072,0.008,-8.51,0.106,-0.429,41,95.0,1.0
emiramaro,0,negative,,18,22.22,5,2,3.6,0.0,0.0,0.0,0.0,68.06,0.588,0.0,6,0.0,0.0,57,23.25,7,3,8.14,0.018,0.0,0.0,0.0,277.67,0.875,1.0,8,0.0,0.0,39,1.03,2,1,4.54,0.018,0.0,0.0,0.0,209.61,0.287,1.0,2,0.0,0.0
paggalih,0,negative,,29,17.52,13,2,2.23,0.0,0.0,0.0,0.0,143.85,0.464,0.0,2,0.0,0.0,262,19.62,32,2,8.19,0.0,0.0,0.0,0.0,74.23,0.659,0.0,56,0.0,0.0,233,2.1,19,0,5.96,0.0,0.0,0.0,0.0,-69.62,0.195,0.0,54,0.0,0.0
chiyuemio,0,negative,,23,26.35,5,1,4.6,0.0,0.0,0.0,0.0,55.63,0.318,0.0,4,0.0,0.0,43,22.14,12,3,3.58,0.023,0.0,0.047,0.0,163.33,0.643,0.2,7,0.0,0.0,20,-4.21,7,2,-1.02,0.023,0.0,0.047,0.0,107.7,0.325,0.2,3,0.0,0.0
viti1,0,negative,,27,20.7,8,4,3.38,0.0,0.0,0.037,0.0,454.18,0.538,0.0,6,0.0,0.0,123,30.46,24,4,5.12,0.016,0.0,0.016,0.008,153.21,0.697,0.0,24,0.0,0.0,96,9.76,16,0,1.74,0.016,0.0,-0.021,0.008,-300.97,0.159,0.0,18,0.0,0.0
bartlomiejfydrych,0,negative,,63,42.73,21,1,3.0,0.0,0.0,0.651,0.0,137.79,0.113,1.0,12,0.0,0.0,200,64.61,26,1,7.69,0.0,0.0,0.03,1.0,21.11,0.523,0.885,40,0.0,0.0,137,21.88,5,0,4.69,0.0,0.0,-0.621,1.0,-116.68,0.41,-0.115,28,0.0,0.0
alfanzain,0,negative,,50,29.66,11,4,4.55,0.08,0.44,0.0,0.08,254.82,0.653,1.0,7,0.0,0.0,30,16.0,11,1,2.73,0.0,0.0,0.0,0.0,571.6,0.448,0.0,9,0.0,0.0,-20,-13.66,0,-3,-1.82,-0.08,-0.44,0.0,-0.08,316.78,-0.205,-1.0,2,0.0,0.0
tejas-contentstack,0,negative,,11,23.18,4,2,2.75,0.091,0.0,0.091,0.0,426.26,0.5,0.0,2,0.0,0.0,29,15.03,6,2,4.83,0.0,0.0,0.241,0.0,231.77,0.714,0.2,5,0.0,0.0,18,-8.15,2,0,2.08,-0.091,0.0,0.15,0.0,-194.49,0.214,0.2,3,0.0,0.0
YoungSIS,0,negative,,64,24.48,6,1,10.67,0.031,0.0,0.0,0.0,228.64,0.889,0.0,8,0.0,0.0,126,24.83,15,1,8.4,0.024,0.0,0.0,0.016,120.76,0.848,0.0,30,78.33,0.167,62,0.35,9,0,-2.27,-0.007,0.0,0.0,0.016,-107.88,-0.041,0.0,22,78.33,0.167
tommasaurus,0,negative,,33,39.12,8,5,4.12,0.03,0.0,0.0,0.0,143.23,0.406,0.167,7,0.0,0.0,34,31.29,8,4,4.25,0.029,0.0,0.0,0.0,171.61,0.606,0.0,7,0.0,0.0,1,-7.83,0,-1,0.13,-0.001,0.0,0.0,0.0,28.38,0.2,-0.167,0,0.0,0.0
zozzzC,0,negative,,34,29.88,8,3,4.25,0.118,0.0,0.0,0.0,274.72,0.697,0.0,5,0.0,0.0,12,16.0,7,3,1.71,0.0,0.0,0.0,0.0,1695.94,0.364,0.0,3,0.0,0.0,-22,-13.88,-1,0,-2.54,-0.118,0.0,0.0,0.0,1421.22,-0.333,0.0,-2,0.0,0.0
Anmepod44,0,negative,,14,25.21,2,3,7.0,0.0,0.0,0.0,0.0,1117.22,0.923,0.0,2,0.0,0.0,11,67.27,3,1,3.67,0.455,0.0,0.0,0.0,1283.62,0.8,0.0,1,0.0,0.0,-3,42.06,1,-2,-3.33,0.455,0.0,0.0,0.0,166.4,-0.123,0.0,-1,0.0,0.0
AlejandroGLo,0,negative,,21,25.43,6,4,3.5,0.048,0.0,0.0,0.0,60.1,0.5,0.0,4,0.0,0.0,121,14.85,28,3,4.32,0.0,0.0,0.008,0.033,101.81,0.258,0.048,23,0.0,0.0,100,-10.58,22,-1,0.82,-0.048,0.0,0.008,0.033,41.71,-0.242,0.048,19,0.0,0.0
pilif139,0,negative,,31,46.35,13,3,2.38,0.065,0.0,0.032,0.0,310.44,0.3,0.25,5,0.0,0.0,57,24.33,11,3,5.18,0.0,0.0,0.0,0.0,47.56,0.429,0.0,12,0.0,0.0,26,-22.02,-2,0,2.8,-0.065,0.0,-0.032,0.0,-262.88,0.129,-0.25,7,0.0,0.0
haukurhafsteins,0,negative,,40,28.07,15,3,2.67,0.025,0.0,0.0,0.0,425.26,0.41,0.0,8,0.0,0.0,28,39.11,18,1,1.56,0.071,0.0,0.0,0.0,439.9,0.111,0.0,6,0.0,0.0,-12,11.04,3,-2,-1.11,0.046,0.0,0.0,0.0,14.64,-0.299,0.0,-2,0.0,0.0
zzltxla,0,negative,,23,14.17,5,4,4.6,0.0,0.0,0.0,0.0,404.86,0.455,0.0,5,0.0,0.0,30,17.83,8,2,3.75,0.0,0.0,0.033,0.0,136.18,0.345,0.0,6,0.0,0.0,7,3.66,3,-2,-0.85,0.0,0.0,0.033,0.0,-268.68,-0.11,0.0,1,0.0,0.0
CuminLo,0,negative,,56,61.36,13,2,4.31,0.893,0.0,0.0,0.0,280.91,0.618,0.0,17,0.0,0.0,194,6.13,33,1,5.88,0.0,0.0,0.021,0.0,71.63,0.446,0.0,35,0.0,0.0,138,-55.23,20,-1,1.57,-0.893,0.0,0.021,0.0,-209.28,-0.172,0.0,18,0.0,0.0
Yorye-dev,0,negative,,46,32.41,9,3,5.11,0.63,0.0,0.022,0.0,221.52,0.311,0.0,9,8.0,0.0,24,42.62,7,3,3.43,0.125,0.708,0.042,0.042,281.87,0.261,0.0,5,8.0,0.0,-22,10.21,-2,0,-1.68,-0.505,0.708,0.02,0.042,60.35,-0.05,0.0,-4,0.0,0.0
MikhailZayko,0,negative,,301,41.45,16,4,18.81,0.0,0.0,0.0,0.04,8.4,0.663,0.526,58,0.0,0.0,130,34.52,24,3,5.42,0.0,0.0,0.0,0.031,98.59,0.38,0.444,27,0.0,0.0,-171,-6.93,8,-1,-13.39,0.0,0.0,0.0,-0.009,90.19,-0.283,-0.082,-31,0.0,0.0
FrancescoMaca,0,negative,,11,16.91,2,4,5.5,0.0,0.0,0.0,0.0,32.75,0.9,0.0,2,0.0,0.0,22,32.05,4,4,5.5,0.136,0.0,0.0,0.0,383.96,0.857,0.0,3,0.0,0.0,11,15.14,2,0,0.0,0.136,0.0,0.0,0.0,351.21,-0.043,0.0,1,0.0,0.0
tylerachang,0,negative,,75,21.99,36,5,2.08,0.0,0.0,0.0,0.0,218.45,0.23,0.0,13,0.0,0.0,27,13.3,19,3,1.42,0.0,0.0,0.0,0.0,609.1,0.231,0.0,4,0.0,0.0,-48,-8.69,-17,-2,-0.66,0.0,0.0,0.0,0.0,390.65,0.001,0.0,-9,0.0,0.0
fsoubelet,0,negative,,73,72.05,29,4,2.52,0.192,0.0,0.068,0.151,187.01,0.292,0.462,19,4846.97,0.653,367,28.56,41,5,8.95,0.019,0.0,0.016,0.011,52.65,0.801,0.25,69,4545.2,0.68,294,-43.49,12,1,6.43,-0.173,0.0,-0.052,-0.14,-134.36,0.509,-0.212,50,-301.77,0.027
HyungjuunPark,0,negative,,53,18.15,10,1,5.3,0.0,0.0,0.0,0.0,29.5,0.135,0.0,7,0.0,0.0,367,18.25,90,5,4.08,0.0,0.0,0.0,0.0,53.62,0.21,0.0,76,0.0,0.0,314,0.1,80,4,-1.22,0.0,0.0,0.0,0.0,24.12,0.075,0.0,69,0.0,0.0
Siwyyy,0,negative,,16,28.62,6,2,2.67,0.125,0.0,0.0,0.062,92.64,0.2,0.0,4,0.0,0.0,77,36.03,20,4,3.85,0.052,0.0,0.0,0.026,249.53,0.382,0.0,15,13.0,0.111,61,7.41,14,2,1.18,-0.073,0.0,0.0,-0.036,156.89,0.182,0.0,11,13.0,0.111
u4y0u,0,negative,,194,18.72,35,3,5.54,0.01,0.0,0.0,0.0,69.87,0.466,0.0,40,0.0,0.0,12,18.33,6,1,2.0,0.0,0.0,0.0,0.0,686.79,0.455,0.0,3,0.0,0.0,-182,-0.39,-29,-2,-3.54,-0.01,0.0,0.0,0.0,616.92,-0.011,0.0,-37,0.0,0.0
Titouan-Loeb,0,negative,,30,46.1,8,5,3.75,0.367,0.0,0.033,0.0,554.11,0.448,0.0,5,0.0,0.0,18,26.78,10,1,1.8,0.167,0.0,0.0,0.0,930.93,0.353,0.0,4,0.0,0.0,-12,-19.32,2,-4,-1.95,-0.2,0.0,-0.033,0.0,376.82,-0.095,0.0,-1,0.0,0.0
SidharthK2,0,negative,,37,18.27,8,3,4.62,0.0,0.0,0.0,0.0,158.6,0.667,0.0,6,0.0,0.0,11,50.91,5,1,2.2,0.364,0.0,0.0,0.0,1522.99,0.6,0.0,2,0.0,0.0,-26,32.64,-3,-2,-2.42,0.364,0.0,0.0,0.0,1364.39,-0.067,0.0,-4,0.0,0.0
jeanrodrigop,0,negative,,19,24.0,5,4,3.8,0.211,0.0,0.0,0.0,590.64,0.611,0.0,1,0.0,0.0,43,27.09,15,3,2.87,0.163,0.07,0.0,0.0,414.47,0.571,0.0,11,0.0,0.0,24,3.09,10,-1,-0.93,-0.048,0.07,0.0,0.0,-176.17,-0.04,0.0,10,0.0,0.0
DJopek,0,negative,,172,49.19,24,5,7.17,0.064,0.57,0.023,0.017,35.73,0.515,0.214,34,94.24,0.463,12,19.25,6,1,2.0,0.0,0.583,0.0,0.0,1254.22,0.455,0.0,1,0.0,0.0,-160,-29.94,-18,-4,-5.17,-0.064,0.013,-0.023,-0.017,1218.49,-0.06,-0.214,-33,-94.24,-0.463
iamseung,0,negative,,20,18.35,7,4,2.86,0.1,0.0,0.0,0.0,560.98,0.632,1.0,4,0.0,0.0,209,67.89,40,2,5.22,0.005,0.0,0.0,0.033,71.04,0.303,0.0,43,0.0,0.0,189,49.54,33,-2,2.36,-0.095,0.0,0.0,0.033,-489.94,-0.329,-1.0,39,0.0,0.0
hajin0324,0,negative,,18,18.22,3,2,6.0,0.0,0.0,0.111,0.0,22.91,0.706,0.0,3,0.0,0.0,400,60.64,18,2,22.22,0.0,0.0,0.0,0.253,22.79,0.827,0.032,80,0.0,0.0,382,42.42,15,0,16.22,0.0,0.0,-0.111,0.253,-0.12,0.121,0.032,77,0.0,0.0
KusiBehan,0,negative,,45,29.6,3,3,15.0,0.133,0.0,0.089,0.0,7.07,0.659,0.667,8,0.0,0.0,39,25.85,5,2,7.8,0.0,0.0,0.026,0.0,26.5,0.632,0.143,7,0.0,0.0,-6,-3.75,2,-1,-7.2,-0.133,0.0,-0.063,0.0,19.43,-0.027,-0.524,-1,0.0,0.0
Jakaria6284,0,negative,,19,23.58,5,3,3.8,0.053,0.0,0.0,0.0,105.57,0.333,0.5,5,40.0,0.0,29,18.69,6,5,4.83,0.0,0.0,0.0,0.0,104.42,0.786,0.5,4,0.0,0.0,10,-4.89,1,2,1.03,-0.053,0.0,0.0,0.0,-1.15,0.453,0.0,-1,-40.0,0.0
jorgeeberhard,0,negative,,11,33.18,2,2,5.5,0.0,0.0,0.0,0.0,16.62,0.6,0.0,2,0.0,0.0,100,45.14,14,3,7.14,0.15,0.24,0.09,0.0,86.23,0.515,0.455,19,4.0,0.067,89,11.96,12,1,1.64,0.15,0.24,0.09,0.0,69.61,-0.085,0.455,17,4.0,0.067
ziyuan123456789,0,negative,,42,26.19,6,2,7.0,0.0,0.0,0.0,0.0,21.2,0.415,0.5,7,0.0,0.0,144,22.37,59,4,2.44,0.021,0.0,0.0,0.0,107.23,0.217,0.577,30,2951.55,1.0,102,-3.82,53,2,-4.56,0.021,0.0,0.0,0.0,86.03,-0.198,0.077,23,2951.55,1.0
schoero,0,negative,,182,33.55,12,2,15.17,0.066,0.962,0.027,0.005,91.48,0.801,0.25,34,3070.44,0.821,24,85.08,11,1,2.18,0.333,0.958,0.042,0.25,755.0,0.565,0.8,8,5560.56,0.889,-158,51.53,-1,-1,-12.99,0.267,-0.004,0.015,0.245,663.52,-0.236,0.55,-26,2490.12,0.068
nbbaier,0,negative,,102,20.04,13,5,7.85,0.039,0.039,0.0,0.0,156.45,0.634,0.333,19,0.0,0.0,102,29.12,21,4,4.86,0.039,0.127,0.029,0.0,174.02,0.703,0.0,22,599.0,1.0,0,9.08,8,-1,-2.99,0.0,0.088,0.029,0.0,17.57,0.069,-0.333,3,599.0,1.0
Miguel-Escobar,0,negative,,158,29.81,36,4,4.39,0.089,0.0,0.019,0.0,105.93,0.312,0.474,29,0.0,0.0,49,17.63,14,2,3.5,0.02,0.0,0.041,0.0,184.34,0.271,0.5,12,0.0,0.0,-109,-12.18,-22,-2,-0.89,-0.069,0.0,0.022,0.0,78.41,-0.041,0.026,-17,0.0,0.0
itsDangy,0,negative,,20,26.85,6,2,3.33,0.0,0.0,0.0,0.0,56.94,0.421,0.0,3,0.0,0.0,22,40.32,3,1,7.33,0.182,0.0,0.091,0.0,58.66,0.571,0.333,4,0.88,0.0,2,13.47,-3,-1,4.0,0.182,0.0,0.091,0.0,1.72,0.15,0.333,1,0.88,0.0
daudix,0,negative,,100,21.03,26,5,3.85,0.07,0.1,0.05,0.0,154.87,0.646,0.0,16,0.0,0.0,18,16.11,14,1,1.29,0.0,0.0,0.0,0.0,1009.33,0.118,0.0,6,0.0,0.0,-82,-4.92,-12,-4,-2.56,-0.07,-0.1,-0.05,0.0,854.46,-0.528,0.0,-10,0.0,0.0
hato78,0,negative,,75,19.13,8,2,9.38,0.0,0.0,0.0,0.0,24.58,0.716,0.0,15,0.0,0.0,16,20.31,4,3,4.0,0.0,0.0,0.0,0.0,558.46,0.8,0.0,4,0.0,0.0,-59,1.18,-4,1,-5.38,0.0,0.0,0.0,0.0,533.88,0.084,0.0,-11,0.0,0.0
zoewangg,0,negative,,68,109.78,26,1,2.62,0.397,0.0,0.176,0.353,95.67,0.239,0.778,16,0.0,0.0,132,106.79,49,1,2.69,0.356,0.0,0.167,0.242,90.12,0.214,0.786,24,0.0,0.0,64,-2.99,23,0,0.07,-0.041,0.0,-0.009,-0.111,-5.55,-0.025,0.008,8,0.0,0.0
JeejaFR,0,negative,,47,28.23,6,4,7.83,0.0,0.298,0.0,0.021,133.11,0.5,0.125,10,0.0,0.0,11,21.55,4,3,2.75,0.0,0.545,0.0,0.0,505.8,0.2,0.0,2,0.0,0.0,-36,-6.68,-2,-1,-5.08,0.0,0.247,0.0,-0.021,372.69,-0.3,-0.125,-8,0.0,0.0
rong-xiaoli,0,negative,,137,80.65,20,2,6.85,0.788,0.007,0.022,0.036,72.73,0.5,0.0,29,0.0,0.0,206,19.53,49,3,4.2,0.0,0.0,0.0,0.0,84.78,0.02,0.0,41,402.0,1.0,69,-61.12,29,1,-2.65,-0.788,-0.007,-0.022,-0.036,12.05,-0.48,0.0,12,402.0,1.0
HarunnMetin,0,negative,,40,4.38,4,2,10.0,0.0,0.0,0.0,0.0,11.77,0.513,0.0,10,0.0,0.0,115,6.01,7,3,16.43,0.0,0.0,0.0,0.0,10.34,0.719,0.1,20,0.0,0.0,75,1.63,3,1,6.43,0.0,0.0,0.0,0.0,-1.43,0.206,0.1,10,0.0,0.0
Pir00t,0,negative,,57,17.04,7,1,8.14,0.018,0.0,0.158,0.0,81.92,0.696,0.0,13,0.0,0.0,70,19.43,10,1,7.0,0.014,0.0,0.029,0.014,257.07,0.638,0.0,12,0.0,0.0,13,2.39,3,0,-1.14,-0.004,0.0,-0.129,0.014,175.15,-0.058,0.0,-1,0.0,0.0
Diego-Moreira8,0,negative,,59,22.56,16,5,3.69,0.017,0.0,0.0,0.0,256.26,0.638,0.0,12,0.0,0.0,10,32.7,6,1,1.67,0.2,0.0,0.0,0.0,1898.38,0.222,0.0,2,0.0,0.0,-49,10.14,-10,-4,-2.02,0.183,0.0,0.0,0.0,1642.12,-0.416,0.0,-10,0.0,0.0
GhoffarFitassin,0,negative,,231,25.22,16,5,14.44,0.074,0.095,0.0,0.0,12.49,0.761,0.0,44,5.76,0.0,35,26.2,16,3,2.19,0.0,0.057,0.0,0.0,532.15,0.5,0.0,7,0.0,0.0,-196,0.98,0,-2,-12.25,-0.074,-0.038,0.0,0.0,519.66,-0.261,0.0,-37,-5.76,0.0
ScroodgeM,0,negative,,80,16.81,10,3,8.0,0.0,0.0,0.0,0.013,109.74,0.62,0.0,17,0.0,0.0,184,21.96,30,4,6.13,0.0,0.0,0.005,0.033,103.88,0.628,0.0,38,0.0,0.0,104,5.15,20,1,-1.87,0.0,0.0,0.005,0.02,-5.86,0.008,0.0,21,0.0,0.0
chindaronit,0,negative,,23,19.78,3,4,7.67,0.0,0.0,0.0,0.0,85.75,0.727,1.0,6,0.0,0.0,24,18.29,10,3,2.4,0.0,0.0,0.0,0.0,810.76,0.478,1.0,3,0.0,0.0,1,-1.49,7,-1,-5.27,0.0,0.0,0.0,0.0,725.01,-0.249,0.0,-3,0.0,0.0
LinCanNerd,0,negative,,20,17.55,5,2,4.0,0.1,0.0,0.0,0.0,208.3,0.526,0.0,4,0.0,0.0,37,21.19,7,3,5.29,0.189,0.0,0.054,0.0,87.92,0.639,0.0,7,0.0,0.0,17,3.64,2,1,1.29,0.089,0.0,0.054,0.0,-120.38,0.113,0.0,3,0.0,0.0
meezumi,0,negative,,44,16.61,7,5,6.29,0.023,0.0,0.0,0.0,114.88,0.791,0.0,12,0.0,0.0,23,19.09,8,1,2.88,0.0,0.0,0.0,0.0,788.49,0.545,0.0,3,0.0,0.0,-21,2.48,1,-4,-3.41,-0.023,0.0,0.0,0.0,673.61,-0.246,0.0,-9,0.0,0.0
amaantootla,0,negative,,36,16.94,4,1,9.0,0.0,0.0,0.0,0.0,14.36,0.629,0.0,7,0.0,0.0,57,43.82,8,3,7.12,0.0,0.14,0.123,0.0,202.18,0.75,0.429,11,0.0,0.0,21,26.88,4,2,-1.88,0.0,0.14,0.123,0.0,187.82,0.121,0.429,4,0.0,0.0
GuNu-Kim,0,negative,,16,21.5,5,3,3.2,0.0,0.0,0.062,0.0,309.12,0.333,1.0,3,0.0,0.0,47,52.68,15,3,3.13,0.447,0.0,0.064,0.191,305.15,0.435,0.0,8,14.0,0.0,31,31.18,10,0,-0.07,0.447,0.0,0.002,0.191,-3.97,0.102,-1.0,5,14.0,0.0
mzuenni,0,negative,,141,20.35,42,2,3.36,0.0,0.0,0.007,0.0,101.66,0.379,0.294,25,264.0,1.0,154,21.64,43,2,3.58,0.019,0.0,0.201,0.013,122.82,0.438,0.55,35,123.4,0.4,13,1.29,1,0,0.22,0.019,0.0,0.194,0.013,21.16,0.059,0.256,10,-140.6,-0.6
albertxu216,0,negative,,32,47.5,5,1,6.4,0.125,0.0,0.0,0.125,20.87,0.613,0.0,7,0.0,0.0,55,71.93,27,2,2.04,0.2,0.0,0.0,0.182,186.45,0.204,0.3,11,0.0,0.0,23,24.43,22,1,-4.36,0.075,0.0,0.0,0.057,165.58,-0.409,0.3,4,0.0,0.0
Siddharth-Latthe-07,0,negative,,53,26.28,6,5,8.83,0.019,0.0,0.0,0.0,25.28,0.788,0.0,11,0.0,0.0,10,29.6,2,1,5.0,0.0,0.0,0.0,0.0,93.79,0.889,0.0,1,0.0,0.0,-43,3.32,-4,-4,-3.83,-0.019,0.0,0.0,0.0,68.51,0.101,0.0,-10,0.0,0.0
fathurwithyou,0,negative,,95,18.97,14,4,6.79,0.0,0.0,0.032,0.0,98.61,0.734,0.0,17,0.0,0.0,56,21.36,12,4,4.67,0.0,0.018,0.0,0.0,132.6,0.418,0.0,11,0.0,0.0,-39,2.39,-2,0,-2.12,0.0,0.018,-0.032,0.0,33.99,-0.316,0.0,-6,0.0,0.0
AnyBananaGAME,0,negative,,66,19.82,14,3,4.71,0.045,0.0,0.076,0.0,159.84,0.615,0.5,13,0.0,0.0,18,13.83,10,1,1.8,0.0,0.0,0.0,0.0,880.13,0.235,0.0,2,0.0,0.0,-48,-5.99,-4,-2,-2.91,-0.045,0.0,-0.076,0.0,720.29,-0.38,-0.5,-11,0.0,0.0
1999AZZAR,0,negative,,101,16.27,14,4,7.21,0.059,0.0,0.0,0.0,130.53,0.78,0.5,17,4938.62,1.0,22,181.09,10,1,2.2,0.0,0.136,0.0,0.0,356.85,0.476,0.0,3,0.0,0.0,-79,164.82,-4,-3,-5.01,-0.059,0.136,0.0,0.0,226.32,-0.304,-0.5,-14,-4938.62,-1.0
CesaltinoFelix,0,negative,,23,18.7,7,5,3.29,0.0,0.0,0.043,0.0,160.12,0.591,1.0,5,0.0,0.0,15,15.87,4,1,3.75,0.0,0.0,0.0,0.0,720.3,0.786,0.0,2,0.0,0.0,-8,-2.83,-3,-4,0.46,0.0,0.0,-0.043,0.0,560.18,0.195,-1.0,-3,0.0,0.0
OrasanuAna,0,negative,,11,24.82,4,3,2.75,0.0,0.0,0.0,0.0,948.04,0.2,1.0,2,0.0,0.0,38,28.84,7,5,5.43,0.053,0.0,0.0,0.0,210.11,0.757,0.0,8,4167.0,1.0,27,4.02,3,2,2.68,0.053,0.0,0.0,0.0,-737.93,0.557,-1.0,6,4167.0,1.0
Gillibald,0,negative,,108,75.56,22,1,4.91,0.222,0.0,0.065,0.102,42.44,0.439,0.5,25,1170.0,1.0,92,163.99,54,1,1.7,0.652,0.0,0.261,0.587,207.76,0.055,0.0,15,0.0,0.0,-16,88.43,32,0,-3.21,0.43,0.0,0.196,0.485,165.32,-0.384,-0.5,-10,-1170.0,-1.0
SanTiLaguado,0,negative,,20,15.5,2,2,10.0,0.0,0.0,0.0,0.0,22.86,0.789,0.0,5,0.0,0.0,32,10.5,10,4,3.2,0.0,0.0,0.0,0.0,205.42,0.548,0.0,6,0.0,0.0,12,-5.0,8,2,-6.8,0.0,0.0,0.0,0.0,182.56,-0.241,0.0,1,0.0,0.0
Khushnu,0,negative,,12,14.17,3,4,4.0,0.0,0.0,0.0,0.0,176.57,0.727,1.0,3,0.0,0.0,21,16.0,3,1,7.0,0.0,0.0,0.0,0.0,307.84,0.9,0.0,5,0.0,0.0,9,1.83,0,-3,3.0,0.0,0.0,0.0,0.0,131.27,0.173,-1.0,2,0.0,0.0
jaimelias,0,negative,,15,21.47,3,1,5.0,0.0,0.0,0.0,0.0,18.95,0.714,0.0,4,7445.0,1.0,970,29.92,67,5,14.48,0.0,0.0,0.009,0.007,19.83,0.764,0.0,193,0.0,0.0,955,8.45,64,4,9.48,0.0,0.0,0.009,0.007,0.88,0.05,0.0,189,-7445.0,-1.0
stefuthomas,0,negative,,117,18.11,11,3,10.64,0.026,0.0,0.009,0.0,20.11,0.491,0.0,22,0.0,0.0,87,35.97,8,2,10.88,0.046,0.0,0.034,0.034,15.87,0.453,0.0,16,0.0,0.0,-30,17.86,-3,-1,0.24,0.02,0.0,0.025,0.034,-4.24,-0.038,0.0,-6,0.0,0.0
Ngwaabanjong,0,negative,,52,19.4,16,4,3.25,0.096,0.0,0.0,0.0,322.27,0.569,0.0,12,0.0,0.0,16,18.06,6,2,2.67,0.0,0.0,0.0,0.0,651.81,0.467,0.0,1,0.0,0.0,-36,-1.34,-10,-2,-0.58,-0.096,0.0,0.0,0.0,329.54,-0.102,0.0,-11,0.0,0.0
Sam2much96,0,negative,,91,18.11,15,5,6.07,0.033,0.0,0.0,0.0,117.21,0.722,0.0,15,13.0,0.167,183,38.41,7,3,26.14,0.393,0.0,0.038,0.0,50.74,0.929,0.0,39,0.0,0.0,92,20.3,-8,-2,20.07,0.36,0.0,0.038,0.0,-66.47,0.207,0.0,24,-13.0,-0.167
Nebucatnetzer,0,negative,,188,39.7,21,1,8.95,0.197,0.0,0.069,0.0,46.19,0.749,0.333,36,5186.36,0.833,12,109.25,2,1,6.0,1.0,0.0,0.0,0.0,14.91,0.909,0.0,4,6638.25,1.0,-176,69.55,-19,0,-2.95,0.803,0.0,-0.069,0.0,-31.28,0.16,-0.333,-32,1451.89,0.167
KwanWooPark97,0,negative,,65,11.58,20,5,3.25,0.0,0.0,0.0,0.0,50.31,0.062,0.5,11,0.0,0.0,27,16.78,8,5,3.38,0.0,0.0,0.0,0.0,187.29,0.615,0.0,5,0.0,0.0,-38,5.2,-12,0,0.13,0.0,0.0,0.0,0.0,136.98,0.553,-0.5,-6,0.0,0.0
illiaBabak,0,negative,,53,55.6,19,5,2.79,0.585,0.0,0.0,0.0,87.78,0.519,0.25,10,0.0,0.0,28,17.18,13,5,2.15,0.0,0.0,0.0,0.0,633.78,0.407,0.5,5,0.0,0.0,-25,-38.42,-6,0,-0.64,-0.585,0.0,0.0,0.0,546.0,-0.112,0.25,-5,0.0,0.0
justcgh9,0,negative,,34,43.38,5,2,6.8,0.029,0.0,0.0,0.0,77.72,0.576,0.0,6,19.0,0.0,94,20.77,5,2,18.8,0.032,0.011,0.021,0.0,8.04,0.839,0.167,18,0.0,0.0,60,-22.61,0,0,12.0,0.003,0.011,0.021,0.0,-69.68,0.263,0.167,12,-19.0,0.0
infraestructuraidt,0,negative,,18,21.94,1,1,18.0,0.056,0.0,0.0,0.0,3.68,0.882,0.0,4,0.0,0.0,20,22.95,3,1,6.67,0.05,0.0,0.0,0.0,521.62,0.842,0.0,3,0.0,0.0,2,1.01,2,0,-11.33,-0.006,0.0,0.0,0.0,517.94,-0.04,0.0,-1,0.0,0.0
jtrquinn,0,negative,,18,15.39,6,2,3.0,0.0,0.0,0.0,0.0,60.65,0.647,0.0,5,0.0,0.0,72,25.17,10,2,7.2,0.0,0.0,0.0,0.0,146.76,0.746,0.0,12,0.0,0.0,54,9.78,4,0,4.2,0.0,0.0,0.0,0.0,86.11,0.099,0.0,7,0.0,0.0
iramosgutierrez,0,negative,,171,43.7,23,4,7.43,0.421,0.0,0.018,0.0,102.11,0.635,0.0,35,31.88,0.25,44,38.64,10,5,4.4,0.295,0.0,0.023,0.0,433.76,0.674,0.0,8,16.9,0.1,-127,-5.06,-13,1,-3.03,-0.126,0.0,0.005,0.0,331.65,0.039,0.0,-27,-14.98,-0.15
kishan04rajput,0,negative,,27,17.26,5,2,5.4,0.0,0.0,0.0,0.0,69.19,0.731,0.0,5,0.0,0.0,129,18.12,21,4,6.14,0.0,0.0,0.016,0.0,65.81,0.633,0.118,25,0.0,0.0,102,0.86,16,2,0.74,0.0,0.0,0.016,0.0,-3.38,-0.098,0.118,20,0.0,0.0
matthewwolak,0,negative,,35,47.57,6,2,5.83,0.057,0.0,0.0,0.0,302.0,0.676,0.0,5,69.0,1.0,47,91.81,7,1,6.71,0.277,0.0,0.0,0.277,72.23,0.717,0.0,10,25.5,0.0,12,44.24,1,-1,0.88,0.22,0.0,0.0,0.277,-229.77,0.041,0.0,5,-43.5,-1.0
sinbizkit,0,negative,,69,45.97,20,1,3.45,0.145,0.174,0.0,0.058,137.53,0.338,0.0,9,69.17,0.5,132,44.13,43,2,3.07,0.03,0.864,0.0,0.03,148.34,0.382,0.0,32,0.0,0.0,63,-1.84,23,1,-0.38,-0.115,0.69,0.0,-0.028,10.81,0.044,0.0,23,-69.17,-0.5
Andrew-Samoilov,0,negative,,94,20.04,19,1,4.95,0.117,0.0,0.245,0.0,187.19,0.204,0.45,21,0.0,0.0,15,16.47,3,1,5.0,0.0,0.2,0.067,0.067,76.96,0.357,0.2,5,0.0,0.0,-79,-3.57,-16,0,0.05,-0.117,0.2,-0.178,0.067,-110.23,0.153,-0.25,-16,0.0,0.0
alex8ndr,0,negative,,120,26.48,10,3,12.0,0.008,0.0,0.0,0.0,135.22,0.824,0.0,27,0.0,0.0,87,21.98,20,4,4.35,0.034,0.0,0.0,0.0,223.98,0.453,0.0,13,0.0,0.0,-33,-4.5,10,1,-7.65,0.026,0.0,0.0,0.0,88.76,-0.371,0.0,-14,0.0,0.0
lpb1602,0,negative,,15,26.6,2,1,7.5,0.0,0.0,0.0,0.0,14.13,0.857,0.0,3,0.0,0.0,31,25.52,6,3,5.17,0.0,0.0,0.0,0.0,176.87,0.533,0.0,5,0.0,0.0,16,-1.08,4,2,-2.33,0.0,0.0,0.0,0.0,162.74,-0.324,0.0,2,0.0,0.0
songhaechan,0,negative,,88,19.03,26,4,3.38,0.159,0.0,0.0,0.057,70.18,0.345,0.0,15,0.0,0.0,12,18.17,4,3,3.0,0.0,0.5,0.0,0.0,1712.5,0.545,0.0,4,0.0,0.0,-76,-0.86,-22,-1,-0.38,-0.159,0.5,0.0,-0.057,1642.32,0.2,0.0,-11,0.0,0.0
ThePoultryMan,0,negative,,403,26.81,29,5,13.9,0.035,0.0,0.005,0.0,33.15,0.776,0.0,84,123.89,0.222,37,29.41,10,1,3.7,0.0,0.622,0.0,0.0,342.04,0.639,0.0,5,0.0,0.0,-366,2.6,-19,-4,-10.2,-0.035,0.622,-0.005,0.0,308.89,-0.137,0.0,-79,-123.89,-0.222
chouinar,0,negative,,23,142.17,8,1,2.88,0.783,0.0,0.0,0.087,62.4,0.364,0.75,4,0.0,0.0,86,469.77,31,1,2.77,0.988,0.0,0.186,0.233,83.53,0.224,0.857,17,0.0,0.0,63,327.6,23,0,-0.11,0.205,0.0,0.186,0.146,21.13,-0.14,0.107,13,0.0,0.0
Galfurian,0,negative,,49,46.41,7,2,7.0,0.143,0.0,0.061,0.0,321.5,0.729,0.5,9,230.5,1.0,27,120.85,4,3,6.75,0.407,0.111,0.0,0.296,239.11,0.808,0.333,5,195.0,1.0,-22,74.44,-3,1,-0.25,0.264,0.111,-0.061,0.296,-82.39,0.079,-0.167,-4,-35.5,0.0
principle105,0,negative,,17,15.41,13,1,1.31,0.0,0.0,0.0,0.0,845.17,0.125,0.0,2,0.0,0.0,13,19.0,8,1,1.62,0.0,0.0,0.0,0.0,1015.07,0.417,0.0,2,0.0,0.0,-4,3.59,-5,0,0.31,0.0,0.0,0.0,0.0,169.9,0.292,0.0,0,0.0,0.0
butterswords,0,negative,,38,29.24,12,3,3.17,0.079,0.0,0.026,0.0,392.4,0.514,0.0,7,1389.0,0.5,21,39.71,5,2,4.2,0.333,0.0,0.095,0.0,63.45,0.5,1.0,3,110.5,1.0,-17,10.47,-7,-1,1.03,0.254,0.0,0.069,0.0,-328.95,-0.014,1.0,-4,-1278.5,0.5
apaixaols,0,negative,,22,7.55,7,3,3.14,0.0,0.0,0.0,0.0,122.37,0.714,0.0,5,0.0,0.0,107,1.35,7,2,15.29,0.0,0.0,0.0,0.0,12.9,0.943,0.0,22,0.0,0.0,85,-6.2,0,-1,12.15,0.0,0.0,0.0,0.0,-109.47,0.229,0.0,17,0.0,0.0
NicOudart,0,negative,,49,60.67,4,1,12.25,0.061,0.0,0.061,0.0,17.12,0.771,0.286,12,0.0,0.0,565,45.34,59,5,9.58,0.119,0.0,0.087,0.046,33.99,0.447,0.333,109,0.0,0.0,516,-15.33,55,4,-2.67,0.058,0.0,0.026,0.046,16.87,-0.324,0.047,97,0.0,0.0
bjohansebas,0,negative,,92,36.6,15,4,6.13,0.0,0.576,0.0,0.0,98.92,0.484,0.0,19,0.0,0.0,346,36.89,23,3,15.04,0.026,0.91,0.058,0.0,49.93,0.757,0.139,68,4666.29,1.0,254,0.29,8,-1,8.91,0.026,0.334,0.058,0.0,-48.99,0.273,0.139,49,4666.29,1.0
iolite312,0,negative,,72,30.47,12,5,6.0,0.097,0.0,0.0,0.0,206.54,0.789,0.0,14,5093.0,0.3,15,125.6,8,2,1.88,1.0,0.0,0.0,0.0,394.41,0.357,0.0,4,8004.53,1.0,-57,95.13,-4,-3,-4.12,0.903,0.0,0.0,0.0,187.87,-0.432,0.0,-10,2911.53,0.7
BenjaminDeporte,0,negative,,106,20.21,13,2,8.15,0.0,0.0,0.019,0.0,91.51,0.495,0.0,21,0.0,0.0,27,16.22,9,4,3.0,0.0,0.0,0.0,0.037,179.16,0.231,0.0,6,0.0,0.0,-79,-3.99,-4,2,-5.15,0.0,0.0,-0.019,0.037,87.65,-0.264,0.0,-15,0.0,0.0
JonfoxAG,0,negative,,17,18.35,2,2,8.5,0.0,0.0,0.0,0.0,27.35,0.938,0.0,3,0.0,0.0,42,23.43,7,2,6.0,0.048,0.0,0.0,0.0,59.61,0.732,0.0,8,0.0,0.0,25,5.08,5,0,-2.5,0.048,0.0,0.0,0.0,32.26,-0.206,0.0,5,0.0,0.0
koernergb,0,negative,,61,30.69,7,4,8.71,0.23,0.0,0.0,0.0,87.32,0.75,1.0,13,0.0,0.0,21,24.81,7,3,3.0,0.143,0.0,0.048,0.0,719.21,0.65,0.0,4,0.0,0.0,-40,-5.88,0,-1,-5.71,-0.087,0.0,0.048,0.0,631.89,-0.1,-1.0,-9,0.0,0.0
devNmin,0,negative,,98,40.28,16,4,6.12,0.0,0.0,0.0,0.0,127.9,0.608,0.0,20,0.0,0.0,132,68.08,18,2,7.33,0.008,0.0,0.0,0.015,93.47,0.496,0.0,25,0.0,0.0,34,27.8,2,-2,1.21,0.008,0.0,0.0,0.015,-34.43,-0.112,0.0,5,0.0,0.0
jared-richard-clarke,0,negative,,652,22.6,47,4,13.87,0.009,0.0,0.006,0.0,26.34,0.777,0.052,131,27.43,0.143,328,26.35,34,4,9.65,0.015,0.0,0.003,0.0,58.85,0.621,0.0,61,0.0,0.0,-324,3.75,-13,0,-4.22,0.006,0.0,-0.003,0.0,32.51,-0.156,-0.052,-70,-27.43,-0.143
ruben1132,0,negative,,264,29.06,10,2,26.4,0.148,0.0,0.038,0.004,7.56,0.821,0.167,54,0.0,0.0,25,30.28,5,4,5.0,0.2,0.0,0.0,0.0,750.12,0.792,1.0,4,0.0,0.0,-239,1.22,-5,2,-21.4,0.052,0.0,-0.038,-0.004,742.56,-0.029,0.833,-50,0.0,0.0
tchiotludo,0,negative,,39,46.95,30,1,1.3,0.333,0.974,0.026,0.0,392.01,0.211,0.0,5,0.0,0.0,29,40.41,17,1,1.71,0.103,0.966,0.0,0.0,452.04,0.321,0.0,6,4928.79,0.94,-10,-6.54,-13,0,0.41,-0.23,-0.008,-0.026,0.0,60.03,0.11,0.0,1,4928.79,0.94
aitikirala,0,negative,,19,25.79,4,2,4.75,0.0,0.0,0.0,0.0,304.27,0.556,0.0,3,0.0,0.0,56,36.71,11,4,5.09,0.304,0.0,0.0,0.0,43.47,0.4,0.0,10,17.58,0.158,37,10.92,7,2,0.34,0.304,0.0,0.0,0.0,-260.8,-0.156,0.0,7,17.58,0.158
VaelVictus,0,negative,,34,16.41,6,2,5.67,0.0,0.0,0.0,0.0,385.43,0.727,0.0,4,0.0,0.0,51,27.12,7,1,7.29,0.0,0.0,0.0,0.0,183.25,0.62,0.0,9,1270.0,1.0,17,10.71,1,-1,1.62,0.0,0.0,0.0,0.0,-202.18,-0.107,0.0,5,1270.0,1.0
viliger2,0,negative,,209,71.24,39,4,5.36,0.325,0.0,0.0,0.005,67.21,0.538,0.0,39,164.17,0.667,20,38.0,9,2,2.22,0.25,0.0,0.0,0.0,762.04,0.474,0.0,5,0.0,0.0,-189,-33.24,-30,-2,-3.14,-0.075,0.0,0.0,-0.005,694.83,-0.064,0.0,-34,-164.17,-0.667
aidenkoog,0,negative,,611,45.94,41,5,14.9,0.007,0.576,0.018,0.002,17.79,0.643,0.286,125,0.0,0.0,91,45.58,21,5,4.33,0.022,0.923,0.011,0.0,149.93,0.244,0.0,15,0.0,0.0,-520,-0.36,-20,0,-10.57,0.015,0.347,-0.007,-0.002,132.14,-0.399,-0.286,-110,0.0,0.0
SerkanCicek1,0,negative,,18,18.33,6,3,3.0,0.056,0.0,0.0,0.0,321.15,0.294,0.0,3,0.0,0.0,200,16.0,22,1,9.09,0.0,0.0,0.0,0.0,25.76,0.442,0.0,40,0.0,0.0,182,-2.33,16,-2,6.09,-0.056,0.0,0.0,0.0,-295.39,0.148,0.0,37,0.0,0.0
Justice-Lu,0,negative,,23,16.39,9,2,2.56,0.0,0.0,0.0,0.0,489.59,0.273,0.333,7,0.0,0.0,23,16.48,11,1,2.09,0.0,0.0,0.0,0.0,685.41,0.409,0.0,2,0.0,0.0,0,0.09,2,-1,-0.47,0.0,0.0,0.0,0.0,195.82,0.136,-0.333,-5,0.0,0.0
quinton-ashley,0,negative,,69,7.49,15,2,4.6,0.0,0.0,0.0,0.0,243.4,0.235,0.0,12,346.5,0.667,134,8.21,60,1,2.23,0.022,0.0,0.0,0.0,141.29,0.173,0.0,28,349.67,1.0,65,0.72,45,-1,-2.37,0.022,0.0,0.0,0.0,-102.11,-0.062,0.0,16,3.17,0.333
stingo1218,0,negative,,18,13.28,5,4,3.6,0.056,0.0,0.0,0.0,841.78,0.647,1.0,4,0.0,0.0,243,14.77,18,2,13.5,0.0,0.0,0.0,0.0,63.1,0.785,0.0,49,0.0,0.0,225,1.49,13,-2,9.9,-0.056,0.0,0.0,0.0,-778.68,0.138,-1.0,45,0.0,0.0
SharadS28N,0,negative,,84,15.17,15,3,5.6,0.012,0.0,0.0,0.0,197.6,0.771,0.0,17,19731.0,1.0,63,22.03,13,4,4.85,0.032,0.016,0.0,0.0,296.48,0.742,0.0,12,0.0,0.0,-21,6.86,-2,1,-0.75,0.02,0.016,0.0,0.0,98.88,-0.029,0.0,-5,-19731.0,-1.0
IMYdev,0,negative,,60,30.22,14,4,4.29,0.2,0.0,0.05,0.017,147.97,0.254,0.0,12,17.5,0.0,16,28.56,9,2,1.78,0.062,0.0,0.0,0.0,1187.22,0.4,0.0,2,0.0,0.0,-44,-1.66,-5,-2,-2.51,-0.138,0.0,-0.05,-0.017,1039.25,0.146,0.0,-10,-17.5,0.0
simoneMaggi,0,negative,,54,19.07,10,5,5.4,0.093,0.0,0.0,0.0,280.09,0.698,0.0,8,0.0,0.0,16,14.5,11,3,1.45,0.0,0.0,0.0,0.0,492.47,0.133,0.0,4,0.0,0.0,-38,-4.57,1,-2,-3.95,-0.093,0.0,0.0,0.0,212.38,-0.565,0.0,-4,0.0,0.0
ayoubfaouzi,0,negative,,31,47.26,11,1,2.82,0.0,0.032,0.0,0.581,508.54,0.333,0.0,7,131.17,0.667,48,59.04,21,2,2.29,0.042,0.042,0.0,0.271,375.7,0.128,0.0,9,1508.9,0.759,17,11.78,10,1,-0.53,0.042,0.01,0.0,-0.31,-132.84,-0.205,0.0,2,1377.73,0.092
jiazhou-garland,0,negative,,49,17.06,6,3,8.17,0.0,0.0,0.245,0.0,271.13,0.854,0.4,9,0.0,0.0,311,18.69,36,3,8.64,0.0,0.0,0.0,0.0,52.2,0.806,0.4,61,0.0,0.0,262,1.63,30,0,0.47,0.0,0.0,-0.245,0.0,-218.93,-0.048,0.0,52,0.0,0.0
LironEr,0,negative,,157,54.22,43,3,3.65,0.223,0.662,0.045,0.038,110.4,0.551,0.444,33,3403.79,0.547,56,45.91,20,2,2.8,0.054,0.946,0.036,0.036,320.22,0.455,0.667,14,5666.91,0.705,-101,-8.31,-23,-1,-0.85,-0.169,0.284,-0.009,-0.002,209.82,-0.096,0.223,-19,2263.12,0.158
masnurrm,0,negative,,16,15.19,4,1,4.0,0.0,0.312,0.0,0.0,657.81,0.8,0.0,4,0.0,0.0,158,53.7,26,2,6.08,0.013,0.854,0.006,0.0,87.77,0.121,0.0,32,0.0,0.0,142,38.51,22,1,2.08,0.013,0.542,0.006,0.0,-570.04,-0.679,0.0,28,0.0,0.0
Edward-Roshan,0,negative,,27,16.41,11,1,2.45,0.0,0.0,0.0,0.0,243.63,0.577,0.0,6,0.0,0.0,18,17.22,7,1,2.57,0.0,0.0,0.0,0.0,1065.29,0.529,0.0,4,0.0,0.0,-9,0.81,-4,0,0.12,0.0,0.0,0.0,0.0,821.66,-0.048,0.0,-2,0.0,0.0
AQLT,0,negative,,102,27.49,23,3,4.43,0.167,0.0,0.0,0.01,145.43,0.574,0.0,17,0.0,0.0,113,32.46,27,2,4.19,0.195,0.0,0.053,0.009,138.63,0.509,0.0,25,267.0,1.0,11,4.97,4,-1,-0.24,0.028,0.0,0.053,-0.001,-6.8,-0.065,0.0,8,267.0,1.0
boginyaelna,0,negative,,10,17.6,3,1,3.33,0.0,0.0,0.0,0.0,59.9,0.667,0.0,4,0.0,0.0,40,21.4,13,1,3.08,0.0,0.0,0.0,0.0,71.85,0.359,0.0,6,0.0,0.0,30,3.8,10,0,-0.25,0.0,0.0,0.0,0.0,11.95,-0.308,0.0,2,0.0,0.0
thefaheemkhan,0,negative,,96,16.29,14,4,6.86,0.0,0.0,0.0,0.0,157.3,0.821,0.0,17,0.0,0.0,51,16.0,9,1,5.67,0.0,0.0,0.0,0.0,205.94,0.76,0.0,11,0.0,0.0,-45,-0.29,-5,-3,-1.19,0.0,0.0,0.0,0.0,48.64,-0.061,0.0,-6,0.0,0.0
SilkRose,0,negative,,247,52.68,31,5,7.97,0.283,0.0,0.016,0.0,64.93,0.581,0.0,54,47.0,0.0,47,47.49,8,2,5.88,0.319,0.0,0.021,0.0,299.38,0.565,0.0,5,0.0,0.0,-200,-5.19,-23,-3,-2.09,0.036,0.0,0.005,0.0,234.45,-0.016,0.0,-49,-47.0,0.0
gjong,0,negative,,12,39.92,4,2,3.0,0.0,0.0,0.167,0.0,394.4,0.545,0.0,0,0.0,0.0,45,81.11,20,3,2.25,0.267,0.133,0.089,0.2,196.8,0.341,0.2,11,4404.56,0.938,33,41.19,16,1,-0.75,0.267,0.133,-0.078,0.2,-197.6,-0.204,0.2,11,4404.56,0.938
DeepDoge,0,negative,,290,15.3,36,4,8.06,0.021,0.0,0.003,0.014,51.53,0.654,0.0,58,51.0,0.5,200,27.86,22,1,9.09,0.03,0.045,0.0,0.005,75.27,0.573,0.0,40,0.0,0.0,-90,12.56,-14,-3,1.03,0.009,0.045,-0.003,-0.009,23.74,-0.081,0.0,-18,-51.0,-0.5
hufort,0,negative,,54,50.67,3,2,18.0,0.259,0.481,0.0,0.0,197.0,0.774,0.0,15,216.14,0.643,163,74.55,17,2,9.59,0.264,0.442,0.0,0.104,59.54,0.691,0.0,28,232.41,0.529,109,23.88,14,0,-8.41,0.005,-0.039,0.0,0.104,-137.46,-0.083,0.0,13,16.27,-0.114
alemermartinez,0,negative,,43,23.63,7,2,6.14,0.0,0.0,0.0,0.0,323.03,0.738,0.0,6,58.0,1.0,29,25.93,2,1,14.5,0.0,0.0,0.0,0.0,139.17,0.929,0.0,4,0.0,0.0,-14,2.3,-5,-1,8.36,0.0,0.0,0.0,0.0,-183.86,0.191,0.0,-2,-58.0,-1.0
AdrianToman1,0,negative,,19,30.58,4,2,4.75,0.0,0.0,0.053,0.0,202.56,0.222,0.0,4,0.0,0.0,71,37.93,8,3,8.88,0.014,0.0,0.085,0.0,51.91,0.329,0.0,11,0.0,0.0,52,7.35,4,1,4.13,0.014,0.0,0.032,0.0,-150.65,0.107,0.0,7,0.0,0.0
Kyxxn,0,negative,,83,40.43,11,5,7.55,0.217,0.0,0.024,0.012,31.86,0.646,0.125,14,0.0,0.0,150,38.73,33,2,4.55,0.007,0.593,0.0,0.013,72.25,0.262,0.0,32,0.0,0.0,67,-1.7,22,-3,-3.0,-0.21,0.593,-0.024,0.001,40.39,-0.384,-0.125,18,0.0,0.0
juanitaduquer,0,negative,,138,16.7,30,3,4.6,0.029,0.0,0.036,0.0,122.79,0.518,0.0,25,0.0,0.0,116,12.25,50,1,2.32,0.0,0.0,0.0,0.0,164.25,0.365,0.0,24,0.0,0.0,-22,-4.45,20,-2,-2.28,-0.029,0.0,-0.036,0.0,41.46,-0.153,0.0,-1,0.0,0.0
C0DE-Z,0,negative,,27,32.37,8,2,3.38,0.037,0.0,0.0,0.0,55.1,0.269,0.0,6,0.0,0.0,14,35.36,5,1,2.8,0.214,0.0,0.0,0.0,668.66,0.692,0.0,2,0.0,0.0,-13,2.99,-3,-1,-0.58,0.177,0.0,0.0,0.0,613.56,0.423,0.0,-4,0.0,0.0
rtatigua,0,negative,,22,6.95,12,1,1.83,0.0,0.0,0.091,0.0,96.05,0.19,0.0,4,0.0,0.0,13,5.38,8,5,1.62,0.0,0.0,0.0,0.0,962.98,0.167,0.0,5,0.0,0.0,-9,-1.57,-4,4,-0.21,0.0,0.0,-0.091,0.0,866.93,-0.023,0.0,1,0.0,0.0
haithemelhadj,0,negative,,119,15.76,22,2,5.41,0.084,0.0,0.0,0.0,69.76,0.517,0.0,23,0.0,0.0,166,30.56,32,4,5.19,0.072,0.0,0.0,0.0,94.1,0.448,0.0,32,0.0,0.0,47,14.8,10,2,-0.22,-0.012,0.0,0.0,0.0,24.34,-0.069,0.0,9,0.0,0.0
CandleLearner-M,0,negative,,23,17.52,1,3,23.0,0.043,0.0,0.0,0.0,2.0,0.909,0.5,2,0.0,0.0,71,13.79,10,3,7.1,0.014,0.0,0.0,0.0,148.62,0.7,0.0,15,0.0,0.0,48,-3.73,9,0,-15.9,-0.029,0.0,0.0,0.0,146.62,-0.209,-0.5,13,0.0,0.0
tesla1900,0,negative,,78,38.0,15,2,5.2,0.09,0.0,0.0,0.0,34.43,0.234,0.0,15,9.33,0.0,30,27.33,11,3,2.73,0.0,0.0,0.0,0.0,96.03,0.414,1.0,4,0.0,0.0,-48,-10.67,-4,1,-2.47,-0.09,0.0,0.0,0.0,61.6,0.18,1.0,-11,-9.33,0.0
errorzeroo,0,negative,,197,24.59,28,3,7.04,0.02,0.0,0.0,0.015,57.67,0.439,0.04,39,0.0,0.0,66,21.65,5,1,13.2,0.015,0.0,0.076,0.0,9.29,0.6,0.75,13,0.0,0.0,-131,-2.94,-23,-2,6.16,-0.005,0.0,0.076,-0.015,-48.38,0.161,0.71,-26,0.0,0.0
CoryOConnor94,0,negative,,24,17.0,3,3,8.0,0.0,0.0,0.0,0.0,463.45,0.87,0.0,5,0.0,0.0,39,36.38,12,3,3.25,0.231,0.0,0.0,0.0,259.46,0.395,0.0,5,0.0,0.0,15,19.38,9,0,-4.75,0.231,0.0,0.0,0.0,-203.99,-0.475,0.0,0,0.0,0.0
rijofeta,0,negative,,12,87.17,6,1,2.0,0.083,0.0,0.167,0.0,124.16,0.273,0.0,2,0.0,0.0,14,50.43,3,3,4.67,0.357,0.0,0.0,0.0,33.37,0.615,0.5,3,0.0,0.0,2,-36.74,-3,2,2.67,0.274,0.0,-0.167,0.0,-90.79,0.342,0.5,1,0.0,0.0
cwaldbieser,0,negative,,11,109.82,6,1,1.83,1.0,0.0,0.0,0.0,888.17,0.3,0.0,3,8210.37,1.0,20,106.35,5,1,4.0,1.0,0.0,0.0,0.0,846.49,0.789,0.0,2,9515.95,1.0,9,-3.47,-1,0,2.17,0.0,0.0,0.0,0.0,-41.68,0.489,0.0,-1,1305.58,0.0
Stanfordna,0,negative,,16,54.38,10,2,1.6,0.0,0.0,0.0,0.0,945.32,0.4,0.0,3,0.0,0.0,49,95.84,11,3,4.45,0.735,0.0,0.041,0.061,160.12,0.562,0.0,10,0.0,0.0,33,41.46,1,1,2.85,0.735,0.0,0.041,0.061,-785.2,0.162,0.0,7,0.0,0.0
YangHao97,0,negative,,30,14.27,4,2,7.5,0.0,0.0,0.0,0.0,291.3,0.862,0.0,5,0.0,0.0,63,16.06,9,3,7.0,0.0,0.0,0.0,0.0,111.85,0.823,0.0,11,0.0,0.0,33,1.79,5,1,-0.5,0.0,0.0,0.0,0.0,-179.45,-0.039,0.0,6,0.0,0.0
ProtocolPav,0,negative,,92,87.48,17,2,5.41,0.185,0.0,0.076,0.033,121.03,0.615,0.071,17,79.76,0.324,708,60.0,73,5,9.7,0.23,0.338,0.003,0.003,27.63,0.723,0.019,143,103.21,0.333,616,-27.48,56,3,4.29,0.045,0.338,-0.073,-0.03,-93.4,0.108,-0.052,126,23.45,0.009
xdivayze,0,negative,,17,15.59,2,1,8.5,0.0,0.0,0.0,0.0,4.13,0.688,0.0,3,0.0,0.0,146,58.01,10,4,14.6,0.021,0.336,0.13,0.014,52.3,0.683,0.591,29,0.0,0.0,129,42.42,8,3,6.1,0.021,0.336,0.13,0.014,48.17,-0.005,0.591,26,0.0,0.0
enuesaa,0,negative,,522,40.13,51,4,10.24,0.056,0.935,0.082,0.002,21.67,0.706,0.391,99,9503.1,0.968,405,48.36,40,5,10.12,0.022,0.985,0.069,0.0,43.49,0.76,0.368,86,18630.66,1.0,-117,8.23,-11,1,-0.12,-0.034,0.05,-0.013,-0.002,21.82,0.054,-0.023,-13,9127.56,0.032
nallaperumal007,0,negative,,51,16.59,6,5,8.5,0.0,0.0,0.0,0.0,62.11,0.74,0.0,11,0.0,0.0,104,18.51,20,1,5.2,0.029,0.0,0.0,0.0,185.01,0.738,0.0,20,0.0,0.0,53,1.92,14,-4,-3.3,0.029,0.0,0.0,0.0,122.9,-0.002,0.0,9,0.0,0.0
LwRed,0,negative,,18,18.56,2,5,9.0,0.111,0.0,0.0,0.0,535.05,0.941,0.0,7,0.0,0.0,28,29.0,2,1,14.0,0.0,0.0,0.0,0.393,6.44,0.778,0.0,4,0.0,0.0,10,10.44,0,-4,5.0,-0.111,0.0,0.0,0.393,-528.61,-0.163,0.0,-3,0.0,0.0
RBird111,0,negative,,447,33.94,19,5,23.53,0.051,0.0,0.0,0.0,12.93,0.67,0.0,86,4.08,0.03,16,29.75,7,3,2.29,0.125,0.0,0.0,0.0,1155.77,0.6,0.0,4,0.0,0.0,-431,-4.19,-12,-2,-21.24,0.074,0.0,0.0,0.0,1142.84,-0.07,0.0,-82,-4.08,-0.03
omilhano,0,negative,,162,33.93,11,3,14.73,0.173,0.0,0.006,0.0,91.75,0.677,0.16,32,0.0,0.0,41,26.83,17,4,2.41,0.22,0.0,0.0,0.0,334.67,0.3,0.0,6,0.0,0.0,-121,-7.1,6,1,-12.32,0.047,0.0,-0.006,0.0,242.92,-0.377,-0.16,-26,0.0,0.0
lovermans,0,negative,,192,31.83,13,1,14.77,0.0,0.0,0.0,0.0,18.3,0.534,0.0,39,0.0,0.0,121,30.16,24,5,5.04,0.05,0.0,0.008,0.0,76.96,0.375,0.0,24,0.0,0.0,-71,-1.67,11,4,-9.73,0.05,0.0,0.008,0.0,58.66,-0.159,0.0,-15,0.0,0.0
RadxaNaoki,0,negative,,20,244.95,9,1,2.22,1.0,0.0,0.0,0.05,462.75,0.526,0.0,3,0.0,0.0,62,366.5,22,4,2.82,1.0,0.0,0.0,0.371,225.94,0.41,0.0,14,0.0,0.0,42,121.55,13,3,0.6,0.0,0.0,0.0,0.321,-236.81,-0.116,0.0,11,0.0,0.0
jimm,0,negative,,59,33.95,34,2,1.74,0.068,0.0,0.102,0.0,253.65,0.172,0.0,15,789.0,0.5,81,29.36,46,2,1.76,0.012,0.0,0.025,0.012,234.18,0.087,0.0,17,213.0,1.0,22,-4.59,12,0,0.02,-0.056,0.0,-0.077,0.012,-19.47,-0.085,0.0,2,-576.0,0.5
hanhongju,0,negative,,117,26.63,13,2,9.0,0.0,0.0,0.0,0.0,87.59,0.75,0.0,28,0.0,0.0,872,23.36,48,5,18.17,0.002,0.0,0.0,0.0,20.59,0.788,0.0,168,0.0,0.0,755,-3.27,35,3,9.17,0.002,0.0,0.0,0.0,-67.0,0.038,0.0,140,0.0,0.0
jcmaunsell,0,negative,,67,32.54,4,4,16.75,0.075,0.0,0.015,0.0,122.54,0.894,1.0,13,198.67,0.833,17,10.35,7,3,2.43,0.0,0.0,0.0,0.0,975.63,0.562,0.0,2,0.0,0.0,-50,-22.19,3,-1,-14.32,-0.075,0.0,-0.015,0.0,853.09,-0.332,-1.0,-11,-198.67,-0.833
YueRen,0,negative,,16,54.94,11,4,1.45,0.125,0.0,0.0,0.0,965.28,0.067,0.0,4,0.0,0.0,204,39.16,52,4,3.92,0.059,0.137,0.0,0.005,93.88,0.547,0.0,40,0.0,0.0,188,-15.78,41,0,2.47,-0.066,0.137,0.0,0.005,-871.4,0.48,0.0,36,0.0,0.0
TobyNguyen710,0,negative,,20,25.2,5,1,4.0,0.1,0.0,0.05,0.0,57.39,0.684,0.0,4,0.0,0.0,89,58.67,11,4,8.09,0.247,0.0,0.056,0.022,90.29,0.602,0.333,17,0.0,0.0,69,33.47,6,3,4.09,0.147,0.0,0.006,0.022,32.9,-0.082,0.333,13,0.0,0.0
Vinicius-b-oliveira,0,negative,,37,29.65,8,5,4.62,0.0,0.0,0.0,0.0,60.51,0.639,0.0,10,0.0,0.0,16,18.19,5,1,3.2,0.0,0.0,0.0,0.0,1099.79,0.667,0.0,2,0.0,0.0,-21,-11.46,-3,-4,-1.42,0.0,0.0,0.0,0.0,1039.28,0.028,0.0,-8,0.0,0.0
JLeonN,0,negative,,123,15.72,28,2,4.39,0.0,0.0,0.0,0.057,45.35,0.434,0.188,25,0.0,0.0,77,72.57,15,4,5.13,0.442,0.0,0.0,0.169,171.12,0.408,0.0,14,0.0,0.0,-46,56.85,-13,2,0.74,0.442,0.0,0.0,0.112,125.77,-0.026,-0.188,-11,0.0,0.0
jvpcms,0,negative,,25,19.28,4,4,6.25,0.0,0.0,0.0,0.0,354.14,0.708,0.0,6,0.0,0.0,22,21.82,8,2,2.75,0.045,0.0,0.0,0.0,853.87,0.524,0.0,3,0.0,0.0,-3,2.54,4,-2,-3.5,0.045,0.0,0.0,0.0,499.73,-0.184,0.0,-3,0.0,0.0
AndreaVisma,0,negative,,27,38.93,3,1,9.0,0.222,0.0,0.0,0.0,18.91,0.615,0.0,5,0.86,0.0,17,24.18,4,2,4.25,0.0,0.0,0.0,0.0,221.96,0.688,0.0,3,0.0,0.0,-10,-14.75,1,1,-4.75,-0.222,0.0,0.0,0.0,203.05,0.073,0.0,-2,-0.86,0.0
jonbarker68,0,negative,,149,78.12,16,1,9.31,0.403,0.0,0.208,0.06,35.74,0.635,0.381,29,0.0,0.0,24,51.0,5,3,4.8,0.083,0.0,0.083,0.0,374.25,0.174,0.5,6,0.0,0.0,-125,-27.12,-11,2,-4.51,-0.32,0.0,-0.125,-0.06,338.51,-0.461,0.119,-23,0.0,0.0
