login,pre_commit_count,pre_mean_message_length,pre_active_weeks,pre_repos_touched,pre_mean_commits_per_active_week,pre_frac_multiline,pre_frac_conventional,pre_frac_mentions_test,pre_frac_has_bullets,pre_mean_inter_commit_hours,pre_frac_burst_commits,pre_sampled_test_cowrite_rate,pre_file_sample_count,pre_mean_pr_body_length,pre_frac_pr_has_body,post_commit_count,post_mean_message_length,post_active_weeks,post_repos_touched,post_mean_commits_per_active_week,post_frac_multiline,post_frac_conventional,post_frac_mentions_test,post_frac_has_bullets,post_mean_inter_commit_hours,post_frac_burst_commits,post_sampled_test_cowrite_rate,post_file_sample_count,post_mean_pr_body_length,post_frac_pr_has_body,delta_commit_count,delta_mean_message_length,delta_active_weeks,delta_repos_touched,delta_mean_commits_per_active_week,delta_frac_multiline,delta_frac_conventional,delta_frac_mentions_test,delta_frac_has_bullets,delta_mean_inter_commit_hours,delta_frac_burst_commits,delta_sampled_test_cowrite_rate,delta_file_sample_count,delta_mean_pr_body_length,delta_frac_pr_has_body
kishoryd,31,20.03,4,4,7.75,0.0,0.0,0.0,0.0,15.07,0.7,0.0,0,0.0,0.0,7,20.43,4,1,1.75,0.0,0.0,0.0,0.0,301.12,0.5,0.0,0,0.0,0.0,-24,0.4,0,-3,-6.0,0.0,0.0,0.0,0.0,286.05,-0.2,0.0,0,0.0,0.0
lutfiandri,63,30.75,11,1,5.73,0.111,0.825,0.032,0.0,191.4,0.677,0.0,0,22.71,0.143,19,29.32,4,1,4.75,0.0,1.0,0.0,0.0,317.57,0.611,0.0,0,0.0,0.0,-44,-1.43,-7,0,-0.98,-0.111,0.175,-0.032,0.0,126.17,-0.066,0.0,0,-22.71,-0.143
ThinhPhoenix,61,10.59,3,2,20.33,0.033,0.0,0.0,0.0,181.02,0.867,0.0,0,0.0,0.0,39,15.62,12,2,3.25,0.0,0.0,0.0,0.0,391.68,0.632,0.0,0,0.0,0.0,-22,5.03,9,0,-17.08,-0.033,0.0,0.0,0.0,210.66,-0.235,0.0,0,0.0,0.0
yoratoni,68,24.66,5,1,13.6,0.0,0.0,0.015,0.0,128.01,0.672,0.0,0,0.0,0.0,7,18.29,3,2,2.33,0.0,0.143,0.0,0.0,1643.48,0.5,0.0,0,0.0,0.0,-61,-6.37,-2,1,-11.27,0.0,0.143,-0.015,0.0,1515.47,-0.172,0.0,0,0.0,0.0
programmer-zheng,90,13.44,11,1,8.18,0.0,0.0,0.0,0.0,34.41,0.528,0.0,0,0.0,0.0,10,17.1,6,1,1.67,0.1,0.0,0.0,0.0,791.27,0.444,0.0,0,0.0,0.0,-80,3.66,-5,0,-6.51,0.1,0.0,0.0,0.0,756.86,-0.084,0.0,0,0.0,0.0
robolyst,17,25.29,4,1,4.25,0.059,0.0,0.0,0.0,282.69,0.75,0.0,0,0.0,0.0,32,16.69,5,2,6.4,0.0,0.0,0.062,0.0,350.89,0.774,0.0,0,0.0,0.0,15,-8.6,1,1,2.15,-0.059,0.0,0.062,0.0,68.2,0.024,0.0,0,0.0,0.0
austinorth,17,81.47,6,1,2.83,0.765,0.0,0.176,0.0,463.14,0.438,0.0,0,0.0,0.0,35,111.83,14,3,2.5,0.943,0.343,0.0,0.0,528.7,0.529,0.0,0,240.5,1.0,18,30.36,8,2,-0.33,0.178,0.343,-0.176,0.0,65.56,0.091,0.0,0,240.5,1.0
wangshunnn,20,25.95,4,1,5.0,0.0,0.25,0.0,0.0,159.64,0.737,0.0,0,0.0,0.0,80,85.09,19,1,4.21,0.588,0.175,0.0,0.0,60.22,0.342,0.0,0,0.0,0.0,60,59.14,15,0,-0.79,0.588,-0.075,0.0,0.0,-99.42,-0.395,0.0,0,0.0,0.0
CleanerC,48,17.29,8,3,6.0,0.0,0.0,0.0,0.0,28.93,0.511,0.0,0,0.0,0.0,17,19.41,5,2,3.4,0.0,0.0,0.0,0.0,533.9,0.625,0.0,0,0.0,0.0,-31,2.12,-3,-1,-2.6,0.0,0.0,0.0,0.0,504.97,0.114,0.0,0,0.0,0.0
alikhere,5,17.2,3,2,1.67,0.0,0.0,0.0,0.0,1430.93,0.5,0.0,0,0.0,0.0,13,11.92,6,2,2.17,0.0,0.0,0.077,0.0,537.42,0.583,0.0,0,0.0,0.0,8,-5.28,3,0,0.5,0.0,0.0,0.077,0.0,-893.51,0.083,0.0,0,0.0,0.0
ptheywood,10,53.2,6,1,1.67,0.2,0.0,0.0,0.0,1572.08,0.444,0.0,0,0.0,0.0,25,45.76,12,1,2.08,0.08,0.0,0.0,0.0,668.93,0.5,0.0,0,0.0,0.0,15,-7.44,6,0,0.41,-0.12,0.0,0.0,0.0,-903.15,0.056,0.0,0,0.0,0.0
Austin-Ackermann,7,23.14,3,3,2.33,0.143,0.0,0.0,0.0,108.48,0.5,0.0,0,44.0,0.0,5,33.4,4,2,1.25,0.6,0.0,0.0,0.0,398.08,0.25,0.0,0,0.0,0.0,-2,10.26,1,-1,-1.08,0.457,0.0,0.0,0.0,289.6,-0.25,0.0,0,-44.0,0.0
jmgirard,12,29.0,6,3,2.0,0.0,0.0,0.0,0.0,778.39,0.545,0.0,0,0.0,0.0,36,19.31,6,1,6.0,0.0,0.0,0.222,0.0,226.96,0.714,0.0,0,0.0,0.0,24,-9.69,0,-2,4.0,0.0,0.0,0.222,0.0,-551.43,0.169,0.0,0,0.0,0.0
farmatholin,7,49.86,3,1,2.33,0.286,0.0,0.0,0.0,256.26,0.667,0.0,0,0.0,0.0,5,58.8,4,1,1.25,0.6,0.0,0.0,0.0,2113.42,0.25,0.0,0,0.0,0.0,-2,8.94,1,0,-1.08,0.314,0.0,0.0,0.0,1857.16,-0.417,0.0,0,0.0,0.0
RashmikaRamkumar,5,24.4,1,2,5.0,0.0,0.0,0.0,0.0,4.92,0.75,0.0,0,0.0,0.0,7,28.14,3,3,2.33,0.0,0.0,0.0,0.0,279.0,0.5,0.0,0,0.0,0.0,2,3.74,2,1,-2.67,0.0,0.0,0.0,0.0,274.08,-0.25,0.0,0,0.0,0.0
jcleal,9,21.67,4,1,2.25,0.0,0.0,0.0,0.0,389.82,0.5,0.0,0,0.0,0.0,12,21.5,3,1,4.0,0.0,0.0,0.0,0.0,724.94,0.818,0.0,0,0.0,0.0,3,-0.17,-1,0,1.75,0.0,0.0,0.0,0.0,335.12,0.318,0.0,0,0.0,0.0
sys010611,7,11.86,4,1,1.75,0.0,0.0,0.0,0.0,351.71,0.5,0.0,0,0.0,0.0,43,70.3,10,2,4.3,0.0,0.0,0.0,0.0,300.26,0.095,0.0,0,0.0,0.0,36,58.44,6,1,2.55,0.0,0.0,0.0,0.0,-51.45,-0.405,0.0,0,0.0,0.0
discodyer,12,19.83,5,3,2.4,0.25,0.0,0.0,0.0,951.2,0.455,0.0,0,0.0,0.0,9,23.11,7,1,1.29,0.111,0.0,0.0,0.0,2082.99,0.125,0.0,0,0.0,0.0,-3,3.28,2,-2,-1.11,-0.139,0.0,0.0,0.0,1131.79,-0.33,0.0,0,0.0,0.0
kankenny,85,17.26,18,4,4.72,0.0,0.0,0.0,0.0,146.59,0.702,0.0,0,0.0,0.0,15,32.53,5,2,3.0,0.067,0.333,0.0,0.0,466.27,0.643,0.0,0,0.0,0.0,-70,15.27,-13,-2,-1.72,0.067,0.333,0.0,0.0,319.68,-0.059,0.0,0,0.0,0.0
viniciusNoleto,88,21.33,18,5,4.89,0.102,0.0,0.0,0.023,158.08,0.632,0.0,0,0.0,0.0,8,16.0,4,1,2.0,0.0,0.0,0.0,0.0,758.01,0.571,0.0,0,0.0,0.0,-80,-5.33,-14,-4,-2.89,-0.102,0.0,0.0,-0.023,599.93,-0.061,0.0,0,0.0,0.0
gyeongminn,25,18.36,7,3,3.57,0.04,0.0,0.0,0.0,617.95,0.667,0.0,0,0.0,0.0,75,60.19,11,2,6.82,0.0,0.0,0.0,0.0,155.04,0.622,0.0,0,0.0,0.0,50,41.83,4,-1,3.25,-0.04,0.0,0.0,0.0,-462.91,-0.045,0.0,0,0.0,0.0
jvlazar,48,78.65,16,3,3.0,0.188,0.0,0.0,0.021,340.56,0.468,0.0,0,0.0,0.0,32,37.47,4,1,8.0,0.0,0.0,0.0,0.0,71.36,0.677,0.0,0,0.0,0.0,-16,-41.18,-12,-2,5.0,-0.188,0.0,0.0,-0.021,-269.2,0.209,0.0,0,0.0,0.0
teemuja,19,10.42,3,1,6.33,0.0,0.0,0.0,0.0,45.18,0.667,0.0,0,0.0,0.0,81,24.01,20,2,4.05,0.333,0.0,0.012,0.0,185.28,0.6,0.0,0,0.0,0.0,62,13.59,17,1,-2.28,0.333,0.0,0.012,0.0,140.1,-0.067,0.0,0,0.0,0.0
shivakayan,5,19.2,2,2,2.5,0.0,0.0,0.0,0.0,709.56,0.25,0.0,0,0.0,0.0,68,25.66,11,4,6.18,0.044,0.0,0.0,0.0,160.04,0.821,0.0,0,0.0,0.0,63,6.46,9,2,3.68,0.044,0.0,0.0,0.0,-549.52,0.571,0.0,0,0.0,0.0
vixorien,34,67.26,13,4,2.62,0.0,0.0,0.0,0.029,430.88,0.273,0.0,0,0.0,0.0,42,52.86,14,4,3.0,0.048,0.0,0.0,0.0,454.93,0.22,0.0,0,0.0,0.0,8,-14.4,1,0,0.38,0.048,0.0,0.0,-0.029,24.05,-0.053,0.0,0,0.0,0.0
kardanov,44,17.66,19,1,2.32,0.0,0.0,0.0,0.0,369.85,0.558,0.0,0,0.0,0.0,33,21.33,7,1,4.71,0.0,0.0,0.0,0.0,546.0,0.812,0.0,0,0.0,0.0,-11,3.67,-12,0,2.39,0.0,0.0,0.0,0.0,176.15,0.254,0.0,0,0.0,0.0
L1m3Kun,41,12.83,11,5,3.73,0.0,0.0,0.0,0.0,185.32,0.425,0.0,0,0.0,0.0,9,17.44,6,1,1.5,0.111,0.0,0.0,0.0,2340.84,0.25,0.0,0,0.0,0.0,-32,4.61,-5,-4,-2.23,0.111,0.0,0.0,0.0,2155.52,-0.175,0.0,0,0.0,0.0
liixing,7,13.57,2,2,3.5,0.0,0.143,0.0,0.0,196.5,0.667,0.0,0,0.0,0.0,11,26.09,5,3,2.2,0.0,0.091,0.0,0.0,906.04,0.5,0.0,0,0.0,0.0,4,12.52,3,1,-1.3,0.0,-0.052,0.0,0.0,709.54,-0.167,0.0,0,0.0,0.0
sauravpanda,13,11.92,4,2,3.25,0.0,0.0,0.0,0.0,627.33,0.667,0.0,0,0.0,0.0,5,16.0,4,1,1.25,0.0,0.0,0.0,0.0,2701.14,0.25,0.0,0,0.0,0.0,-8,4.08,0,-1,-2.0,0.0,0.0,0.0,0.0,2073.81,-0.417,0.0,0,0.0,0.0
Aparna1Gopal,18,37.67,9,4,2.0,0.111,0.0,0.0,0.0,473.06,0.412,0.0,0,0.0,0.0,11,16.0,4,2,2.75,0.0,0.0,0.0,0.0,924.52,0.7,0.0,0,0.0,0.0,-7,-21.67,-5,-2,0.75,-0.111,0.0,0.0,0.0,451.46,0.288,0.0,0,0.0,0.0
sergiocima,6,26.0,2,1,3.0,0.0,0.0,0.0,0.0,687.07,0.6,0.0,0,0.0,0.0,12,17.08,5,1,2.4,0.0,0.0,0.0,0.0,611.03,0.545,0.0,0,0.0,0.0,6,-8.92,3,0,-0.6,0.0,0.0,0.0,0.0,-76.04,-0.055,0.0,0,0.0,0.0
pault-tech,36,9.25,4,3,9.0,0.028,0.0,0.028,0.0,14.33,0.6,0.0,0,0.0,0.0,9,10.78,6,1,1.5,0.0,0.0,0.0,0.0,937.95,0.0,0.0,0,0.0,0.0,-27,1.53,2,-2,-7.5,-0.028,0.0,-0.028,0.0,923.62,-0.6,0.0,0,0.0,0.0
malevitzch,8,13.0,1,1,8.0,0.125,0.0,0.25,0.0,0.21,1.0,0.0,0,0.0,0.0,92,35.83,13,4,7.08,0.0,0.0,0.054,0.0,158.22,0.659,0.0,0,27.6,0.4,84,22.83,12,3,-0.92,-0.125,0.0,-0.196,0.0,158.01,-0.341,0.0,0,27.6,0.4
t-beigbeder,33,33.18,9,4,3.67,0.0,0.0,0.061,0.0,188.22,0.344,0.0,0,0.0,0.0,24,26.04,13,4,1.85,0.0,0.0,0.0,0.0,690.45,0.13,0.0,0,0.0,0.0,-9,-7.14,4,0,-1.82,0.0,0.0,-0.061,0.0,502.23,-0.214,0.0,0,0.0,0.0
bprusinowski,85,52.69,4,1,21.25,0.259,0.671,0.071,0.0,10.32,0.821,0.0,0,21.59,0.239,15,53.87,2,1,7.5,0.267,0.6,0.133,0.0,3.22,0.857,0.0,0,0.0,0.0,-70,1.18,-2,0,-13.75,0.008,-0.071,0.062,0.0,-7.1,0.036,0.0,0,-21.59,-0.239
tusharpatekar,13,16.38,3,3,4.33,0.0,0.0,0.0,0.0,423.01,0.75,0.0,0,0.0,0.0,82,11.01,19,3,4.32,0.0,0.0,0.0,0.0,53.67,0.074,0.0,0,0.0,0.0,69,-5.37,16,0,-0.01,0.0,0.0,0.0,0.0,-369.34,-0.676,0.0,0,0.0,0.0
Breanzy,19,33.58,5,4,3.8,0.211,0.0,0.0,0.0,107.86,0.611,0.0,0,0.0,0.0,27,39.96,6,1,4.5,0.296,0.0,0.0,0.037,203.23,0.615,0.0,0,0.0,0.0,8,6.38,1,-3,0.7,0.085,0.0,0.0,0.037,95.37,0.004,0.0,0,0.0,0.0
IAmMajo,7,27.43,5,1,1.4,0.0,0.0,0.0,0.0,1269.43,0.333,0.0,0,0.0,0.0,32,30.81,15,1,2.13,0.0,0.0,0.0,0.0,487.0,0.226,0.0,0,0.0,0.0,25,3.38,10,0,0.73,0.0,0.0,0.0,0.0,-782.43,-0.107,0.0,0,0.0,0.0
scheuerseb,13,20.46,2,1,6.5,0.0,0.0,0.0,0.0,30.0,0.917,0.0,0,0.0,0.0,87,43.45,15,1,5.8,0.0,0.0,0.0,0.0,54.71,0.547,0.0,0,0.0,0.0,74,22.99,13,0,-0.7,0.0,0.0,0.0,0.0,24.71,-0.37,0.0,0,0.0,0.0
bluebottlewize,32,18.47,5,3,6.4,0.0,0.0,0.031,0.0,57.68,0.677,0.0,0,0.0,0.0,20,18.6,10,5,2.0,0.0,0.0,0.0,0.0,746.85,0.526,0.0,0,0.0,0.0,-12,0.13,5,2,-4.4,0.0,0.0,-0.031,0.0,689.17,-0.151,0.0,0,0.0,0.0
eduardodsr,17,15.65,7,1,2.43,0.0,0.0,0.0,0.0,943.97,0.625,0.0,0,0.0,0.0,14,24.0,6,1,2.33,0.143,0.0,0.0,0.0,814.38,0.462,0.0,0,0.0,0.0,-3,8.35,-1,0,-0.1,0.143,0.0,0.0,0.0,-129.59,-0.163,0.0,0,0.0,0.0
michaelbrusegard,61,84.08,4,3,15.25,0.262,0.689,0.049,0.131,232.38,0.933,0.0,0,0.0,0.0,24,135.46,5,1,4.8,0.792,0.167,0.0,0.0,403.79,0.826,0.0,0,0.0,0.0,-37,51.38,1,-2,-10.45,0.53,-0.522,-0.049,-0.131,171.41,-0.107,0.0,0,0.0,0.0
Xandll,17,21.12,2,1,8.5,0.0,0.0,0.0,0.0,116.95,0.875,0.0,0,0.0,0.0,60,25.75,8,5,7.5,0.067,0.0,0.033,0.0,179.07,0.797,0.0,0,0.0,0.0,43,4.63,6,4,-1.0,0.067,0.0,0.033,0.0,62.12,-0.078,0.0,0,0.0,0.0
Maurici0M,32,56.53,5,3,6.4,0.062,0.0,0.0,0.0,92.04,0.774,0.0,0,0.0,0.0,68,38.29,11,4,6.18,0.0,0.0,0.0,0.0,212.47,0.701,0.0,0,0.0,0.0,36,-18.24,6,1,-0.22,-0.062,0.0,0.0,0.0,120.43,-0.073,0.0,0,0.0,0.0
econdojo,33,13.64,17,3,1.94,0.0,0.0,0.0,0.0,466.88,0.219,0.0,0,0.0,0.0,51,19.02,24,2,2.12,0.0,0.0,0.0,0.0,358.16,0.44,0.0,0,0.0,0.0,18,5.38,7,-1,0.18,0.0,0.0,0.0,0.0,-108.72,0.221,0.0,0,0.0,0.0
denizzzka,36,51.44,7,1,5.14,0.222,0.028,0.167,0.0,274.39,0.743,0.0,0,20.21,0.143,64,56.48,16,1,4.0,0.266,0.016,0.094,0.016,258.99,0.635,0.0,0,48.29,0.353,28,5.04,9,0,-1.14,0.044,-0.012,-0.073,0.016,-15.4,-0.108,0.0,0,28.08,0.21
laichuangwen,16,16.19,2,2,8.0,0.0,0.0,0.0,0.0,211.31,0.867,0.0,0,0.0,0.0,84,25.36,15,2,5.6,0.0,0.595,0.0,0.0,191.99,0.627,0.0,0,0.45,0.0,68,9.17,13,0,-2.4,0.0,0.595,0.0,0.0,-19.32,-0.24,0.0,0,0.45,0.0
taga3s,69,28.48,4,2,17.25,0.0,0.362,0.0,0.0,73.56,0.603,0.0,0,0.0,0.0,31,16.58,23,1,1.35,0.0,0.0,0.0,0.0,583.3,0.133,0.0,0,0.0,0.0,-38,-11.9,19,-1,-15.9,0.0,-0.362,0.0,0.0,509.74,-0.47,0.0,0,0.0,0.0
AidanMarroyo,16,20.94,4,2,4.0,0.0,0.0,0.062,0.0,361.84,0.733,0.0,0,0.0,0.0,21,22.67,2,5,10.5,0.0,0.0,0.143,0.0,7.22,0.8,0.0,0,0.0,0.0,5,1.73,-2,3,6.5,0.0,0.0,0.081,0.0,-354.62,0.067,0.0,0,0.0,0.0
mb132,7,15.71,3,1,2.33,0.0,0.0,0.0,0.0,1054.7,0.667,0.0,0,0.0,0.0,5,17.8,3,2,1.67,0.0,0.0,0.0,0.0,2790.89,0.0,0.0,0,0.0,0.0,-2,2.09,0,1,-0.66,0.0,0.0,0.0,0.0,1736.19,-0.667,0.0,0,0.0,0.0
MadeByIToncek,7,23.0,4,1,1.75,0.143,0.0,0.0,0.0,1988.71,0.5,0.0,0,0.0,0.0,52,27.96,16,1,3.25,0.077,0.019,0.0,0.019,268.28,0.608,0.0,0,0.0,0.0,45,4.96,12,0,1.5,-0.066,0.019,0.0,0.019,-1720.43,0.108,0.0,0,0.0,0.0
AriooGN,65,31.32,16,4,4.06,0.062,0.0,0.0,0.492,62.69,0.578,0.0,0,0.0,0.0,35,34.0,3,2,11.67,0.0,0.0,0.0,0.857,394.65,0.941,0.0,0,0.0,0.0,-30,2.68,-13,-2,7.61,-0.062,0.0,0.0,0.365,331.96,0.363,0.0,0,0.0,0.0
DebajyotiTalukder2001,77,19.22,15,2,5.13,0.013,0.0,0.0,0.0,48.24,0.605,0.0,0,0.0,0.0,23,20.48,8,2,2.88,0.0,0.0,0.0,0.0,493.39,0.409,0.0,0,0.0,0.0,-54,1.26,-7,0,-2.25,-0.013,0.0,0.0,0.0,445.15,-0.196,0.0,0,0.0,0.0
nafishahmeddev,68,11.47,7,3,9.71,0.0,0.0,0.0,0.0,218.39,0.806,0.0,0,0.0,0.0,31,113.9,6,2,5.17,0.097,0.677,0.0,0.097,382.67,0.733,0.0,0,0.0,0.0,-37,102.43,-1,-1,-4.54,0.097,0.677,0.0,0.097,164.28,-0.073,0.0,0,0.0,0.0
sohan-me,21,19.05,13,4,1.62,0.0,0.0,0.0,0.0,507.66,0.05,0.0,0,0.0,0.0,14,19.14,6,2,2.33,0.0,0.0,0.0,0.0,808.03,0.154,0.0,0,0.0,0.0,-7,0.09,-7,-2,0.71,0.0,0.0,0.0,0.0,300.37,0.104,0.0,0,0.0,0.0
naufan17,5,18.6,4,2,1.25,0.0,0.0,0.0,0.0,2090.73,0.0,0.0,0,0.0,0.0,10,16.0,6,1,1.67,0.0,0.0,0.0,0.0,1323.52,0.333,0.0,0,0.0,0.0,5,-2.6,2,-1,0.42,0.0,0.0,0.0,0.0,-767.21,0.333,0.0,0,0.0,0.0
josephmasson26,28,45.04,7,3,4.0,0.5,0.0,0.0,0.0,124.46,0.704,0.0,0,115.75,0.667,13,39.85,7,1,1.86,0.308,0.0,0.0,0.0,1451.69,0.5,0.0,0,0.0,0.0,-15,-5.19,0,-2,-2.14,-0.192,0.0,0.0,0.0,1327.23,-0.204,0.0,0,-115.75,-0.667
altankorayy,94,13.0,7,5,13.43,0.0,0.0,0.0,0.0,48.54,0.903,0.0,0,0.0,0.0,6,21.83,3,5,2.0,0.0,0.0,0.0,0.0,3595.62,0.6,0.0,0,0.0,0.0,-88,8.83,-4,0,-11.43,0.0,0.0,0.0,0.0,3547.08,-0.303,0.0,0,0.0,0.0
julien-robert-info,53,20.75,13,3,4.08,0.0,0.057,0.038,0.0,335.99,0.346,0.0,0,0.0,0.0,42,21.45,14,3,3.0,0.0,0.881,0.0,0.0,388.37,0.366,0.0,0,0.0,0.0,-11,0.7,1,0,-1.08,0.0,0.824,-0.038,0.0,52.38,0.02,0.0,0,0.0,0.0
hardiv,18,18.78,4,2,4.5,0.056,0.0,0.0,0.0,574.03,0.824,0.0,0,0.0,0.0,15,14.8,7,2,2.14,0.0,0.0,0.0,0.0,899.34,0.357,0.0,0,0.0,0.0,-3,-3.98,3,0,-2.36,-0.056,0.0,0.0,0.0,325.31,-0.467,0.0,0,0.0,0.0
ziginfo,81,18.91,7,2,11.57,0.0,0.0,0.0,0.0,16.2,0.7,0.0,0,0.0,0.0,19,27.74,5,1,3.8,0.158,0.0,0.0,0.0,167.13,0.611,0.0,0,0.0,0.0,-62,8.83,-2,-1,-7.77,0.158,0.0,0.0,0.0,150.93,-0.089,0.0,0,0.0,0.0
Natix1,12,16.0,2,1,6.0,0.0,0.0,0.0,0.0,100.48,0.909,0.0,0,0.0,0.0,88,22.1,15,2,5.87,0.0,0.0,0.011,0.011,158.75,0.54,0.0,0,4.57,0.0,76,6.1,13,1,-0.13,0.0,0.0,0.011,0.011,58.27,-0.369,0.0,0,4.57,0.0
rafalmasiarek,24,40.83,4,2,6.0,0.458,0.0,0.0,0.0,563.75,0.87,0.0,0,0.0,0.0,50,80.4,16,2,3.12,0.52,0.02,0.02,0.0,332.61,0.551,0.0,0,0.0,0.0,26,39.57,12,0,-2.88,0.062,0.02,0.02,0.0,-231.14,-0.319,0.0,0,0.0,0.0
viniciusbelchior0,48,18.38,13,1,3.69,0.042,0.0,0.0,0.0,328.16,0.574,0.0,0,0.0,0.0,52,21.88,10,2,5.2,0.0,0.0,0.0,0.019,283.43,0.804,0.0,0,0.0,0.0,4,3.5,-3,1,1.51,-0.042,0.0,0.0,0.019,-44.73,0.23,0.0,0,0.0,0.0
WillsterJohnson,43,18.77,19,5,2.26,0.023,0.419,0.0,0.0,326.4,0.476,0.0,0,0.0,0.0,7,18.29,5,1,1.4,0.0,0.0,0.0,0.0,718.35,0.333,0.0,0,0.0,0.0,-36,-0.48,-14,-4,-0.86,-0.023,-0.419,0.0,0.0,391.95,-0.143,0.0,0,0.0,0.0
pushkar-15,9,13.22,1,2,9.0,0.0,0.0,0.0,0.0,1.66,0.875,0.0,0,0.0,0.0,81,24.12,7,2,11.57,0.0,0.0,0.0,0.0,40.59,0.7,0.0,0,0.0,0.0,72,10.9,6,0,2.57,0.0,0.0,0.0,0.0,38.93,-0.175,0.0,0,0.0,0.0
Harbinder04,11,37.18,5,2,2.2,0.182,0.0,0.0,0.0,338.43,0.4,0.0,0,95.0,0.5,8,33.38,4,2,2.0,0.125,0.0,0.0,0.0,87.57,0.429,0.0,0,0.0,0.0,-3,-3.8,-1,0,-0.2,-0.057,0.0,0.0,0.0,-250.86,0.029,0.0,0,-95.0,-0.5
djmoth,46,85.33,18,1,2.56,0.239,0.0,0.065,0.0,375.97,0.222,0.0,0,126.83,0.833,33,105.64,8,1,4.12,0.364,0.0,0.394,0.0,349.78,0.219,0.0,0,0.0,0.0,-13,20.31,-10,0,1.56,0.125,0.0,0.329,0.0,-26.19,-0.003,0.0,0,-126.83,-0.833
BloodLetters,16,15.75,3,2,5.33,0.0,0.0,0.0,0.0,621.2,0.8,0.0,0,0.0,0.0,65,32.17,9,4,7.22,0.092,0.0,0.0,0.031,208.46,0.766,0.0,0,0.0,0.0,49,16.42,6,2,1.89,0.092,0.0,0.0,0.031,-412.74,-0.034,0.0,0,0.0,0.0
megian,42,39.69,5,1,8.4,0.167,0.0,0.0,0.0,83.16,0.829,0.0,0,0.0,0.0,24,45.04,4,1,6.0,0.208,0.0,0.0,0.0,595.46,0.696,0.0,0,6.8,0.0,-18,5.35,-1,0,-2.4,0.041,0.0,0.0,0.0,512.3,-0.133,0.0,0,6.8,0.0
MandyTrl,83,29.9,20,4,4.15,0.0,0.0,0.0,0.0,55.02,0.488,0.0,0,0.0,0.0,17,18.71,2,4,8.5,0.0,0.0,0.0,0.0,166.45,0.812,0.0,0,0.0,0.0,-66,-11.19,-18,0,4.35,0.0,0.0,0.0,0.0,111.43,0.324,0.0,0,0.0,0.0
greenmg2003,15,16.0,7,2,2.14,0.0,0.0,0.0,0.0,1010.67,0.429,0.0,0,0.0,0.0,74,45.62,28,2,2.64,0.243,0.0,0.0,0.122,188.29,0.37,0.0,0,39.97,0.212,59,29.62,21,0,0.5,0.243,0.0,0.0,0.122,-822.38,-0.059,0.0,0,39.97,0.212
JacobGrisham,10,84.5,4,1,2.5,0.5,0.0,0.0,0.1,944.38,0.444,0.0,0,0.0,0.0,14,25.5,3,1,4.67,0.071,0.0,0.0,0.0,39.55,0.692,0.0,0,0.0,0.0,4,-59.0,-1,0,2.17,-0.429,0.0,0.0,-0.1,-904.83,0.248,0.0,0,0.0,0.0
juntyr,90,42.54,32,1,2.81,0.011,0.0,0.0,0.0,178.68,0.449,0.0,0,423.0,1.0,10,427.3,6,1,1.67,0.3,0.0,0.2,0.3,395.19,0.333,0.0,0,706.4,1.0,-80,384.76,-26,0,-1.14,0.289,0.0,0.2,0.3,216.51,-0.116,0.0,0,283.4,0.0
thamenato,6,58.33,1,1,6.0,0.333,1.0,0.0,0.333,0.14,1.0,0.0,0,0.0,0.0,94,26.89,24,2,3.92,0.021,1.0,0.0,0.0,113.4,0.247,0.0,0,0.0,0.0,88,-31.44,23,1,-2.08,-0.312,0.0,0.0,-0.333,113.26,-0.753,0.0,0,0.0,0.0
hopkins511,40,15.93,12,1,3.33,0.15,0.0,0.0,0.0,340.31,0.667,0.0,0,0.0,0.0,27,20.44,12,1,2.25,0.148,0.0,0.0,0.0,661.16,0.462,0.0,0,0.0,0.0,-13,4.51,0,0,-1.08,-0.002,0.0,0.0,0.0,320.85,-0.205,0.0,0,0.0,0.0
ldlms,10,8.0,3,3,3.33,0.0,0.0,0.0,0.0,39.5,0.444,0.0,0,0.0,0.0,45,10.49,9,4,5.0,0.0,0.0,0.0,0.0,65.94,0.432,0.0,0,0.0,0.0,35,2.49,6,1,1.67,0.0,0.0,0.0,0.0,26.44,-0.012,0.0,0,0.0,0.0
VitoIanhis,31,22.84,5,2,6.2,0.032,0.0,0.0,0.0,55.22,0.533,0.0,0,0.0,0.0,56,24.57,11,4,5.09,0.125,0.0,0.0,0.0,227.35,0.782,0.0,0,0.0,0.0,25,1.73,6,2,-1.11,0.093,0.0,0.0,0.0,172.13,0.249,0.0,0,0.0,0.0
null-qwerty,32,208.12,5,2,6.4,0.031,0.0,0.0,0.0,240.29,0.613,0.0,0,0.0,0.0,57,16.28,14,3,4.07,0.0,0.0,0.035,0.0,340.38,0.661,0.0,0,0.0,0.0,25,-191.84,9,1,-2.33,-0.031,0.0,0.035,0.0,100.09,0.048,0.0,0,0.0,0.0
gcobb321,22,22.91,10,1,2.2,0.0,0.0,0.0,0.0,711.93,0.429,0.0,0,0.0,0.0,72,22.06,36,1,2.0,0.028,0.0,0.0,0.014,242.92,0.254,0.0,0,0.0,0.0,50,-0.85,26,0,-0.2,0.028,0.0,0.0,0.014,-469.01,-0.175,0.0,0,0.0,0.0
shivamdhumal77,5,26.4,1,1,5.0,0.0,0.0,0.0,0.0,2.18,0.5,0.0,0,0.0,0.0,20,116.15,6,4,3.33,0.1,0.0,0.0,0.0,115.38,0.737,0.0,0,0.0,0.0,15,89.75,5,3,-1.67,0.1,0.0,0.0,0.0,113.2,0.237,0.0,0,0.0,0.0
AntonLED,19,29.89,5,1,3.8,0.0,0.0,0.0,0.0,89.47,0.444,0.0,0,0.0,0.0,11,33.82,3,2,3.67,0.091,0.0,0.091,0.0,452.88,0.5,0.0,0,57.0,1.0,-8,3.93,-2,1,-0.13,0.091,0.0,0.091,0.0,363.41,0.056,0.0,0,57.0,1.0
jeffkl,17,64.59,8,2,2.12,0.353,0.0,0.235,0.294,865.7,0.562,0.0,0,0.0,0.0,20,35.15,11,2,1.82,0.05,0.0,0.0,0.0,986.4,0.263,0.0,0,11.86,0.143,3,-29.44,3,0,-0.3,-0.303,0.0,-0.235,-0.294,120.7,-0.299,0.0,0,11.86,0.143
nakamurakko,16,36.69,3,1,5.33,0.188,0.0,0.0,0.0,31.03,0.4,0.0,0,0.0,0.0,81,139.44,43,1,1.88,0.815,0.0,0.099,0.0,228.89,0.438,0.0,0,0.0,0.0,65,102.75,40,0,-3.45,0.627,0.0,0.099,0.0,197.86,0.038,0.0,0,0.0,0.0
adolfopa,6,41.17,1,1,6.0,0.167,0.0,0.0,0.0,0.21,1.0,0.0,0,0.0,0.0,15,97.0,5,1,3.0,0.4,0.0,0.333,0.0,49.28,0.429,0.0,0,0.0,0.0,9,55.83,4,0,-3.0,0.233,0.0,0.333,0.0,49.07,-0.571,0.0,0,0.0,0.0
thesongmartins,5,8.2,2,2,2.5,0.0,0.0,0.0,0.0,677.24,0.5,0.0,0,0.0,0.0,41,19.34,14,5,2.93,0.0,0.0,0.0,0.0,442.27,0.6,0.0,0,0.0,0.0,36,11.14,12,3,0.43,0.0,0.0,0.0,0.0,-234.97,0.1,0.0,0,0.0,0.0
mrebiai,32,19.44,8,3,4.0,0.0,0.469,0.0,0.0,150.01,0.516,0.0,0,0.0,0.0,13,22.31,11,1,1.18,0.0,0.077,0.0,0.0,1317.88,0.083,0.0,0,0.0,0.0,-19,2.87,3,-2,-2.82,0.0,-0.392,0.0,0.0,1167.87,-0.433,0.0,0,0.0,0.0
PenHsuanWang,6,31.33,1,1,6.0,0.167,0.0,0.167,0.0,14.67,0.6,0.0,0,45.0,0.0,81,40.06,12,1,6.75,0.198,0.0,0.062,0.0,192.5,0.637,0.0,0,0.0,0.0,75,8.73,11,0,0.75,0.031,0.0,-0.105,0.0,177.83,0.037,0.0,0,-45.0,0.0
thomhurst,18,118.94,4,1,4.5,0.778,0.0,0.056,0.0,66.81,0.765,0.0,0,0.0,0.0,30,106.53,7,1,4.29,0.8,0.0,0.133,0.0,460.19,0.724,0.0,0,2976.75,1.0,12,-12.41,3,0,-0.21,0.022,0.0,0.077,0.0,393.38,-0.041,0.0,0,2976.75,1.0
laurenesco,36,20.83,10,4,3.6,0.0,0.0,0.0,0.167,319.47,0.371,0.0,0,0.0,0.0,8,15.0,4,1,2.0,0.0,0.0,0.0,0.0,387.5,0.571,0.0,0,0.0,0.0,-28,-5.83,-6,-3,-1.6,0.0,0.0,0.0,-0.167,68.03,0.2,0.0,0,0.0,0.0
onigoetz,30,35.03,7,1,4.29,0.067,0.0,0.133,0.067,538.91,0.552,0.0,0,0.0,0.0,25,22.04,7,1,3.57,0.0,0.0,0.0,0.0,592.98,0.625,0.0,0,0.0,0.0,-5,-12.99,0,0,-0.72,-0.067,0.0,-0.133,-0.067,54.07,0.073,0.0,0,0.0,0.0
Neluxx,10,26.9,2,1,5.0,0.0,0.0,0.0,0.0,1427.98,0.778,0.0,0,0.0,0.0,50,54.94,6,1,8.33,0.6,0.84,0.06,0.0,52.05,0.776,0.0,0,4.33,0.0,40,28.04,4,0,3.33,0.6,0.84,0.06,0.0,-1375.93,-0.002,0.0,0,4.33,0.0
prisle123,62,18.92,17,1,3.65,0.081,0.0,0.0,0.0,111.94,0.295,0.0,0,0.5,0.0,38,9.26,6,1,6.33,0.053,0.0,0.0,0.0,21.85,0.378,0.0,0,0.0,0.0,-24,-9.66,-11,0,2.68,-0.028,0.0,0.0,0.0,-90.09,0.083,0.0,0,-0.5,0.0
Yusef-Ahmed,29,16.03,6,4,4.83,0.0,0.0,0.0,0.0,219.18,0.75,0.0,0,0.0,0.0,24,21.25,4,1,6.0,0.125,0.0,0.0,0.0,412.06,0.783,0.0,0,0.0,0.0,-5,5.22,-2,-3,1.17,0.125,0.0,0.0,0.0,192.88,0.033,0.0,0,0.0,0.0
sh0n1n,52,40.56,11,5,4.73,0.327,0.0,0.0,0.019,85.07,0.686,0.0,0,73.2,0.6,7,34.29,2,2,3.5,0.143,0.0,0.0,0.0,16.29,0.833,0.0,0,80.0,1.0,-45,-6.27,-9,-3,-1.23,-0.184,0.0,0.0,-0.019,-68.78,0.147,0.0,0,6.8,0.4
zsniko,32,15.09,6,4,5.33,0.0,0.0,0.031,0.0,280.35,0.645,0.0,0,0.0,0.0,28,14.0,5,3,5.6,0.0,0.0,0.0,0.0,328.98,0.741,0.0,0,0.0,0.0,-4,-1.09,-1,-1,0.27,0.0,0.0,-0.031,0.0,48.63,0.096,0.0,0,0.0,0.0
Quae03,18,25.67,3,2,6.0,0.0,0.0,0.0,0.0,735.36,0.824,0.0,0,0.0,0.0,25,47.84,6,5,4.17,0.28,0.0,0.0,0.0,441.03,0.667,0.0,0,162.0,1.0,7,22.17,3,3,-1.83,0.28,0.0,0.0,0.0,-294.33,-0.157,0.0,0,162.0,1.0
StarSein,10,16.0,2,1,5.0,0.0,0.0,0.0,0.0,444.91,0.889,0.0,0,0.0,0.0,90,69.26,20,2,4.5,0.011,0.0,0.0,0.033,156.15,0.337,0.0,0,0.0,0.0,80,53.26,18,1,-0.5,0.011,0.0,0.0,0.033,-288.76,-0.552,0.0,0,0.0,0.0
henrij22,6,29.67,1,1,6.0,0.333,0.0,0.0,0.0,0.2,1.0,0.0,0,0.0,0.0,11,14.09,9,2,1.22,0.0,0.0,0.0,0.0,991.58,0.2,0.0,0,0.0,0.0,5,-15.58,8,1,-4.78,-0.333,0.0,0.0,0.0,991.38,-0.8,0.0,0,0.0,0.0
alexy-ok,17,17.53,4,4,4.25,0.0,0.0,0.059,0.0,883.52,0.562,0.0,0,0.0,0.0,60,20.53,20,2,3.0,0.033,0.0,0.017,0.0,252.58,0.508,0.0,0,0.0,0.0,43,3.0,16,-2,-1.25,0.033,0.0,-0.042,0.0,-630.94,-0.054,0.0,0,0.0,0.0
prisis,24,37.88,5,2,4.8,0.042,0.833,0.0,0.0,450.65,0.522,0.0,0,0.0,0.0,18,106.83,6,2,3.0,0.389,0.778,0.056,0.222,734.86,0.588,0.0,0,0.0,0.0,-6,68.95,1,0,-1.8,0.347,-0.055,0.056,0.222,284.21,0.066,0.0,0,0.0,0.0
RMV-Coder,52,37.06,8,4,6.5,0.154,0.0,0.0,0.019,325.02,0.725,0.0,0,0.0,0.0,7,22.57,4,2,1.75,0.0,0.0,0.0,0.0,1379.93,0.333,0.0,0,0.0,0.0,-45,-14.49,-4,-2,-4.75,-0.154,0.0,0.0,-0.019,1054.91,-0.392,0.0,0,0.0,0.0
Corso19,35,31.06,7,4,5.0,0.029,0.0,0.029,0.029,353.29,0.559,0.0,0,0.0,0.0,10,42.3,2,1,5.0,0.3,0.0,0.0,0.0,11.93,0.333,0.0,0,0.0,0.0,-25,11.24,-5,-3,0.0,0.271,0.0,-0.029,-0.029,-341.36,-0.226,0.0,0,0.0,0.0
tejas-contentstack,11,23.18,4,2,2.75,0.091,0.0,0.091,0.0,426.26,0.5,0.0,0,0.0,0.0,21,14.67,4,1,5.25,0.0,0.0,0.333,0.0,226.99,0.75,0.0,0,0.0,0.0,10,-8.51,0,-1,2.5,-0.091,0.0,0.242,0.0,-199.27,0.25,0.0,0,0.0,0.0
MaisClement,45,28.91,19,5,2.37,0.267,0.0,0.022,0.022,332.7,0.432,0.0,0,0.0,0.0,30,47.37,15,1,2.0,0.4,0.0,0.0,0.0,216.0,0.276,0.0,0,0.0,0.0,-15,18.46,-4,-4,-0.37,0.133,0.0,-0.022,-0.022,-116.7,-0.156,0.0,0,0.0,0.0
tashrique,88,19.02,7,5,12.57,0.0,0.0,0.0,0.057,37.61,0.701,0.0,0,0.0,0.0,12,16.33,8,3,1.5,0.0,0.0,0.0,0.0,706.43,0.273,0.0,0,0.0,0.0,-76,-2.69,1,-2,-11.07,0.0,0.0,0.0,-0.057,668.82,-0.428,0.0,0,0.0,0.0
fv-c,16,15.0,3,2,5.33,0.0,0.0,0.0,0.0,85.26,0.733,0.0,0,0.0,0.0,28,16.75,10,4,2.8,0.0,0.0,0.0,0.0,670.47,0.556,0.0,0,0.0,0.0,12,1.75,7,2,-2.53,0.0,0.0,0.0,0.0,585.21,-0.177,0.0,0,0.0,0.0
syntaxdesigner01,84,88.77,8,4,10.5,0.286,0.0,0.0,0.19,18.96,0.663,0.0,0,1.24,0.0,16,94.69,7,2,2.29,0.375,0.25,0.0,0.062,1207.61,0.6,0.0,0,0.0,0.0,-68,5.92,-1,-2,-8.21,0.089,0.25,0.0,-0.128,1188.65,-0.063,0.0,0,-1.24,0.0
arjun-ramaswamy,7,69.57,3,1,2.33,0.143,0.0,0.0,0.0,161.06,0.667,0.0,0,0.0,0.0,10,59.3,8,2,1.25,0.5,0.0,0.0,0.0,1082.77,0.222,0.0,0,0.0,0.0,3,-10.27,5,1,-1.08,0.357,0.0,0.0,0.0,921.71,-0.445,0.0,0,0.0,0.0
Prasanth595,12,17.17,4,3,3.0,0.0,0.0,0.083,0.0,1011.29,0.636,0.0,0,0.0,0.0,7,16.0,3,1,2.33,0.0,0.0,0.0,0.0,3236.77,0.667,0.0,0,0.0,0.0,-5,-1.17,-1,-2,-0.67,0.0,0.0,-0.083,0.0,2225.48,0.031,0.0,0,0.0,0.0
juanpabloinformatica,10,23.2,2,2,5.0,0.0,0.0,0.0,0.0,462.53,0.667,0.0,0,0.0,0.0,9,37.78,5,2,1.8,0.333,0.0,0.0,0.0,177.3,0.5,0.0,0,50.0,0.333,-1,14.58,3,0,-3.2,0.333,0.0,0.0,0.0,-285.23,-0.167,0.0,0,50.0,0.333
kai-niemi,73,37.26,18,1,4.06,0.096,0.0,0.0,0.014,188.79,0.403,0.0,0,0.0,0.0,27,24.19,9,1,3.0,0.111,0.0,0.0,0.0,237.23,0.231,0.0,0,0.0,0.0,-46,-13.07,-9,0,-1.06,0.015,0.0,0.0,-0.014,48.44,-0.172,0.0,0,0.0,0.0
digitalghost-dev,84,25.26,23,2,3.65,0.0,0.0,0.0,0.0,78.76,0.434,0.0,0,0.0,0.0,16,25.25,8,1,2.0,0.062,0.0,0.062,0.062,1016.27,0.333,0.0,0,0.0,0.0,-68,-0.01,-15,-1,-1.65,0.062,0.0,0.062,0.062,937.51,-0.101,0.0,0,0.0,0.0
g-whittington,11,36.27,2,1,5.5,0.0,0.0,0.0,0.0,2.69,0.9,0.0,0,0.0,0.0,33,37.94,3,2,11.0,0.03,0.0,0.0,0.0,119.37,0.906,0.0,0,0.0,0.0,22,1.67,1,1,5.5,0.03,0.0,0.0,0.0,116.68,0.006,0.0,0,0.0,0.0
tinnytoon8,8,15.0,3,2,2.67,0.0,0.0,0.0,0.0,384.02,0.714,0.0,0,0.0,0.0,31,23.06,12,4,2.58,0.0,0.0,0.0,0.0,630.33,0.467,0.0,0,0.0,0.0,23,8.06,9,2,-0.09,0.0,0.0,0.0,0.0,246.31,-0.247,0.0,0,0.0,0.0
adityjoshi,47,17.19,9,2,5.22,0.0,0.0,0.0,0.0,222.91,0.609,0.0,0,0.0,0.0,38,16.47,22,1,1.73,0.0,0.0,0.0,0.0,454.27,0.27,0.0,0,0.0,0.0,-9,-0.72,13,-1,-3.49,0.0,0.0,0.0,0.0,231.36,-0.339,0.0,0,0.0,0.0
mmamei,24,23.38,13,1,1.85,0.0,0.0,0.0,0.333,436.13,0.217,0.0,0,0.0,0.0,19,17.53,13,1,1.46,0.0,0.0,0.053,0.0,542.3,0.056,0.0,0,0.0,0.0,-5,-5.85,0,0,-0.39,0.0,0.0,0.053,-0.333,106.17,-0.161,0.0,0,0.0,0.0
gvbsxmoon,19,29.21,2,1,9.5,0.158,0.0,0.158,0.0,6.67,0.667,0.0,0,0.0,0.0,49,19.69,9,3,5.44,0.061,0.0,0.163,0.0,192.22,0.688,0.0,0,0.0,0.0,30,-9.52,7,2,-4.06,-0.097,0.0,0.005,0.0,185.55,0.021,0.0,0,0.0,0.0
DavideDiCaprio,88,29.32,6,5,14.67,0.045,0.0,0.034,0.0,13.27,0.644,0.0,0,5.6,0.0,12,30.75,6,3,2.0,0.083,0.0,0.0,0.0,852.78,0.273,0.0,0,0.0,0.0,-76,1.43,0,-2,-12.67,0.038,0.0,-0.034,0.0,839.51,-0.371,0.0,0,-5.6,0.0
SchlittDataSci,7,34.71,1,1,7.0,0.143,0.0,0.286,0.0,0.51,0.833,0.0,0,0.0,0.0,35,80.86,13,1,2.69,0.314,0.0,0.0,0.029,523.69,0.353,0.0,0,0.0,0.0,28,46.15,12,0,-4.31,0.171,0.0,-0.286,0.029,523.18,-0.48,0.0,0,0.0,0.0
yongliang-wu,6,23.17,3,1,2.0,0.0,0.0,0.0,0.0,227.39,0.6,0.0,0,0.0,0.0,94,15.93,36,3,2.61,0.021,0.0,0.0,0.0,200.99,0.376,0.0,0,0.0,0.0,88,-7.24,33,2,0.61,0.021,0.0,0.0,0.0,-26.4,-0.224,0.0,0,0.0,0.0
ketutardika,19,22.32,2,1,9.5,0.0,0.0,0.0,0.0,12.93,0.278,0.0,0,0.0,0.0,81,118.68,10,5,8.1,0.309,0.148,0.0,0.136,183.07,0.7,0.0,0,19.38,0.125,62,96.36,8,4,-1.4,0.309,0.148,0.0,0.136,170.14,0.422,0.0,0,19.38,0.125
audiocomp,18,19.89,5,1,3.6,0.0,0.0,0.0,0.0,272.51,0.647,0.0,0,0.0,0.0,37,50.95,13,2,2.85,0.405,0.0,0.0,0.108,527.95,0.556,0.0,0,10.28,0.056,19,31.06,8,1,-0.75,0.405,0.0,0.0,0.108,255.44,-0.091,0.0,0,10.28,0.056
kasnerz,42,11.21,18,1,2.33,0.0,0.0,0.0,0.0,310.88,0.415,0.0,0,0.0,0.0,50,11.78,17,1,2.94,0.06,0.0,0.0,0.0,296.78,0.531,0.0,0,0.0,0.0,8,0.57,-1,0,0.61,0.06,0.0,0.0,0.0,-14.1,0.116,0.0,0,0.0,0.0
huneeJung,10,10.4,3,1,3.33,0.0,0.0,0.0,0.0,34.21,0.0,0.0,0,0.0,0.0,90,18.2,22,2,4.09,0.011,0.0,0.0,0.067,116.79,0.449,0.0,0,0.0,0.0,80,7.8,19,1,0.76,0.011,0.0,0.0,0.067,82.58,0.449,0.0,0,0.0,0.0
larsewi,38,22.74,21,2,1.81,0.026,0.0,0.0,0.0,374.45,0.324,0.0,0,0.0,0.0,39,32.56,18,1,2.17,0.077,0.0,0.0,0.0,468.05,0.316,0.0,0,0.0,0.0,1,9.82,-3,-1,0.36,0.051,0.0,0.0,0.0,93.6,-0.008,0.0,0,0.0,0.0
rasmussvala,28,32.93,2,1,14.0,0.143,0.0,0.0,0.0,5.3,0.778,0.0,0,0.0,0.0,72,35.81,10,1,7.2,0.194,0.0,0.028,0.0,99.91,0.676,0.0,0,0.0,0.0,44,2.88,8,0,-6.8,0.051,0.0,0.028,0.0,94.61,-0.102,0.0,0,0.0,0.0
thingineeer,94,15.26,31,3,3.03,0.138,0.021,0.0,0.0,153.35,0.204,0.0,0,0.0,0.0,6,11.33,3,2,2.0,0.0,0.833,0.0,0.0,449.63,0.4,0.0,0,0.0,0.0,-88,-3.93,-28,-1,-1.03,-0.138,0.812,0.0,0.0,296.28,0.196,0.0,0,0.0,0.0
pkj7323,27,19.89,11,1,2.45,0.259,0.0,0.0,0.0,80.28,0.192,0.0,0,0.0,0.0,73,28.07,12,3,6.08,0.11,0.0,0.0,0.0,244.39,0.556,0.0,0,36.0,0.0,46,8.18,1,2,3.63,-0.149,0.0,0.0,0.0,164.11,0.364,0.0,0,36.0,0.0
Rankoll,44,45.77,11,1,4.0,0.295,0.0,0.295,0.0,71.65,0.605,0.0,0,0.0,0.0,9,54.22,3,2,3.0,0.333,0.0,0.333,0.0,1886.15,0.625,0.0,0,0.0,0.0,-35,8.45,-8,1,-1.0,0.038,0.0,0.038,0.0,1814.5,0.02,0.0,0,0.0,0.0
eszpee,36,20.17,1,1,36.0,0.0,0.0,0.028,0.056,3.97,0.8,0.0,0,6.0,0.0,14,45.29,3,1,4.67,0.143,0.0,0.0,0.0,489.5,0.385,0.0,0,0.0,0.0,-22,25.12,2,0,-31.33,0.143,0.0,-0.028,-0.056,485.53,-0.415,0.0,0,-6.0,0.0
AlexSzefezuk,30,23.2,5,4,6.0,0.033,0.0,0.0,0.0,373.54,0.345,0.0,0,0.0,0.0,70,51.19,11,2,6.36,0.186,0.671,0.1,0.0,266.49,0.71,0.0,0,0.0,0.0,40,27.99,6,-2,0.36,0.153,0.671,0.1,0.0,-107.05,0.365,0.0,0,0.0,0.0
leafbird,10,37.6,3,1,3.33,0.3,0.6,0.0,0.2,31.75,0.222,0.0,0,0.0,0.0,76,38.91,28,2,2.71,0.039,0.0,0.0,0.237,188.01,0.227,0.0,0,0.0,0.0,66,1.31,25,1,-0.62,-0.261,-0.6,0.0,0.037,156.26,0.005,0.0,0,0.0,0.0
IvanLeffalle,71,16.72,4,3,17.75,0.028,0.0,0.0,0.0,36.5,0.786,0.0,0,0.0,0.0,29,15.97,4,1,7.25,0.0,0.0,0.0,0.069,197.43,0.857,0.0,0,0.0,0.0,-42,-0.75,0,-2,-10.5,-0.028,0.0,0.0,0.069,160.93,0.071,0.0,0,0.0,0.0
xlionjuan,6,24.83,3,2,2.0,0.333,0.0,0.0,0.0,3052.37,0.2,0.0,0,0.0,0.0,61,51.51,19,1,3.21,0.246,0.0,0.0,0.0,277.51,0.6,0.0,0,0.0,0.0,55,26.68,16,-1,1.21,-0.087,0.0,0.0,0.0,-2774.86,0.4,0.0,0,0.0,0.0
Skordio,81,58.33,10,3,8.1,0.012,0.148,0.136,0.025,47.93,0.7,0.0,0,0.0,0.0,19,52.16,3,2,6.33,0.0,0.0,0.105,0.0,377.61,0.833,0.0,0,0.0,0.0,-62,-6.17,-7,-1,-1.77,-0.012,-0.148,-0.031,-0.025,329.68,0.133,0.0,0,0.0,0.0
starreeze,14,29.57,9,3,1.56,0.143,0.0,0.0,0.0,640.69,0.077,0.0,0,0.0,0.0,5,11.8,3,1,1.67,0.0,0.0,0.0,0.0,1140.62,0.5,0.0,0,0.0,0.0,-9,-17.77,-6,-2,0.11,-0.143,0.0,0.0,0.0,499.93,0.423,0.0,0,0.0,0.0
Aglargil,7,8.43,1,1,7.0,0.0,0.0,0.0,0.0,0.53,0.833,0.0,0,0.0,0.0,7,9.71,6,1,1.17,0.0,0.0,0.0,0.0,275.81,0.0,0.0,0,0.0,0.0,0,1.28,5,0,-5.83,0.0,0.0,0.0,0.0,275.28,-0.833,0.0,0,0.0,0.0
Pajju54,9,19.44,2,1,4.5,0.0,0.0,0.0,0.0,16.68,0.875,0.0,0,0.0,0.0,24,20.08,7,4,3.43,0.0,0.0,0.0,0.0,229.74,0.696,0.0,0,0.0,0.0,15,0.64,5,3,-1.07,0.0,0.0,0.0,0.0,213.06,-0.179,0.0,0,0.0,0.0
gcko,19,64.16,6,1,3.17,0.421,0.0,0.053,0.421,596.73,0.611,0.0,0,0.0,0.0,62,146.02,8,1,7.75,0.903,0.742,0.097,0.145,301.83,0.836,0.0,0,910.0,0.769,43,81.86,2,0,4.58,0.482,0.742,0.044,-0.276,-294.9,0.225,0.0,0,910.0,0.769
daniharmade,21,19.38,3,3,7.0,0.0,0.0,0.0,0.0,50.71,0.75,0.0,0,0.0,0.0,77,15.74,16,4,4.81,0.0,0.0,0.0,0.0,250.91,0.684,0.0,0,0.0,0.0,56,-3.64,13,1,-2.19,0.0,0.0,0.0,0.0,200.2,-0.066,0.0,0,0.0,0.0
FAITH-ORAN,17,18.18,6,3,2.83,0.059,0.0,0.0,0.0,963.36,0.625,0.0,0,0.0,0.0,7,16.0,2,1,3.5,0.0,0.0,0.0,0.0,593.02,0.833,0.0,0,0.0,0.0,-10,-2.18,-4,-2,0.67,-0.059,0.0,0.0,0.0,-370.34,0.208,0.0,0,0.0,0.0
gabrielfernando01,42,23.21,13,2,3.23,0.143,0.0,0.0,0.0,244.1,0.39,0.0,0,0.0,0.0,58,32.72,14,3,4.14,0.0,0.0,0.0,0.0,305.51,0.386,0.0,0,0.0,0.0,16,9.51,1,1,0.91,-0.143,0.0,0.0,0.0,61.41,-0.004,0.0,0,0.0,0.0
jvictordev1,32,15.84,7,5,4.57,0.0,0.0,0.0,0.0,89.76,0.742,0.0,0,0.0,0.0,6,16.0,3,1,2.0,0.0,0.0,0.0,0.0,894.82,0.4,0.0,0,0.0,0.0,-26,0.16,-4,-4,-2.57,0.0,0.0,0.0,0.0,805.06,-0.342,0.0,0,0.0,0.0
gwynethguo,31,12.74,5,3,6.2,0.0,0.0,0.0,0.0,67.49,0.833,0.0,0,0.0,0.0,5,16.0,4,1,1.25,0.0,0.0,0.0,0.0,3539.56,0.25,0.0,0,0.0,0.0,-26,3.26,-1,-2,-4.95,0.0,0.0,0.0,0.0,3472.07,-0.583,0.0,0,0.0,0.0
lolitoooo,48,18.92,11,4,4.36,0.021,0.0,0.0,0.0,192.8,0.681,0.0,0,0.0,0.0,48,45.88,8,4,6.0,0.167,0.042,0.083,0.0,407.5,0.787,0.0,0,175.5,0.75,0,26.96,-3,0,1.64,0.146,0.042,0.083,0.0,214.7,0.106,0.0,0,175.5,0.75
Snowiiii,76,38.22,19,4,4.0,0.184,0.0,0.0,0.053,170.89,0.627,0.0,0,0.0,0.0,18,83.61,7,2,2.57,0.5,0.0,0.0,0.0,868.48,0.588,0.0,0,0.0,0.0,-58,45.39,-12,-2,-1.43,0.316,0.0,0.0,-0.053,697.59,-0.039,0.0,0,0.0,0.0
iamRajatSharma,38,15.05,12,4,3.17,0.0,0.0,0.0,0.0,292.6,0.622,0.0,0,0.0,0.0,25,17.36,6,3,4.17,0.0,0.0,0.0,0.0,522.76,0.667,0.0,0,0.0,0.0,-13,2.31,-6,-1,1.0,0.0,0.0,0.0,0.0,230.16,0.045,0.0,0,0.0,0.0
VoidKeishi,78,28.77,12,5,6.5,0.192,0.0,0.026,0.026,46.06,0.597,0.0,0,0.0,0.0,22,110.45,9,2,2.44,0.136,0.227,0.0,0.091,498.25,0.333,0.0,0,0.0,0.0,-56,81.68,-3,-3,-4.06,-0.056,0.227,-0.026,0.065,452.19,-0.264,0.0,0,0.0,0.0
ramya487,10,18.1,6,2,1.67,0.0,0.0,0.0,0.0,613.5,0.333,0.0,0,0.0,0.0,90,31.03,13,2,6.92,0.0,0.0,0.0,0.722,168.84,0.753,0.0,0,0.0,0.0,80,12.93,7,0,5.25,0.0,0.0,0.0,0.722,-444.66,0.42,0.0,0,0.0,0.0
dev-nirob1,13,20.54,3,5,4.33,0.0,0.0,0.0,0.0,57.06,0.333,0.0,0,0.0,0.0,15,17.6,3,1,5.0,0.0,0.0,0.0,0.0,54.92,0.643,0.0,0,0.0,0.0,2,-2.94,0,-4,0.67,0.0,0.0,0.0,0.0,-2.14,0.31,0.0,0,0.0,0.0
SMARIFUL1,18,20.0,4,5,4.5,0.0,0.0,0.0,0.0,101.56,0.765,0.0,0,0.0,0.0,13,16.31,1,1,13.0,0.0,0.0,0.0,0.077,0.5,0.917,0.0,0,0.0,0.0,-5,-3.69,-3,-4,8.5,0.0,0.0,0.0,0.077,-101.06,0.152,0.0,0,0.0,0.0
momahboobian,72,40.32,7,1,10.29,0.153,0.0,0.0,0.0,14.56,0.775,0.0,0,309.93,1.0,28,35.21,5,1,5.6,0.286,0.107,0.0,0.0,460.44,0.741,0.0,0,41.12,0.125,-44,-5.11,-2,0,-4.69,0.133,0.107,0.0,0.0,445.88,-0.034,0.0,0,-268.81,-0.875
raymon-roos,67,87.25,21,2,3.19,0.239,0.687,0.0,0.015,187.65,0.621,0.0,0,0.0,0.0,33,200.12,21,3,1.57,0.727,0.909,0.0,0.03,542.53,0.344,0.0,0,0.0,0.0,-34,112.87,0,1,-1.62,0.488,0.222,0.0,0.015,354.88,-0.277,0.0,0,0.0,0.0
reverb6821,17,33.71,11,2,1.55,0.176,0.0,0.0,0.0,1011.42,0.312,0.0,0,0.0,0.0,29,20.93,8,2,3.62,0.0,0.552,0.034,0.0,408.67,0.5,0.0,0,0.0,0.0,12,-12.78,-3,0,2.07,-0.176,0.552,0.034,0.0,-602.75,0.188,0.0,0,0.0,0.0
kacper-sx,35,28.43,7,4,5.0,0.029,0.714,0.0,0.0,136.45,0.706,0.0,0,0.0,0.0,21,28.24,8,1,2.62,0.0,0.905,0.0,0.0,205.02,0.3,0.0,0,0.0,0.0,-14,-0.19,1,-3,-2.38,-0.029,0.191,0.0,0.0,68.57,-0.406,0.0,0,0.0,0.0
LluisFB,6,40.5,5,1,1.2,0.0,0.0,0.0,0.0,494.98,0.2,0.0,0,0.0,0.0,6,38.5,1,1,6.0,0.167,0.0,0.0,0.0,12.97,0.6,0.0,0,0.0,0.0,0,-2.0,-4,0,4.8,0.167,0.0,0.0,0.0,-482.01,0.4,0.0,0,0.0,0.0
hazz01,16,18.94,5,3,3.2,0.0,0.0,0.0,0.125,184.18,0.667,0.0,0,0.0,0.0,8,25.88,4,1,2.0,0.0,0.0,0.0,0.0,2075.46,0.571,0.0,0,0.0,0.0,-8,6.94,-1,-2,-1.2,0.0,0.0,0.0,-0.125,1891.28,-0.096,0.0,0,0.0,0.0
jens-thomae,12,45.5,5,1,2.4,0.0,0.417,0.0,0.0,55.19,0.455,0.0,0,0.0,0.0,43,48.91,16,2,2.69,0.163,0.116,0.023,0.0,439.92,0.452,0.0,0,0.0,0.0,31,3.41,11,1,0.29,0.163,-0.301,0.023,0.0,384.73,-0.003,0.0,0,0.0,0.0
WafeeRahman,56,126.55,7,2,8.0,0.5,0.0,0.0,0.107,31.87,0.473,0.0,0,0.0,0.0,44,20.59,11,2,4.0,0.045,0.0,0.0,0.0,434.37,0.674,0.0,0,0.0,0.0,-12,-105.96,4,0,-4.0,-0.455,0.0,0.0,-0.107,402.5,0.201,0.0,0,0.0,0.0
jpolitz,6,3.33,1,1,6.0,0.0,0.0,0.0,0.0,0.04,1.0,0.0,0,0.0,0.0,51,10.55,21,1,2.43,0.02,0.0,0.0,0.0,333.06,0.46,0.0,0,0.0,0.0,45,7.22,20,0,-3.57,0.02,0.0,0.0,0.0,333.02,-0.54,0.0,0,0.0,0.0
ligaoqi2,13,15.62,4,2,3.25,0.0,0.0,0.0,0.0,1197.89,0.75,0.0,0,0.0,0.0,42,19.79,9,1,4.67,0.048,0.0,0.0,0.0,307.61,0.78,0.0,0,0.0,0.0,29,4.17,5,-1,1.42,0.048,0.0,0.0,0.0,-890.28,0.03,0.0,0,0.0,0.0
entelecheia,25,58.2,7,1,3.57,0.04,0.68,0.0,0.0,160.07,0.625,0.0,0,0.0,0.0,75,119.81,29,1,2.59,0.507,0.48,0.04,0.133,211.26,0.554,0.0,0,3730.17,1.0,50,61.61,22,0,-0.98,0.467,-0.2,0.04,0.133,51.19,-0.071,0.0,0,3730.17,1.0
MGAMZ,95,17.59,7,2,13.57,0.0,0.0,0.011,0.0,23.16,0.436,0.0,0,6.0,0.0,5,17.0,5,1,1.0,0.0,0.0,0.0,0.0,2069.83,0.0,0.0,0,0.0,0.0,-90,-0.59,-2,-1,-12.57,0.0,0.0,-0.011,0.0,2046.67,-0.436,0.0,0,-6.0,0.0
nisarganc,6,17.17,1,1,6.0,0.0,0.0,0.0,0.0,0.33,1.0,0.0,0,0.0,0.0,94,17.4,7,2,13.43,0.0,0.0,0.0,0.0,163.98,0.828,0.0,0,0.0,0.0,88,0.23,6,1,7.43,0.0,0.0,0.0,0.0,163.65,-0.172,0.0,0,0.0,0.0
mossnisse,9,55.44,3,3,3.0,0.111,0.0,0.0,0.0,872.98,0.75,0.0,0,0.0,0.0,53,39.42,16,3,3.31,0.208,0.0,0.0,0.0,240.87,0.538,0.0,0,0.0,0.0,44,-16.02,13,0,0.31,0.097,0.0,0.0,0.0,-632.11,-0.212,0.0,0,0.0,0.0
dr-pandit-69,7,15.57,1,1,7.0,0.0,0.0,0.0,0.0,0.03,1.0,0.0,0,0.0,0.0,48,16.69,3,4,16.0,0.062,0.0,0.062,0.0,108.28,0.894,0.0,0,0.0,0.0,41,1.12,2,3,9.0,0.062,0.0,0.062,0.0,108.25,-0.106,0.0,0,0.0,0.0
kavos113,5,15.2,2,1,2.5,0.0,0.0,0.0,0.0,41.43,0.0,0.0,0,46.33,0.333,57,10.0,4,4,14.25,0.0,0.0,0.0,0.0,47.14,0.661,0.0,0,0.0,0.0,52,-5.2,2,3,11.75,0.0,0.0,0.0,0.0,5.71,0.661,0.0,0,-46.33,-0.333
M0R6,6,24.33,2,2,3.0,0.0,0.0,0.0,0.0,76.84,0.6,0.0,0,0.0,0.0,77,24.84,15,5,5.13,0.078,0.0,0.0,0.013,221.38,0.645,0.0,0,0.0,0.0,71,0.51,13,3,2.13,0.078,0.0,0.0,0.013,144.54,0.045,0.0,0,0.0,0.0
kaismic,42,56.95,17,1,2.47,0.262,0.0,0.0,0.0,322.46,0.317,0.0,0,0.0,0.0,58,40.07,9,2,6.44,0.0,0.0,0.0,0.0,239.88,0.421,0.0,0,0.0,0.0,16,-16.88,-8,1,3.97,-0.262,0.0,0.0,0.0,-82.58,0.104,0.0,0,0.0,0.0
MatheusArnou,10,44.4,3,3,3.33,0.0,0.0,0.0,0.0,34.98,0.667,0.0,0,0.0,0.0,11,28.91,2,1,5.5,0.0,0.0,0.0,0.0,11.78,0.8,0.0,0,0.0,0.0,1,-15.49,-1,-2,2.17,0.0,0.0,0.0,0.0,-23.2,0.133,0.0,0,0.0,0.0
sairon,17,51.0,5,1,3.4,0.059,0.0,0.0,0.0,116.47,0.562,0.0,0,0.0,0.0,38,57.97,8,1,4.75,0.079,0.211,0.079,0.0,368.01,0.73,0.0,0,0.0,0.0,21,6.97,3,0,1.35,0.02,0.211,0.079,0.0,251.54,0.168,0.0,0,0.0,0.0
andreabellome,29,25.86,2,1,14.5,0.0,0.0,0.034,0.0,4.74,0.714,0.0,0,0.0,0.0,71,23.93,16,2,4.44,0.042,0.0,0.028,0.0,256.37,0.629,0.0,0,0.0,0.0,42,-1.93,14,1,-10.06,0.042,0.0,-0.006,0.0,251.63,-0.085,0.0,0,0.0,0.0
y-arjun-y,26,16.35,13,1,2.0,0.0,0.0,0.0,0.0,671.8,0.36,0.0,0,0.0,0.0,7,16.57,6,1,1.17,0.0,0.0,0.0,0.0,1296.46,0.167,0.0,0,0.0,0.0,-19,0.22,-7,0,-0.83,0.0,0.0,0.0,0.0,624.66,-0.193,0.0,0,0.0,0.0
nabezokodaikon,75,25.72,18,1,4.17,0.0,0.0,0.0,0.0,187.47,0.514,0.0,0,0.0,0.0,25,266.4,7,1,3.57,0.16,0.0,0.08,0.16,64.17,0.625,0.0,0,0.0,0.0,-50,240.68,-11,0,-0.6,0.16,0.0,0.08,0.16,-123.3,0.111,0.0,0,0.0,0.0
Tolerable,20,28.95,4,4,5.0,0.05,0.0,0.0,0.0,35.85,0.789,0.0,0,0.0,0.0,10,27.4,4,4,2.5,0.0,0.0,0.0,0.0,1458.12,0.667,0.0,0,0.0,0.0,-10,-1.55,0,0,-2.5,-0.05,0.0,0.0,0.0,1422.27,-0.122,0.0,0,0.0,0.0
dorianbayart,42,20.52,6,1,7.0,0.024,0.0,0.0,0.0,363.37,0.756,0.0,0,0.0,0.0,9,35.78,3,1,3.0,0.0,0.0,0.0,0.111,1674.1,0.75,0.0,0,0.0,0.0,-33,15.26,-3,0,-4.0,-0.024,0.0,0.0,0.111,1310.73,-0.006,0.0,0,0.0,0.0
Verdone,88,19.61,16,5,5.5,0.023,0.0,0.011,0.0,122.44,0.667,0.0,0,0.0,0.0,12,16.42,8,2,1.5,0.0,0.0,0.0,0.0,534.76,0.182,0.0,0,0.0,0.0,-76,-3.19,-8,-3,-4.0,-0.023,0.0,-0.011,0.0,412.32,-0.485,0.0,0,0.0,0.0
SergiuszR,28,12.71,9,2,3.11,0.0,0.0,0.0,0.0,592.74,0.63,0.0,0,0.0,0.0,7,16.86,3,3,2.33,0.0,0.0,0.0,0.0,2074.18,0.667,0.0,0,0.0,0.0,-21,4.15,-6,1,-0.78,0.0,0.0,0.0,0.0,1481.44,0.037,0.0,0,0.0,0.0
eun2chd,79,17.42,5,4,15.8,0.013,0.0,0.0,0.0,87.43,0.897,0.0,0,4.0,0.0,12,16.17,3,2,4.0,0.0,0.0,0.0,0.0,218.49,0.818,0.0,0,0.0,0.0,-67,-1.25,-2,-2,-11.8,-0.013,0.0,0.0,0.0,131.06,-0.079,0.0,0,-4.0,0.0
angshuman-web,8,18.38,1,1,8.0,0.0,0.0,0.0,0.0,0.03,1.0,0.0,0,0.0,0.0,87,19.56,5,4,17.4,0.0,0.0,0.0,0.0,58.87,0.826,0.0,0,0.0,0.0,79,1.18,4,3,9.4,0.0,0.0,0.0,0.0,58.84,-0.174,0.0,0,0.0,0.0
elel-dev,42,35.57,12,3,3.5,0.167,0.0,0.0,0.0,268.18,0.634,0.0,0,0.0,0.0,58,51.34,24,3,2.42,0.103,0.724,0.017,0.069,324.13,0.421,0.0,0,0.0,0.0,16,15.77,12,0,-1.08,-0.064,0.724,0.017,0.069,55.95,-0.213,0.0,0,0.0,0.0
magurh,15,19.13,3,5,5.0,0.0,0.0,0.0,0.0,349.86,0.643,0.0,0,0.0,0.0,32,17.28,7,4,4.57,0.0,0.0,0.0,0.0,229.78,0.516,0.0,0,0.0,0.0,17,-1.85,4,-1,-0.43,0.0,0.0,0.0,0.0,-120.08,-0.127,0.0,0,0.0,0.0
ghrdy,31,17.48,1,1,31.0,0.032,0.0,0.0,0.0,0.15,0.967,0.0,0,0.0,0.0,69,173.49,6,3,11.5,0.42,0.0,0.101,0.275,66.76,0.824,0.0,0,897.0,1.0,38,156.01,5,2,-19.5,0.388,0.0,0.101,0.275,66.61,-0.143,0.0,0,897.0,1.0
JLMenegotto,20,17.55,6,2,3.33,0.0,0.0,0.0,0.0,626.26,0.632,0.0,0,0.0,0.0,73,30.51,9,3,8.11,0.11,0.0,0.0,0.0,225.75,0.778,0.0,0,0.0,0.0,53,12.96,3,1,4.78,0.11,0.0,0.0,0.0,-400.51,0.146,0.0,0,0.0,0.0
TapZe,23,23.17,4,1,5.75,0.0,0.0,0.0,0.043,26.95,0.545,0.0,0,0.0,0.0,11,21.55,7,3,1.57,0.091,0.091,0.0,0.0,1340.47,0.4,0.0,0,0.0,0.0,-12,-1.62,3,2,-4.18,0.091,0.091,0.0,-0.043,1313.52,-0.145,0.0,0,0.0,0.0
MMansy19,49,127.88,7,5,7.0,0.204,0.0,0.0,0.02,101.71,0.729,0.0,0,0.0,0.0,19,32.11,11,3,1.73,0.158,0.0,0.0,0.0,859.75,0.389,0.0,0,0.0,0.0,-30,-95.77,4,-2,-5.27,-0.046,0.0,0.0,-0.02,758.04,-0.34,0.0,0,0.0,0.0
RayelNabie,39,24.46,8,3,4.88,0.0,0.0,0.051,0.0,112.25,0.684,0.0,0,31.33,0.0,11,42.09,2,1,5.5,0.0,0.0,0.0,0.0,23.92,0.6,0.0,0,19.75,0.0,-28,17.63,-6,-2,0.62,0.0,0.0,-0.051,0.0,-88.33,-0.084,0.0,0,-11.58,0.0
C3EQUALZz,26,17.08,3,1,8.67,0.0,0.0,0.0,0.0,99.63,0.76,0.0,0,0.0,0.0,74,16.45,15,2,4.93,0.014,0.0,0.0,0.0,255.52,0.658,0.0,0,7.75,0.125,48,-0.63,12,1,-3.74,0.014,0.0,0.0,0.0,155.89,-0.102,0.0,0,7.75,0.125
ayana0409,57,16.56,8,2,7.12,0.0,0.0,0.0,0.0,73.73,0.518,0.0,0,0.0,0.0,43,10.14,9,2,4.78,0.0,0.0,0.0,0.0,93.19,0.476,0.0,0,0.0,0.0,-14,-6.42,1,0,-2.34,0.0,0.0,0.0,0.0,19.46,-0.042,0.0,0,0.0,0.0
20101301-Alina-Hasan,28,19.54,4,2,7.0,0.0,0.0,0.0,0.0,46.0,0.63,0.0,0,0.0,0.0,72,17.12,2,4,36.0,0.0,0.0,0.056,0.0,0.56,0.986,0.0,0,0.0,0.0,44,-2.42,-2,2,29.0,0.0,0.0,0.056,0.0,-45.44,0.356,0.0,0,0.0,0.0
alexcapstick,29,19.93,10,1,2.9,0.034,0.0,0.0,0.0,385.95,0.571,0.0,0,27.0,0.0,63,23.21,29,1,2.17,0.032,0.0,0.0,0.0,307.2,0.29,0.0,0,0.0,0.0,34,3.28,19,0,-0.73,-0.002,0.0,0.0,0.0,-78.75,-0.281,0.0,0,-27.0,0.0
alexzwanenburg,5,36.2,4,2,1.25,0.0,0.0,0.0,0.0,2309.71,0.25,0.0,0,17.0,0.091,94,41.57,8,1,11.75,0.106,0.0,0.213,0.0,63.03,0.785,0.0,0,5.17,0.0,89,5.37,4,-1,10.5,0.106,0.0,0.213,0.0,-2246.68,0.535,0.0,0,-11.83,-0.091
BartoszKut,31,84.55,1,1,31.0,0.419,0.0,0.0,0.032,2.51,0.867,0.0,0,0.0,0.0,20,90.4,7,1,2.86,0.95,0.0,0.0,0.0,99.48,0.158,0.0,0,114.7,0.95,-11,5.85,6,0,-28.14,0.531,0.0,0.0,-0.032,96.97,-0.709,0.0,0,114.7,0.95
UmairJR,56,36.2,11,2,5.09,0.0,0.0,0.0,0.232,202.96,0.418,0.0,0,0.0,0.0,44,33.57,10,1,4.4,0.0,0.0,0.0,0.023,228.3,0.395,0.0,0,0.0,0.0,-12,-2.63,-1,-1,-0.69,0.0,0.0,0.0,-0.209,25.34,-0.023,0.0,0,0.0,0.0
saeram00,56,129.62,20,3,2.8,0.804,0.0,0.036,0.732,264.31,0.4,0.0,0,0.0,0.0,7,127.86,4,2,1.75,0.714,0.0,0.0,0.429,717.78,0.0,0.0,0,0.0,0.0,-49,-1.76,-16,-1,-1.05,-0.09,0.0,-0.036,-0.303,453.47,-0.4,0.0,0,0.0,0.0
YabiSkywalker,20,17.7,6,3,3.33,0.1,0.0,0.05,0.0,121.44,0.632,0.0,0,39.0,0.0,22,22.95,8,4,2.75,0.182,0.0,0.0,0.0,412.2,0.571,0.0,0,0.0,0.0,2,5.25,2,1,-0.58,0.082,0.0,-0.05,0.0,290.76,-0.061,0.0,0,-39.0,0.0
begiedz,70,29.3,14,3,5.0,0.014,0.0,0.0,0.0,82.4,0.493,0.0,0,0.0,0.0,30,31.57,9,1,3.33,0.0,0.067,0.0,0.0,347.45,0.483,0.0,0,0.0,0.0,-40,2.27,-5,-2,-1.67,-0.014,0.067,0.0,0.0,265.05,-0.01,0.0,0,0.0,0.0
Inma0711,11,17.55,3,1,3.67,0.0,0.0,0.0,0.0,53.7,0.4,0.0,0,0.0,0.0,19,13.11,4,4,4.75,0.0,0.0,0.0,0.0,248.2,0.722,0.0,0,0.0,0.0,8,-4.44,1,3,1.08,0.0,0.0,0.0,0.0,194.5,0.322,0.0,0,0.0,0.0
CynicDog,92,22.52,30,2,3.07,0.022,0.0,0.011,0.0,76.48,0.176,0.0,0,0.0,0.0,8,19.5,2,2,4.0,0.0,0.0,0.0,0.0,1051.88,0.429,0.0,0,0.0,0.0,-84,-3.02,-28,0,0.93,-0.022,0.0,-0.011,0.0,975.4,0.253,0.0,0,0.0,0.0
kruttko,23,16.22,4,2,5.75,0.043,0.0,0.0,0.0,165.51,0.636,0.0,0,27.0,0.0,63,9.22,15,3,4.2,0.0,0.0,0.0,0.0,292.81,0.597,0.0,0,0.0,0.0,40,-7.0,11,1,-1.55,-0.043,0.0,0.0,0.0,127.3,-0.039,0.0,0,-27.0,0.0
murilocostazero,6,38.67,3,2,2.0,0.0,0.0,0.0,0.0,1271.97,0.4,0.0,0,0.0,0.0,61,38.28,16,3,3.81,0.0,0.0,0.0,0.033,210.42,0.467,0.0,0,0.0,0.0,55,-0.39,13,1,1.81,0.0,0.0,0.0,0.033,-1061.55,0.067,0.0,0,0.0,0.0
opeolluwa,55,35.67,2,2,27.5,0.091,0.0,0.0,0.0,85.28,0.852,0.0,0,0.0,0.0,27,15.78,2,1,13.5,0.0,0.074,0.037,0.0,7.4,0.692,0.0,0,0.0,0.0,-28,-19.89,0,-1,-14.0,-0.091,0.074,0.037,0.0,-77.88,-0.16,0.0,0,0.0,0.0
Aditya7786,12,18.75,2,1,6.0,0.0,0.0,0.0,0.0,17.28,0.909,0.0,0,0.0,0.0,9,17.56,4,4,2.25,0.0,0.0,0.0,0.0,483.6,0.5,0.0,0,0.0,0.0,-3,-1.19,2,3,-3.75,0.0,0.0,0.0,0.0,466.32,-0.409,0.0,0,0.0,0.0
Redbeanw44602,9,16.11,1,1,9.0,0.0,0.0,0.0,0.0,5.92,0.5,0.0,0,0.0,0.0,6,14.83,4,1,1.5,0.0,0.0,0.0,0.0,2541.33,0.4,0.0,0,0.0,0.0,-3,-1.28,3,0,-7.5,0.0,0.0,0.0,0.0,2535.41,-0.1,0.0,0,0.0,0.0
Mohammad0336,73,17.78,5,3,14.6,0.0,0.0,0.0,0.0,81.07,0.792,0.0,0,0.0,0.0,11,15.73,5,1,2.2,0.0,0.0,0.0,0.0,1919.69,0.5,0.0,0,0.0,0.0,-62,-2.05,0,-2,-12.4,0.0,0.0,0.0,0.0,1838.62,-0.292,0.0,0,0.0,0.0
Arif043,56,27.14,5,1,11.2,0.018,0.0,0.214,0.0,14.33,0.345,0.0,0,0.0,0.0,39,23.9,4,5,9.75,0.051,0.0,0.026,0.0,13.71,0.632,0.0,0,0.0,0.0,-17,-3.24,-1,4,-1.45,0.033,0.0,-0.188,0.0,-0.62,0.287,0.0,0,0.0,0.0
kukuruzka165,20,9.1,9,2,2.22,0.0,0.0,0.05,0.0,90.04,0.263,0.0,0,0.0,0.0,51,8.86,41,1,1.24,0.0,0.0,0.0,0.0,352.21,0.0,0.0,0,0.0,0.0,31,-0.24,32,-1,-0.98,0.0,0.0,-0.05,0.0,262.17,-0.263,0.0,0,0.0,0.0
mohswell,9,17.78,3,4,3.0,0.0,0.0,0.0,0.0,824.9,0.75,0.0,0,0.0,0.0,8,25.5,4,1,2.0,0.125,0.0,0.0,0.0,189.91,0.571,0.0,0,0.0,0.0,-1,7.72,1,-3,-1.0,0.125,0.0,0.0,0.0,-634.99,-0.179,0.0,0,0.0,0.0
hackesofice,33,14.15,5,1,6.6,0.0,0.0,0.0,0.0,58.45,0.719,0.0,0,0.0,0.0,67,26.07,16,2,4.19,0.119,0.0,0.0,0.0,220.96,0.667,0.0,0,0.0,0.0,34,11.92,11,1,-2.41,0.119,0.0,0.0,0.0,162.51,-0.052,0.0,0,0.0,0.0
walker84837,21,36.14,8,4,2.62,0.286,0.0,0.0,0.095,304.83,0.5,0.0,0,23.27,0.2,24,36.67,7,3,3.43,0.083,0.625,0.0,0.042,736.54,0.609,0.0,0,0.0,0.0,3,0.53,-1,-1,0.81,-0.203,0.625,0.0,-0.053,431.71,0.109,0.0,0,-23.27,-0.2
Shahriar-Samir,22,14.91,2,2,11.0,0.0,0.0,0.0,0.0,75.7,0.905,0.0,0,0.0,0.0,15,12.67,1,3,15.0,0.0,0.0,0.0,0.0,2.9,0.857,0.0,0,0.0,0.0,-7,-2.24,-1,1,4.0,0.0,0.0,0.0,0.0,-72.8,-0.048,0.0,0,0.0,0.0
HenrikStanley,12,21.0,6,3,2.0,0.25,0.083,0.0,0.0,1014.83,0.455,0.0,0,0.0,0.0,5,14.6,3,1,1.67,0.0,0.2,0.0,0.0,1003.46,0.5,0.0,0,0.0,0.0,-7,-6.4,-3,-2,-0.33,-0.25,0.117,0.0,0.0,-11.37,0.045,0.0,0,0.0,0.0
letrthong,16,8.81,7,2,2.29,0.0,0.0,0.375,0.0,665.66,0.467,0.0,0,0.0,0.0,25,23.04,12,2,2.08,0.04,0.0,0.0,0.0,574.27,0.458,0.0,0,0.0,0.0,9,14.23,5,0,-0.21,0.04,0.0,-0.375,0.0,-91.39,-0.009,0.0,0,0.0,0.0
Preciousnnebuogor,88,14.73,8,5,11.0,0.011,0.0,0.0,0.0,15.95,0.667,0.0,0,0.0,0.0,12,20.25,2,1,6.0,0.0,0.0,0.0,0.0,12.53,0.636,0.0,0,0.0,0.0,-76,5.52,-6,-4,-5.0,-0.011,0.0,0.0,0.0,-3.42,-0.031,0.0,0,0.0,0.0
sandor-battaglini-fischer,62,23.19,3,1,20.67,0.016,0.0,0.032,0.0,5.43,0.836,0.0,0,0.0,0.0,38,13.37,3,1,12.67,0.026,0.0,0.0,0.0,468.14,0.595,0.0,0,0.0,0.0,-24,-9.82,0,0,-8.0,0.01,0.0,-0.032,0.0,462.71,-0.241,0.0,0,0.0,0.0
jcastaneda30,90,15.3,16,3,5.62,0.033,0.0,0.0,0.0,72.27,0.393,0.0,0,7.0,0.0,10,17.1,7,1,1.43,0.0,0.1,0.0,0.0,341.55,0.111,0.0,0,0.0,0.0,-80,1.8,-9,-2,-4.19,-0.033,0.1,0.0,0.0,269.28,-0.282,0.0,0,-7.0,0.0
Ordisoftware,65,52.05,34,1,1.91,1.0,0.0,0.0,0.0,183.42,0.109,0.0,0,0.0,0.0,35,44.29,20,1,1.75,0.686,0.0,0.0,0.0,566.06,0.412,0.0,0,0.0,0.0,-30,-7.76,-14,0,-0.16,-0.314,0.0,0.0,0.0,382.64,0.303,0.0,0,0.0,0.0
roshan-77,36,17.97,9,5,4.0,0.028,0.0,0.0,0.0,431.77,0.629,0.0,0,0.0,0.0,5,14.4,1,3,5.0,0.0,0.0,0.0,0.0,0.23,1.0,0.0,0,0.0,0.0,-31,-3.57,-8,-2,1.0,-0.028,0.0,0.0,0.0,-431.54,0.371,0.0,0,0.0,0.0
ehfd,8,23.88,5,1,1.6,0.0,0.0,0.0,0.0,2263.09,0.429,0.0,0,0.0,0.0,12,15.67,2,1,6.0,0.0,0.0,0.0,0.0,3.77,0.818,0.0,0,0.0,0.0,4,-8.21,-3,0,4.4,0.0,0.0,0.0,0.0,-2259.32,0.389,0.0,0,0.0,0.0
denismurphy,39,21.64,2,5,19.5,0.0,0.0,0.0,0.0,34.8,0.684,0.0,0,0.0,0.0,27,27.85,6,5,4.5,0.111,0.0,0.0,0.0,549.18,0.577,0.0,0,31.0,0.0,-12,6.21,4,0,-15.0,0.111,0.0,0.0,0.0,514.38,-0.107,0.0,0,31.0,0.0
YanY-Henry,22,17.32,3,1,7.33,0.0,0.0,0.0,0.0,23.72,0.81,0.0,0,0.0,0.0,30,20.13,14,2,2.14,0.0,0.0,0.0,0.0,495.79,0.414,0.0,0,0.0,0.0,8,2.81,11,1,-5.19,0.0,0.0,0.0,0.0,472.07,-0.396,0.0,0,0.0,0.0
ReisAglemar,19,15.89,3,1,6.33,0.0,0.0,0.0,0.0,16.94,0.778,0.0,0,0.0,0.0,41,24.66,12,5,3.42,0.024,0.22,0.0,0.0,462.3,0.525,0.0,0,0.0,0.0,22,8.77,9,4,-2.91,0.024,0.22,0.0,0.0,445.36,-0.253,0.0,0,0.0,0.0
soham247,5,16.6,2,1,2.5,0.0,0.0,0.0,0.0,12.63,0.75,0.0,0,0.0,0.0,74,34.03,23,5,3.22,0.162,0.0,0.0,0.0,259.3,0.452,0.0,0,0.0,0.0,69,17.43,21,4,0.72,0.162,0.0,0.0,0.0,246.67,-0.298,0.0,0,0.0,0.0
shivang-16,78,14.54,11,3,7.09,0.026,0.0,0.0,0.0,50.35,0.61,0.0,0,0.0,0.0,14,27.71,8,1,1.75,0.071,0.0,0.0,0.0,1432.55,0.462,0.0,0,0.0,0.0,-64,13.17,-3,-2,-5.34,0.045,0.0,0.0,0.0,1382.2,-0.148,0.0,0,0.0,0.0
antonypap,20,21.9,4,1,5.0,0.0,0.0,0.0,0.0,458.34,0.421,0.0,0,0.0,0.0,7,20.71,2,1,3.5,0.0,0.0,0.0,0.0,47.39,0.667,0.0,0,0.0,0.0,-13,-1.19,-2,0,-1.5,0.0,0.0,0.0,0.0,-410.95,0.246,0.0,0,0.0,0.0
Marijn-Schipper,30,31.57,8,2,3.75,0.067,0.0,0.0,0.0,493.14,0.586,0.0,0,0.0,0.0,53,26.51,15,1,3.53,0.264,0.0,0.0,0.0,320.32,0.635,0.0,0,62.0,1.0,23,-5.06,7,-1,-0.22,0.197,0.0,0.0,0.0,-172.82,0.049,0.0,0,62.0,1.0
yie1d,28,10.32,7,3,4.0,0.071,0.0,0.393,0.0,274.58,0.778,0.0,0,0.0,0.0,12,15.5,2,1,6.0,0.0,0.0,0.0,0.0,11.22,0.818,0.0,0,0.0,0.0,-16,5.18,-5,-2,2.0,-0.071,0.0,-0.393,0.0,-263.36,0.04,0.0,0,0.0,0.0
chetanpatil13,7,18.71,1,1,7.0,0.0,0.0,0.0,0.0,17.71,0.833,0.0,0,0.0,0.0,27,22.41,3,4,9.0,0.0,0.0,0.0,0.0,286.2,0.808,0.0,0,0.0,0.0,20,3.7,2,3,2.0,0.0,0.0,0.0,0.0,268.49,-0.025,0.0,0,0.0,0.0
bi-brilliant,68,23.13,4,3,17.0,0.0,0.0,0.0,0.0,160.05,0.657,0.0,0,0.0,0.0,32,28.75,4,2,8.0,0.0,0.0,0.0,0.0,95.43,0.742,0.0,0,0.0,0.0,-36,5.62,0,-1,-9.0,0.0,0.0,0.0,0.0,-64.62,0.085,0.0,0,0.0,0.0
Ankit1478,51,22.63,13,5,3.92,0.176,0.0,0.0,0.0,145.01,0.58,0.0,0,0.0,0.0,8,15.62,6,1,1.33,0.0,0.0,0.0,0.0,880.85,0.143,0.0,0,0.0,0.0,-43,-7.01,-7,-4,-2.59,-0.176,0.0,0.0,0.0,735.84,-0.437,0.0,0,0.0,0.0
kubekj,67,49.66,9,3,7.44,0.045,0.0,0.0,0.03,105.33,0.5,0.0,0,0.0,0.0,31,21.52,16,3,1.94,0.032,0.0,0.0,0.0,637.0,0.467,0.0,0,0.0,0.0,-36,-28.14,7,0,-5.5,-0.013,0.0,0.0,-0.03,531.67,-0.033,0.0,0,0.0,0.0
HuuDuoc156,9,16.67,1,1,9.0,0.0,0.0,0.0,0.0,0.15,1.0,0.0,0,0.0,0.0,10,14.5,4,3,2.5,0.0,0.0,0.0,0.0,907.53,0.667,0.0,0,0.0,0.0,1,-2.17,3,2,-6.5,0.0,0.0,0.0,0.0,907.38,-0.333,0.0,0,0.0,0.0
ahmad-kaif,13,21.46,6,4,2.17,0.154,0.0,0.0,0.0,758.23,0.417,0.0,0,0.0,0.0,62,19.21,26,1,2.38,0.0,0.0,0.0,0.0,256.34,0.393,0.0,0,0.0,0.0,49,-2.25,20,-3,0.21,-0.154,0.0,0.0,0.0,-501.89,-0.024,0.0,0,0.0,0.0
nirmit27,28,27.32,5,1,5.6,0.036,0.0,0.0,0.0,81.68,0.593,0.0,0,0.0,0.0,72,71.39,21,2,3.43,0.083,0.028,0.0,0.014,187.44,0.225,0.0,0,0.0,0.0,44,44.07,16,1,-2.17,0.047,0.028,0.0,0.014,105.76,-0.368,0.0,0,0.0,0.0
ksclarke,17,58.94,8,1,2.12,0.294,0.0,0.0,0.294,512.62,0.188,0.0,0,15.25,0.167,29,77.93,17,1,1.71,0.483,0.0,0.0,0.414,524.29,0.179,0.0,0,23.17,0.207,12,18.99,9,0,-0.41,0.189,0.0,0.0,0.12,11.67,-0.009,0.0,0,7.92,0.04
TheoNicod,44,24.32,8,3,5.5,0.091,0.0,0.0,0.0,223.24,0.651,0.0,0,0.0,0.0,10,6.9,4,2,2.5,0.0,0.0,0.0,0.0,253.82,0.667,0.0,0,0.0,0.0,-34,-17.42,-4,-1,-3.0,-0.091,0.0,0.0,0.0,30.58,0.016,0.0,0,0.0,0.0
7997275647,7,28.86,3,2,2.33,0.143,0.0,0.0,0.0,584.72,0.667,0.0,0,0.0,0.0,34,33.06,8,3,4.25,0.324,0.0,0.0,0.0,321.47,0.667,0.0,0,12.62,0.125,27,4.2,5,1,1.92,0.181,0.0,0.0,0.0,-263.25,0.0,0.0,0,12.62,0.125
PostScriptReal,25,22.16,6,4,4.17,0.0,0.0,0.12,0.0,57.18,0.708,0.0,0,0.0,0.0,67,46.94,24,4,2.79,0.179,0.0,0.0,0.0,277.39,0.485,0.0,0,0.0,0.0,42,24.78,18,0,-1.38,0.179,0.0,-0.12,0.0,220.21,-0.223,0.0,0,0.0,0.0
Jh-jaehyuk,17,30.59,4,2,4.25,0.588,0.0,0.0,0.0,347.98,0.5,0.0,0,0.0,0.0,83,41.14,27,3,3.07,0.0,0.036,0.0,0.0,98.66,0.378,0.0,0,0.0,0.0,66,10.55,23,1,-1.18,-0.588,0.036,0.0,0.0,-249.32,-0.122,0.0,0,0.0,0.0
gabrielzschmitz,93,25.48,8,1,11.62,0.0,0.0,0.0,0.0,118.42,0.728,0.0,0,0.0,0.0,7,16.14,1,1,7.0,0.0,0.0,0.0,0.0,0.01,1.0,0.0,0,0.0,0.0,-86,-9.34,-7,0,-4.62,0.0,0.0,0.0,0.0,-118.41,0.272,0.0,0,0.0,0.0
MarkStrendin,23,33.7,7,1,3.29,0.043,0.0,0.0,0.0,542.79,0.455,0.0,0,0.0,0.0,45,41.33,13,1,3.46,0.111,0.0,0.0,0.0,402.54,0.409,0.0,0,153.0,1.0,22,7.63,6,0,0.17,0.068,0.0,0.0,0.0,-140.25,-0.046,0.0,0,153.0,1.0
TomaTV,7,15.14,1,1,7.0,0.0,0.0,0.0,0.0,0.05,1.0,0.0,0,0.0,0.0,90,63.57,6,4,15.0,0.256,0.0,0.044,0.289,47.23,0.64,0.0,0,0.0,0.0,83,48.43,5,3,8.0,0.256,0.0,0.044,0.289,47.18,-0.36,0.0,0,0.0,0.0
enessariyildiz,61,10.38,14,5,4.36,0.033,0.0,0.0,0.0,174.66,0.617,0.0,0,0.0,0.0,8,16.0,4,1,2.0,0.0,0.0,0.0,0.0,1021.31,0.429,0.0,0,0.0,0.0,-53,5.62,-10,-4,-2.36,-0.033,0.0,0.0,0.0,846.65,-0.188,0.0,0,0.0,0.0
SayliDev,69,46.26,10,4,6.9,0.145,0.0,0.029,0.029,22.84,0.191,0.0,0,0.0,0.0,28,86.36,7,4,4.0,0.429,0.071,0.0,0.321,357.6,0.185,0.0,0,0.0,0.0,-41,40.1,-3,0,-2.9,0.284,0.071,-0.029,0.292,334.76,-0.006,0.0,0,0.0,0.0
take4iso,19,11.47,2,1,9.5,0.0,0.0,0.0,0.0,9.43,0.667,0.0,0,0.0,0.0,17,14.41,4,2,4.25,0.0,0.0,0.0,0.0,790.37,0.625,0.0,0,0.0,0.0,-2,2.94,2,1,-5.25,0.0,0.0,0.0,0.0,780.94,-0.042,0.0,0,0.0,0.0
sonalsai,11,18.18,1,1,11.0,0.0,0.0,0.0,0.0,4.82,0.6,0.0,0,0.0,0.0,61,81.2,10,5,6.1,0.098,0.377,0.0,0.066,147.14,0.7,0.0,0,0.0,0.0,50,63.02,9,4,-4.9,0.098,0.377,0.0,0.066,142.32,0.1,0.0,0,0.0,0.0
PeterBengtson,91,20.46,12,2,7.58,0.0,0.0,0.0,0.011,178.44,0.756,0.0,0,0.0,0.0,9,45.56,4,2,2.25,0.111,0.0,0.0,0.0,1079.83,0.5,0.0,0,0.0,0.0,-82,25.1,-8,0,-5.33,0.111,0.0,0.0,-0.011,901.39,-0.256,0.0,0,0.0,0.0
fairhurst-dev,47,27.57,9,2,5.22,0.128,0.0,0.043,0.0,175.98,0.696,0.0,0,0.0,0.0,8,27.62,6,1,1.33,0.5,0.0,0.0,0.0,1152.52,0.143,0.0,0,1.14,0.0,-39,0.05,-3,-1,-3.89,0.372,0.0,-0.043,0.0,976.54,-0.553,0.0,0,1.14,0.0
uchedotphp,29,16.97,13,1,2.23,0.034,0.0,0.0,0.0,508.95,0.321,0.0,0,0.0,0.0,20,28.15,14,1,1.43,0.25,0.0,0.0,0.1,797.42,0.158,0.0,0,0.0,0.0,-9,11.18,1,0,-0.8,0.216,0.0,0.0,0.1,288.47,-0.163,0.0,0,0.0,0.0
limska,19,28.53,11,2,1.73,0.0,0.0,0.053,0.0,678.85,0.444,0.0,0,0.0,0.0,15,20.53,11,3,1.36,0.0,0.0,0.0,0.0,1206.99,0.286,0.0,0,0.0,0.0,-4,-8.0,0,1,-0.37,0.0,0.0,-0.053,0.0,528.14,-0.158,0.0,0,0.0,0.0
gongahkia,21,16.81,8,1,2.62,0.0,0.0,0.0,0.0,67.29,0.3,0.0,0,0.0,0.0,79,21.23,22,1,3.59,0.0,0.013,0.0,0.0,136.3,0.59,0.0,0,0.0,0.0,58,4.42,14,0,0.97,0.0,0.013,0.0,0.0,69.01,0.29,0.0,0,0.0,0.0
Fleny113,63,30.16,21,2,3.0,0.095,0.0,0.016,0.016,238.79,0.387,0.0,0,0.0,0.0,16,24.56,6,2,2.67,0.062,0.0,0.062,0.0,1177.39,0.6,0.0,0,0.0,0.0,-47,-5.6,-15,0,-0.33,-0.033,0.0,0.046,-0.016,938.6,0.213,0.0,0,0.0,0.0
CCOSTAN,17,52.24,8,2,2.12,0.412,0.0,0.0,0.118,467.98,0.5,0.0,0,0.0,0.0,45,153.47,18,2,2.5,0.467,0.0,0.0,0.089,249.86,0.386,0.0,0,301.0,0.462,28,101.23,10,0,0.38,0.055,0.0,0.0,-0.029,-218.12,-0.114,0.0,0,301.0,0.462
Beauver,30,115.17,8,2,3.75,0.633,0.0,0.067,0.1,62.05,0.345,0.0,0,0.0,0.0,65,53.6,9,4,7.22,0.431,0.0,0.031,0.015,142.59,0.594,0.0,0,35.0,0.0,35,-61.57,1,2,3.47,-0.202,0.0,-0.036,-0.085,80.54,0.249,0.0,0,35.0,0.0
bibekjodd,78,29.92,13,4,6.0,0.0,0.526,0.0,0.0,136.75,0.532,0.0,0,0.0,0.0,22,18.59,11,2,2.0,0.0,0.0,0.0,0.0,314.38,0.286,0.0,0,0.0,0.0,-56,-11.33,-2,-2,-4.0,0.0,-0.526,0.0,0.0,177.63,-0.246,0.0,0,0.0,0.0
metalalive,82,34.99,22,1,3.73,0.085,0.0,0.0,0.012,95.41,0.395,0.0,0,0.0,0.0,18,74.44,13,1,1.38,0.333,0.0,0.0,0.278,1125.58,0.118,0.0,0,0.0,0.0,-64,39.45,-9,0,-2.35,0.248,0.0,0.0,0.266,1030.17,-0.277,0.0,0,0.0,0.0
chLemon,20,16.35,8,1,2.5,0.05,0.0,0.0,0.0,586.12,0.211,0.0,0,0.0,0.0,54,14.56,14,1,3.86,0.037,0.0,0.0,0.0,57.64,0.377,0.0,0,0.0,0.0,34,-1.79,6,0,1.36,-0.013,0.0,0.0,0.0,-528.48,0.166,0.0,0,0.0,0.0
M-Shehzam,17,43.88,4,4,4.25,0.118,0.0,0.0,0.0,533.68,0.688,0.0,0,0.0,0.0,18,15.89,2,1,9.0,0.0,0.0,0.0,0.0,188.45,0.941,0.0,0,0.0,0.0,1,-27.99,-2,-3,4.75,-0.118,0.0,0.0,0.0,-345.23,0.253,0.0,0,0.0,0.0
RunnersNum40,83,26.47,17,4,4.88,0.036,0.0,0.0,0.0,207.05,0.561,0.0,0,0.0,0.0,9,19.44,5,3,1.8,0.111,0.0,0.0,0.0,1173.6,0.125,0.0,0,0.0,0.0,-74,-7.03,-12,-1,-3.08,0.075,0.0,0.0,0.0,966.55,-0.436,0.0,0,0.0,0.0
Yul1b3th,22,18.86,5,4,4.4,0.0,0.0,0.0,0.0,102.71,0.667,0.0,0,0.0,0.0,74,49.8,11,2,6.73,0.162,0.0,0.0,0.0,190.78,0.63,0.0,0,1.53,0.0,52,30.94,6,-2,2.33,0.162,0.0,0.0,0.0,88.07,-0.037,0.0,0,1.53,0.0
nielpaxeko,44,30.75,12,1,3.67,0.114,0.0,0.0,0.0,51.18,0.419,0.0,0,24.0,0.0,56,20.98,18,1,3.11,0.0,0.0,0.0,0.25,109.96,0.073,0.0,0,0.0,0.0,12,-9.77,6,0,-0.56,-0.114,0.0,0.0,0.25,58.78,-0.346,0.0,0,-24.0,0.0
gogglesgogs,12,26.75,5,2,2.4,0.25,0.0,0.0,0.0,591.65,0.636,0.0,0,3.6,0.0,88,21.66,6,3,14.67,0.057,0.0,0.0,0.0,94.04,0.782,0.0,0,1.0,0.0,76,-5.09,1,1,12.27,-0.193,0.0,0.0,0.0,-497.61,0.146,0.0,0,-2.6,0.0
Fraccs,86,32.5,21,2,4.1,0.14,0.233,0.0,0.012,199.23,0.647,0.0,0,35.15,0.385,8,16.0,4,1,2.0,0.0,0.0,0.0,0.0,1203.41,0.429,0.0,0,0.0,0.0,-78,-16.5,-17,-1,-2.1,-0.14,-0.233,0.0,-0.012,1004.18,-0.218,0.0,0,-35.15,-0.385
iamanastasiamg,10,15.8,1,1,10.0,0.0,0.0,0.0,0.0,0.03,1.0,0.0,0,0.0,0.0,5,16.0,2,1,2.5,0.0,0.0,0.0,0.0,1181.6,0.75,0.0,0,0.0,0.0,-5,0.2,1,0,-7.5,0.0,0.0,0.0,0.0,1181.57,-0.25,0.0,0,0.0,0.0
johbry17,95,18.48,21,4,4.52,0.0,0.0,0.011,0.0,49.53,0.479,0.0,0,0.0,0.0,5,23.2,3,2,1.67,0.0,0.2,0.0,0.0,2653.37,0.5,0.0,0,0.0,0.0,-90,4.72,-18,-2,-2.85,0.0,0.2,-0.011,0.0,2603.84,0.021,0.0,0,0.0,0.0
NouniTheodora,24,33.71,6,1,4.0,0.0,0.0,0.0,0.125,86.69,0.696,0.0,0,0.0,0.0,56,45.46,9,4,6.22,0.161,0.0,0.0,0.196,165.79,0.745,0.0,0,0.0,0.0,32,11.75,3,3,2.22,0.161,0.0,0.0,0.071,79.1,0.049,0.0,0,0.0,0.0
PROMLEE,93,31.4,8,3,11.62,0.355,0.043,0.0,0.0,68.18,0.826,0.0,0,0.0,0.0,7,48.0,5,2,1.4,0.143,0.143,0.0,0.0,2042.98,0.167,0.0,0,0.0,0.0,-86,16.6,-3,-1,-10.22,-0.212,0.1,0.0,0.0,1974.8,-0.659,0.0,0,0.0,0.0
Wishrito,88,17.74,14,2,6.29,0.034,0.0,0.023,0.0,87.61,0.598,0.0,0,0.0,0.0,12,18.25,7,1,1.71,0.083,0.0,0.0,0.0,895.48,0.091,0.0,0,0.0,0.0,-76,0.51,-7,-1,-4.58,0.049,0.0,-0.023,0.0,807.87,-0.507,0.0,0,0.0,0.0
DiegoPMz,23,61.04,7,2,3.29,0.087,0.0,0.13,0.0,51.99,0.364,0.0,0,0.0,0.0,77,74.49,12,4,6.42,0.026,0.0,0.0,0.0,137.05,0.553,0.0,0,0.0,0.0,54,13.45,5,2,3.13,-0.061,0.0,-0.13,0.0,85.06,0.189,0.0,0,0.0,0.0
apia46,32,39.0,8,2,4.0,0.25,0.0,0.0,0.031,49.23,0.484,0.0,0,8.0,0.0,68,17.53,15,3,4.53,0.015,0.0,0.0,0.0,239.37,0.448,0.0,0,0.0,0.0,36,-21.47,7,1,0.53,-0.235,0.0,0.0,-0.031,190.14,-0.036,0.0,0,-8.0,0.0
shawn-frank,60,18.62,5,2,12.0,0.0,0.0,0.067,0.0,161.99,0.695,0.0,0,0.0,0.0,40,23.93,7,1,5.71,0.025,0.0,0.0,0.0,319.34,0.692,0.0,0,0.0,0.0,-20,5.31,2,-1,-6.29,0.025,0.0,-0.067,0.0,157.35,-0.003,0.0,0,0.0,0.0
caglarkucuk,7,19.29,5,2,1.4,0.0,0.0,0.0,0.0,2039.89,0.333,0.0,0,0.0,0.0,5,32.2,4,3,1.25,0.0,0.0,0.0,0.0,1716.89,0.0,0.0,0,0.0,0.0,-2,12.91,-1,1,-0.15,0.0,0.0,0.0,0.0,-323.0,-0.333,0.0,0,0.0,0.0
not-in-stock,43,27.56,7,1,6.14,0.0,0.0,0.0,0.0,205.99,0.762,0.0,0,0.0,0.0,45,28.6,14,1,3.21,0.0,0.0,0.0,0.022,263.86,0.614,0.0,0,0.0,0.0,2,1.04,7,0,-2.93,0.0,0.0,0.0,0.022,57.87,-0.148,0.0,0,0.0,0.0
PhonggLuu,6,37.33,2,1,3.0,0.0,0.0,0.0,0.0,22.13,0.2,0.0,0,0.0,0.0,77,27.88,18,5,4.28,0.078,0.0,0.0,0.0,163.9,0.592,0.0,0,0.0,0.0,71,-9.45,16,4,1.28,0.078,0.0,0.0,0.0,141.77,0.392,0.0,0,0.0,0.0
needitem,95,20.71,9,1,10.56,0.011,0.0,0.0,0.0,23.56,0.745,0.0,0,0.0,0.0,5,17.0,1,1,5.0,0.0,0.0,0.0,0.0,0.04,1.0,0.0,0,0.0,0.0,-90,-3.71,-8,0,-5.56,-0.011,0.0,0.0,0.0,-23.52,0.255,0.0,0,0.0,0.0
KumudithaRanasinghe,26,22.77,9,5,2.89,0.038,0.0,0.0,0.0,287.25,0.32,0.0,0,0.0,0.0,33,40.76,5,1,6.6,0.212,0.545,0.0,0.0,315.11,0.75,0.0,0,0.0,0.0,7,17.99,-4,-4,3.71,0.174,0.545,0.0,0.0,27.86,0.43,0.0,0,0.0,0.0
janmichek,30,32.57,7,1,4.29,0.167,0.0,0.0,0.0,164.43,0.552,0.0,0,0.0,0.0,9,95.44,6,2,1.5,0.222,0.0,0.0,0.222,449.74,0.25,0.0,0,576.0,0.75,-21,62.87,-1,1,-2.79,0.055,0.0,0.0,0.222,285.31,-0.302,0.0,0,576.0,0.75
reajno,10,30.9,4,1,2.5,0.0,0.0,0.0,0.0,68.98,0.444,0.0,0,0.0,0.0,90,28.27,16,4,5.62,0.0,0.0,0.0,0.011,149.12,0.371,0.0,0,0.0,0.0,80,-2.63,12,3,3.12,0.0,0.0,0.0,0.011,80.14,-0.073,0.0,0,0.0,0.0
shreeyajoshi2013,47,21.85,6,4,7.83,0.0,0.0,0.0,0.0,89.52,0.761,0.0,0,0.0,0.0,25,14.16,3,1,8.33,0.0,0.0,0.0,0.0,15.1,0.792,0.0,0,0.0,0.0,-22,-7.69,-3,-3,0.5,0.0,0.0,0.0,0.0,-74.42,0.031,0.0,0,0.0,0.0
leandrada08,9,30.56,3,2,3.0,0.0,0.0,0.0,0.0,449.36,0.5,0.0,0,0.0,0.0,24,29.12,8,2,3.0,0.0,0.0,0.0,0.0,131.19,0.391,0.0,0,0.0,0.0,15,-1.44,5,0,0.0,0.0,0.0,0.0,0.0,-318.17,-0.109,0.0,0,0.0,0.0
DashiellVienna,5,17.6,1,2,5.0,0.2,0.0,0.0,0.0,1.29,0.75,0.0,0,0.0,0.0,13,25.38,5,3,2.6,0.0,0.0,0.0,0.0,196.18,0.5,0.0,0,0.0,0.0,8,7.78,4,1,-2.4,-0.2,0.0,0.0,0.0,194.89,-0.25,0.0,0,0.0,0.0
SingleZombie,53,33.0,22,1,2.41,0.0,0.0,0.0,0.0,234.1,0.346,0.0,0,0.0,0.0,47,33.0,31,1,1.52,0.0,0.0,0.0,0.0,366.7,0.065,0.0,0,0.0,0.0,-6,0.0,9,0,-0.89,0.0,0.0,0.0,0.0,132.6,-0.281,0.0,0,0.0,0.0
smeijer,17,32.76,4,1,4.25,0.059,0.941,0.0,0.0,531.28,0.688,0.0,0,52.0,1.0,11,25.36,4,1,2.75,0.0,1.0,0.0,0.0,1814.2,0.4,0.0,0,0.0,0.0,-6,-7.4,0,0,-1.5,-0.059,0.059,0.0,0.0,1282.92,-0.288,0.0,0,-52.0,-1.0
timonoko,8,4.5,5,1,1.6,0.0,0.0,0.0,0.0,326.81,0.429,0.0,0,0.0,0.0,23,11.39,2,1,11.5,0.0,0.0,0.0,0.0,79.55,0.909,0.0,0,0.0,0.0,15,6.89,-3,0,9.9,0.0,0.0,0.0,0.0,-247.26,0.48,0.0,0,0.0,0.0
manh-nguyen-0028,11,32.64,8,3,1.38,0.091,0.182,0.0,0.0,349.64,0.0,0.0,0,0.0,0.0,30,57.87,23,2,1.3,0.633,0.033,0.0,0.033,619.81,0.138,0.0,0,23.0,0.158,19,25.23,15,-1,-0.08,0.542,-0.149,0.0,0.033,270.17,0.138,0.0,0,23.0,0.158
AndyObtiva,35,49.31,7,1,5.0,0.0,0.0,0.114,0.0,508.19,0.765,0.0,0,0.0,0.0,16,134.69,10,1,1.6,0.125,0.0,0.062,0.125,1120.2,0.133,0.0,0,0.0,0.0,-19,85.38,3,0,-3.4,0.125,0.0,-0.052,0.125,612.01,-0.632,0.0,0,0.0,0.0
DavidMeseha,85,10.69,19,2,4.47,0.0,0.0,0.0,0.0,70.26,0.417,0.0,0,0.0,0.0,15,32.67,2,1,7.5,0.0,0.0,0.0,0.0,19.0,0.429,0.0,0,0.0,0.0,-70,21.98,-17,-1,3.03,0.0,0.0,0.0,0.0,-51.26,0.012,0.0,0,0.0,0.0
eliot-tron,11,22.91,8,3,1.38,0.0,0.0,0.0,0.0,1015.1,0.0,0.0,0,0.0,0.0,66,22.47,31,3,2.13,0.0,0.0,0.0,0.0,248.63,0.231,0.0,0,0.0,0.0,55,-0.44,23,0,0.75,0.0,0.0,0.0,0.0,-766.47,0.231,0.0,0,0.0,0.0
Derjai,16,84.0,4,2,4.0,0.688,0.0,0.0,0.0,64.22,0.267,0.0,0,0.0,0.0,34,79.5,6,2,5.67,0.647,0.029,0.206,0.176,44.36,0.667,0.0,0,83.93,0.5,18,-4.5,2,0,1.67,-0.041,0.029,0.206,0.176,-19.86,0.4,0.0,0,83.93,0.5
Hwasowl,57,23.35,15,3,3.8,0.0,0.596,0.0,0.105,217.35,0.679,0.0,0,0.0,0.0,43,52.79,8,1,5.38,0.14,0.698,0.0,0.14,97.8,0.524,0.0,0,110.31,0.562,-14,29.44,-7,-2,1.58,0.14,0.102,0.0,0.035,-119.55,-0.155,0.0,0,110.31,0.562
EduardoB-Programador,29,21.07,6,2,4.83,0.103,0.0,0.0,0.0,158.91,0.643,0.0,0,0.0,0.0,56,24.54,10,4,5.6,0.107,0.0,0.0,0.0,86.91,0.564,0.0,0,0.0,0.0,27,3.47,4,2,0.77,0.004,0.0,0.0,0.0,-72.0,-0.079,0.0,0,0.0,0.0
manoedinata,10,38.8,2,2,5.0,0.0,0.0,0.0,0.0,18.82,0.889,0.0,0,0.0,0.0,39,329.21,5,1,7.8,0.949,0.0,0.103,0.103,134.48,0.763,0.0,0,0.0,0.0,29,290.41,3,-1,2.8,0.949,0.0,0.103,0.103,115.66,-0.126,0.0,0,0.0,0.0
Cyb3r-Jak3,22,67.0,9,1,2.44,0.273,0.0,0.0,0.273,578.35,0.571,0.0,0,16.38,0.0,6,39.17,4,1,1.5,0.167,0.0,0.0,0.167,2529.38,0.4,0.0,0,13.5,0.0,-16,-27.83,-5,0,-0.94,-0.106,0.0,0.0,-0.106,1951.03,-0.171,0.0,0,-2.88,0.0
JpegPython,13,16.23,5,2,2.6,0.0,0.0,0.0,0.0,703.46,0.417,0.0,0,0.0,0.0,18,17.39,2,2,9.0,0.0,0.0,0.0,0.0,105.47,0.882,0.0,0,0.0,0.0,5,1.16,-3,0,6.4,0.0,0.0,0.0,0.0,-597.99,0.465,0.0,0,0.0,0.0
KR-HS,20,16.65,5,4,4.0,0.05,0.0,0.0,0.0,109.96,0.737,0.0,0,0.0,0.0,16,9.12,1,1,16.0,0.0,0.0,0.0,0.0,0.14,1.0,0.0,0,0.0,0.0,-4,-7.53,-4,-3,12.0,-0.05,0.0,0.0,0.0,-109.82,0.263,0.0,0,0.0,0.0
IvanGrigorik,81,26.72,10,1,8.1,0.025,0.0,0.037,0.0,27.92,0.7,0.0,0,6.71,0.0,19,22.53,10,1,1.9,0.105,0.0,0.053,0.0,581.82,0.444,0.0,0,0.0,0.0,-62,-4.19,0,0,-6.2,0.08,0.0,0.016,0.0,553.9,-0.256,0.0,0,-6.71,0.0
aob123,6,15.33,4,3,1.5,0.0,0.0,0.0,0.0,1817.61,0.4,0.0,0,0.0,0.0,6,16.0,3,1,2.0,0.0,0.0,0.0,0.0,1110.23,0.6,0.0,0,0.0,0.0,0,0.67,-1,-2,0.5,0.0,0.0,0.0,0.0,-707.38,0.2,0.0,0,0.0,0.0
dduyg,21,28.1,3,1,7.0,0.0,0.0,0.0,0.0,79.31,0.7,0.0,0,0.0,0.0,79,25.65,8,1,9.88,0.0,0.0,0.0,0.0,84.65,0.795,0.0,0,0.0,0.0,58,-2.45,5,0,2.88,0.0,0.0,0.0,0.0,5.34,0.095,0.0,0,0.0,0.0
nekoscythe,30,14.43,2,1,15.0,0.0,0.0,0.133,0.0,341.45,0.966,0.0,0,0.0,0.0,70,38.23,6,1,11.67,0.057,0.0,0.086,0.0,43.96,0.71,0.0,0,4.5,0.0,40,23.8,4,0,-3.33,0.057,0.0,-0.047,0.0,-297.49,-0.256,0.0,0,4.5,0.0
Amandinh0,42,24.45,5,3,8.4,0.048,0.0,0.071,0.0,226.85,0.683,0.0,0,0.0,0.0,34,20.85,7,2,4.86,0.029,0.0,0.0,0.0,402.47,0.667,0.0,0,0.0,0.0,-8,-3.6,2,-1,-3.54,-0.019,0.0,-0.071,0.0,175.62,-0.016,0.0,0,0.0,0.0
cihat-kose,33,25.91,10,3,3.3,0.0,0.0,0.0,0.0,197.43,0.531,0.0,0,0.0,0.0,67,44.03,10,3,6.7,0.164,0.045,0.06,0.0,110.47,0.742,0.0,0,189.5,1.0,34,18.12,0,0,3.4,0.164,0.045,0.06,0.0,-86.96,0.211,0.0,0,189.5,1.0
stkprog,5,31.8,1,1,5.0,0.0,0.0,0.0,0.0,0.88,0.75,0.0,0,0.0,0.0,95,40.82,11,5,8.64,0.021,0.0,0.0,0.0,42.67,0.553,0.0,0,0.0,0.0,90,9.02,10,4,3.64,0.021,0.0,0.0,0.0,41.79,-0.197,0.0,0,0.0,0.0
mrMoxford,72,15.42,12,2,6.0,0.097,0.0,0.0,0.0,65.58,0.676,0.0,0,0.0,0.0,28,62.82,4,2,7.0,0.321,0.0,0.0,0.0,399.11,0.778,0.0,0,39.2,0.4,-44,47.4,-8,0,1.0,0.224,0.0,0.0,0.0,333.53,0.102,0.0,0,39.2,0.4
destucr,15,20.13,4,3,3.75,0.0,0.0,0.0,0.0,610.71,0.571,0.0,0,0.0,0.0,7,20.86,1,1,7.0,0.0,0.143,0.0,0.0,0.52,1.0,0.0,0,0.0,0.0,-8,0.73,-3,-2,3.25,0.0,0.143,0.0,0.0,-610.19,0.429,0.0,0,0.0,0.0
jacobcassidy,5,35.6,1,1,5.0,0.0,0.0,0.0,0.0,0.08,1.0,0.0,0,0.0,0.0,95,38.4,9,1,10.56,0.0,0.0,0.0,0.0,55.82,0.766,0.0,0,0.0,0.0,90,2.8,8,0,5.56,0.0,0.0,0.0,0.0,55.74,-0.234,0.0,0,0.0,0.0
sungyongcho,28,20.5,3,1,9.33,0.0,0.25,0.071,0.0,125.85,0.481,0.0,0,0.0,0.0,5,54.6,2,3,2.5,0.0,1.0,0.0,0.0,90.33,0.75,0.0,0,0.0,0.0,-23,34.1,-1,2,-6.83,0.0,0.75,-0.071,0.0,-35.52,0.269,0.0,0,0.0,0.0
MariusTanase,51,27.57,11,4,4.64,0.118,0.0,0.0,0.02,206.08,0.6,0.0,0,104.0,0.6,7,16.0,4,1,1.75,0.0,0.0,0.0,0.0,2150.73,0.5,0.0,0,0.0,0.0,-44,-11.57,-7,-3,-2.89,-0.118,0.0,0.0,-0.02,1944.65,-0.1,0.0,0,-104.0,-0.6
tomiaa12,6,12.33,2,1,3.0,0.0,0.167,0.0,0.0,13.36,0.4,0.0,0,0.0,0.0,93,33.09,35,2,2.66,0.075,0.817,0.0,0.022,200.95,0.293,0.0,0,0.0,0.0,87,20.76,33,1,-0.34,0.075,0.65,0.0,0.022,187.59,-0.107,0.0,0,0.0,0.0
pabuisson,20,34.7,3,1,6.67,0.05,0.15,0.1,0.0,18.63,0.316,0.0,0,0.0,0.0,42,37.1,4,1,10.5,0.048,0.381,0.024,0.0,212.74,0.561,0.0,0,0.0,0.0,22,2.4,1,0,3.83,-0.002,0.231,-0.076,0.0,194.11,0.245,0.0,0,0.0,0.0
leabravo,11,44.18,1,1,11.0,0.455,0.0,0.0,0.0,1.04,0.9,0.0,0,0.0,0.0,25,37.24,6,1,4.17,0.36,0.0,0.0,0.0,312.38,0.583,0.0,0,0.0,0.0,14,-6.94,5,0,-6.83,-0.095,0.0,0.0,0.0,311.34,-0.317,0.0,0,0.0,0.0
djizus,15,31.27,4,1,3.75,0.4,0.0,0.0,0.0,167.11,0.714,0.0,0,0.0,0.0,59,19.37,8,3,7.38,0.0,0.0,0.0,0.0,176.43,0.603,0.0,0,0.0,0.0,44,-11.9,4,2,3.63,-0.4,0.0,0.0,0.0,9.32,-0.111,0.0,0,0.0,0.0
