login,country,pre_classifier_score,post_classifier_score,pre_commits,post_commits
JeffersonSenaa,BR,0.0237,0.0237,38,47
lgthevinh,VN,0.0303,0.029,80,20
Aisuko,AU,0.1105,0.1197,54,46
ThomasAurelius,US,0.0255,0.0333,40,12
Hello-LSY,KR,0.0258,0.0447,27,73
jincito,US,0.0369,0.029,19,16
libondev,CN,0.06,0.1404,56,13
samettcelik,TR,0.2105,0.0535,11,5
jjd214,PH,0.0418,0.0821,6,94
getmarkus,US,0.0513,0.1383,42,53
dobinpark,KR,0.041,0.0381,36,51
NirmalScaria,IN,0.0362,0.0361,25,10
SlemimanPzz,MX,0.0581,0.0253,92,8
twoneis,NL,0.0252,0.1358,21,56
MineRaphi,AT,0.0384,0.0462,5,21
TheCyberWeaver,DE,0.0416,0.0907,50,7
ShantoOBS,BD,0.1931,0.1237,37,63
AnJungGeon,KR,0.193,0.0628,6,6
Soohwan123,KR,0.0744,0.0465,27,6
cyyever,SG,0.0332,0.0331,10,9
GufengYu520,CN,0.0336,0.0351,30,32
tombch,CH,0.0426,0.0891,39,9
leonnicolas,DE,0.1028,0.1294,16,16
iamnotluka,AU,0.0486,0.0435,74,26
maxidragon,PL,0.0237,0.0267,95,5
Faralha,ID,0.0424,0.0673,19,6
SvetimFM,US,0.2086,0.266,5,80
Lampese,CN,0.0235,0.0241,56,31
Erliandikasyahputraa,ID,0.18,0.1318,6,32
peruvianidol,US,0.0707,0.1384,6,43
yejively,KR,0.1925,0.0334,8,5
Tom-lchg,FR,0.2124,0.0635,12,8
huanxiaomang,CN,0.033,0.2356,14,6
ThiruDev50,IN,0.1682,0.0644,16,21
M-Laetitia,FR,0.1277,0.0403,93,7
Norhan-salem,EG,0.0354,0.0286,32,31
dhdeangelis,SE,0.0782,0.1282,5,15
Pritam1136,IN,0.0255,0.0265,17,5
UKChris-osm,GB,0.0301,0.0303,27,44
kietdz0505,VN,0.0697,0.0444,40,5
cattyman919,ID,0.0287,0.0329,81,8
AlchlcDvl,CA,0.0304,0.0302,40,60
abhiram2504,US,0.0335,0.0291,30,13
vishan01,IN,0.1423,0.0331,77,23
victoriaEssien,NG,0.0302,0.0243,34,8
EstebanBiret,FR,0.0311,0.0259,58,42
vm75,US,0.0237,0.0515,43,19
chgeo,DE,0.2618,0.0906,10,25
jfparie,NL,0.0912,0.0339,12,18
ThomasCaneday,US,0.0425,0.0536,6,36
Guiiiiiiiiiiiiiiiiiilllllleeeee,MX,0.0388,0.1239,7,42
homeboy445,IN,0.0309,0.0297,10,17
srloris,BR,0.0311,0.0377,39,26
dajkagabi,HU,0.0364,0.0485,12,9
BettyJoya,CN,0.1657,0.1742,13,19
HelloSJ00,KR,0.185,0.0569,5,95
luis-ffe,PT,0.0486,0.0488,71,29
HasiiPerera,LK,0.086,0.0739,12,8
sether31,PH,0.3145,0.215,23,77
davide-lombardo,IT,0.0252,0.0401,34,29
RussianCow,US,0.0289,0.0399,31,28
nicholasmakhija,AU,0.187,0.1876,11,89
byPixelTV,DE,0.045,0.0448,46,54
Obimbo07,KE,0.0562,0.0994,54,46
dhananjaykr306,IN,0.2717,0.2667,14,8
maryjohnben,US,0.0434,0.2591,8,7
lsegal,US,0.0758,0.2498,23,77
chanho0908,KR,0.0301,0.0411,30,70
martinschaible,CH,0.0435,0.0504,22,78
nakamurakko,JP,0.0415,0.0788,16,81
bryantbiggs,US,0.0581,0.2781,6,5
LaraBiewers,DE,0.0237,0.04,21,79
mecukuryurt,TR,0.0311,0.0437,18,76
Zeann3th,VN,0.0588,0.047,52,48
Blaadam,GB,0.0437,0.0378,85,15
Maruf2309,BD,0.0304,0.0356,28,72
leehuwuj,VN,0.0302,0.0301,24,19
sariya23,RU,0.1212,0.1276,14,86
paduszyk,PL,0.0606,0.2646,25,75
sammeltassen,NL,0.0284,0.0316,55,7
tejas-contentstack,IN,0.0312,0.0396,11,21
salvar3nga,DE,0.0384,0.0684,5,13
alexandrutomescu,FI,0.0575,0.0922,5,23
slimreaper35,CZ,0.0879,0.1235,33,58
Hamed18,BD,0.0276,0.0304,8,51
AS-Baba,NG,0.0602,0.0452,26,5
sam-laskowski,GB,0.0721,0.0728,6,8
Zak-Hussain,CH,0.0294,0.0286,61,39
saif-ali01,IN,0.0486,0.3048,5,14
7azmi,MY,0.0304,0.0332,14,6
mhbka,SG,0.154,0.1629,86,14
tomiaa12,CN,0.0577,0.0698,6,93
themattinthehatt,US,0.185,0.0398,5,8
olich97,IT,0.0335,0.0393,47,11
JosePizarro3,DE,0.0569,0.0501,74,26
davyssonlucas,PT,0.0342,0.0456,39,14
CheonjiKim,KR,0.0286,0.0385,42,40
JosunLP,DE,0.0256,0.0417,25,28
Steiden,RU,0.0261,0.0337,16,47
funnyQZQ,CN,0.0444,0.0595,10,16
austinorth,US,0.1299,0.2124,17,34
newaz10,BD,0.0384,0.05,5,16
viniciusbelchior0,BR,0.0304,0.0406,48,52
markasch,FR,0.0309,0.0361,90,10
alexakten,SE,0.0688,0.0484,31,69
fmount,IT,0.0799,0.0982,19,27
ItsMJ99,IN,0.0466,0.0391,90,9
olavsl,NO,0.0668,0.0423,94,6
rahul0x24,GB,0.0278,0.029,18,29
rasmussvala,SE,0.1981,0.0621,28,72
creachadair,US,0.0815,0.163,5,11
Ariyan-Rahman-Anas,BD,0.0365,0.0571,22,12
K-Zawis,GB,0.0699,0.1053,31,12
HarshK97,IN,0.0417,0.078,6,73
Krishnaraj017,IN,0.0367,0.0377,32,10
mdomnik,PL,0.0505,0.0517,17,83
Toscanah,IT,0.0349,0.1067,39,61
pierre-dickinson,FR,0.2577,0.068,5,21
jattu8602,IN,0.0417,0.0758,26,74
wyf9,CN,0.0329,0.0461,22,78
dr-lizhiwei,CN,0.0872,0.04,54,39
WSQsGithub,CN,0.0586,0.0563,24,19
alansobchacki,BR,0.0289,0.0508,25,8
alextekartik,FR,0.0759,0.0635,9,18
tsutterley,US,0.0289,0.0299,31,12
imtheprince7,IN,0.0385,0.0368,6,36
Introvert696,RU,0.0254,0.0304,18,19
jbacheldor,US,0.1304,0.154,79,21
timokoessler,DE,0.0449,0.045,63,24
gauravpawar47,IN,0.0373,0.0713,9,55
hurryclear,DE,0.1933,0.0556,5,95
Jrol123,RU,0.0544,0.0589,93,6
KnorpelSenf,DE,0.0691,0.0868,18,5
kbmackenzie,BR,0.0516,0.3952,78,22
vasilsaroka,GB,0.2333,0.1379,24,23
DoganM95,DE,0.1598,0.1177,7,12
TongCHEN779,DK,0.0425,0.0614,37,10
pelinbingl,TR,0.043,0.0442,54,11
Alfareiza,BR,0.0235,0.0307,29,10
jonathanfallon,FR,0.0409,0.2461,17,5
88lin,CN,0.0327,0.0574,10,90
stibu81,CH,0.0287,0.0418,19,15
yulong88888,CN,0.0309,0.0267,11,5
Alao001,NG,0.1898,0.0504,5,26
angelicagardner,SE,0.119,0.1723,29,8
AlienWolfX,PH,0.0256,0.0656,16,75
econdojo,US,0.0256,0.0354,33,51
silesky,US,0.0306,0.0687,24,16
S4NKALP,NP,0.0366,0.03,63,24
LucasSlessa,BR,0.0323,0.2571,5,6
Dasde,FR,0.0672,0.074,15,70
walkerjameschris,US,0.0727,0.0602,88,12
jacksonkasi1,IN,0.0304,0.0354,20,21
ZacharyTStone,JP,0.0337,0.0305,73,16
gunesevitan,TR,0.0258,0.0574,20,5
ibowditch,AU,0.0239,0.0308,65,15
xmmzka,CN,0.0511,0.0636,17,16
i-am-surovi,BD,0.0871,0.0331,76,24
BhautikLukhi,DE,0.0387,0.0394,59,41
PureWhiteWu,CN,0.0535,0.0414,17,14
TBonnin,US,0.0239,0.0347,30,11
Kinglord1090,IN,0.142,0.082,27,37
udanielnogueira,BR,0.0306,0.0614,25,35
halynabondar,DK,0.1194,0.2554,18,26
paulinek13,PL,0.0337,0.029,81,17
sagar0dutta,NO,0.3839,0.1185,75,25
hyeongjun6364,KR,0.0256,0.0353,74,26
itkhansunny,BD,0.0311,0.0415,35,36
online5880,KR,0.0255,0.0344,67,19
nihalsaran,IN,0.0474,0.0566,16,24
CodedJay672,NG,0.0553,0.0407,93,5
thesushantgunjal,IN,0.0333,0.2214,17,5
fairydance,CN,0.0238,0.0287,7,27
eddwardmessias,BR,0.0385,0.0385,18,17
YatinDevs,IN,0.0256,0.0256,63,37
Gabriel-Arcila,US,0.1114,0.0393,6,27
DmitryMuzalev,RU,0.0368,0.0606,12,63
devnestali,ES,0.0328,0.0578,11,88
Coosanta17,AU,0.1072,0.0538,20,14
yashk9293,IN,0.0547,0.0488,74,26
DevilsBestFriend,AT,0.0838,0.0942,10,90
qrimosa,PL,0.0591,0.2033,17,35
anshulsoni2010,IN,0.0304,0.0245,20,23
vadimgierko,PL,0.0256,0.0307,19,13
rtrollebo,NO,0.0409,0.0487,15,33
paritosh-Shukla24,IN,0.2592,0.068,6,8
djmoth,DK,0.0702,0.063,46,33
perlsdiver,US,0.0325,0.0351,22,54
ibsenquaresma,CA,0.1076,0.11,75,25
nictru,FR,0.0374,0.2288,94,6
dhanushscience,IN,0.0444,0.0765,30,46
AlexAlkhatib,FR,0.0369,0.0483,22,21
AustinWilliam117,CN,0.0239,0.0239,36,64
emreosminho,TR,0.0376,0.0643,10,50
PeeOops,ID,0.0383,0.1438,6,94
RunningFlip,DE,0.0312,0.1393,21,5
Aete,KR,0.028,0.0566,5,37
tonyS912,DE,0.0236,0.0411,29,50
sujithq,BE,0.2197,0.3169,8,89
MarioMarkwart,DE,0.2258,0.1247,29,71
lawrence-forooghian,BR,0.1663,0.0776,26,74
gregowa,FR,0.0359,0.2184,26,52
jakubklimek,CZ,0.0748,0.0948,17,81
nMaax,IT,0.0467,0.0341,95,5
SameerArora497,IN,0.1924,0.0678,9,91
iWas-Coder,ES,0.0314,0.0379,94,6
n-niewiadowska,PL,0.091,0.0632,12,37
varunkumar,IN,0.0959,0.1529,6,6
zad-sixstrings,CH,0.1366,0.1876,33,6
shifan-mts,IN,0.0321,0.2363,39,6
cseriildi,AT,0.0431,0.1085,9,73
Aditya7786,IN,0.0804,0.0326,12,9
20101301-Alina-Hasan,BD,0.0331,0.3863,28,72
GnanambhalSvRam,US,0.0236,0.0292,35,65
Faiaz-Rahman,BD,0.024,0.0316,24,5
BibekPoudel855,NP,0.0265,0.0291,41,59
darvin-rakotomalala,CA,0.0256,0.0293,17,18
AH-Ratul,BD,0.0306,0.1576,10,16
k2controls,US,0.2121,0.0424,74,26
MnacsM,JP,0.0595,0.0571,13,50
alekssamos,RU,0.0306,0.0406,25,73
Noctulus,CN,0.2398,0.0463,22,21
amitsuthar69,IN,0.0285,0.0243,68,32
FamALouiz,DE,0.0603,0.0442,9,6
ChessZra,US,0.0477,0.0273,56,5
chrisheithoff,US,0.0236,0.0236,34,53
BrettOrmsby,CA,0.0469,0.05,91,9
wangLyndon,CN,0.0436,0.049,7,54
souzafcharles,BR,0.0405,0.0242,32,11
gary1116,IN,0.0239,0.057,28,6
a-mnich,DE,0.0257,0.0267,7,6
FS-17,SA,0.0275,0.0728,14,84
codeyoma,JP,0.0305,0.0244,87,13
polent,DE,0.0371,0.0583,5,92
dylanmazurek,AU,0.0301,0.0962,37,12
WeichenFan,SG,0.0388,0.032,72,20
angeluriot,FR,0.0321,0.0441,49,13
mzelder,PL,0.0256,0.0453,25,75
mmilkos,PL,0.0303,0.0413,29,57
Ivin-Mathew,IN,0.2155,0.0366,11,10
Shirou-Dev,TH,0.1974,0.0535,12,9
laurentlb,DE,0.1419,0.1471,48,52
sjapanwala,CA,0.0841,0.1416,5,95
bwromero,IT,0.2546,0.2142,7,93
jimmlucas,ES,0.0303,0.0284,77,23
SHUBHAMTATE,IN,0.0263,0.0538,7,93
Kangie,AU,0.0263,0.0305,13,12
minhjih,KR,0.1474,0.2326,6,93
mkrutzler,CH,0.0284,0.0342,31,69
lucaskeller27,BR,0.2544,0.0745,7,93
prabhashj07,NP,0.0595,0.0266,47,19
will-craig,GB,0.2226,0.0982,12,31
mwalbeck,DK,0.0648,0.1261,48,6
vxnsin,DE,0.0338,0.0432,19,79
codewithdark-git,PK,0.0385,0.0763,7,93
leandrada08,IT,0.0414,0.0443,9,24
mabdn,DE,0.0788,0.0431,51,27
mtolmacs,HU,0.1713,0.1441,57,19
dungken,VN,0.0384,0.0336,46,54
tobidelly,NG,0.0333,0.0724,31,10
lanlacope,JP,0.0511,0.0439,51,49
DiogoBarrosMartins,PT,0.0245,0.0295,77,23
mlesnoff,FR,0.1905,0.0769,11,58
theNareshofficial,IN,0.0366,0.0302,25,24
manit2004,IN,0.0335,0.0384,7,7
besser435,US,0.0739,0.0994,12,14
saisriramgit,US,0.0408,0.0436,12,45
Anderson-kariuki,KE,0.0284,0.0369,49,49
rwdroge,NL,0.0438,0.3027,7,87
arnautov-anton,CZ,0.0973,0.3077,44,27
LuisMiguel-efe,CO,0.0579,0.0702,16,24
seanbuckle,GB,0.0394,0.0842,41,59
Pablo-source,GB,0.0992,0.1397,56,30
jacobcassidy,US,0.2527,0.0761,5,95
aquental,BR,0.0469,0.0465,6,13
YoCode35,FR,0.0368,0.0793,10,90
BelaSchrammDev,DE,0.0687,0.0333,31,69
Sami-Juhani,FI,0.0373,0.1105,19,81
KurosakiKST,TH,0.0416,0.1086,66,27
ridzimeko,ID,0.0286,0.0438,32,68
ducchinhpro123,VN,0.2527,0.0927,6,94
nandbolt,US,0.2202,0.0478,77,23
tribbloid,CA,0.0613,0.0822,50,25
sanghoonio,US,0.0796,0.0732,20,76
binboupan,FI,0.0386,0.0386,7,50
LFWQSP2641,CN,0.0417,0.0542,86,14
Jiahui17,CH,0.0286,0.035,76,24
Yamete11,PL,0.0296,0.0412,49,51
oceanlee-seoul,KR,0.0406,0.0345,47,15
danharrin,GB,0.0399,0.046,26,27
tesaunders,NZ,0.0643,0.0486,31,69
mgayout,FR,0.0692,0.0619,37,61
gabrielLaino,BR,0.1493,0.0756,43,21
jagathpraneshcoder,IN,0.0386,0.1467,5,95
Nouman-Usman,PK,0.035,0.0322,25,5
shasankp000,IN,0.0682,0.0815,6,11
Haasie,NL,0.0938,0.1125,5,65
Roo7K1d,DE,0.1315,0.2062,5,15
montanarisimone,IT,0.0321,0.0694,37,25
pritam12426,IN,0.0338,0.0486,59,41
dpidpalyi,RU,0.0257,0.0365,62,37
YuanchengJiang,SG,0.0254,0.0354,13,24
PostScriptReal,AU,0.0391,0.0448,25,67
thomhurst,GB,0.1813,0.1963,18,30
bibek1414,NP,0.0445,0.0447,14,26
mrashid5919,BD,0.0258,0.0358,36,52
omar0ali,CA,0.0745,0.0472,46,54
GiJungPark,KR,0.0493,0.065,8,92
DanubiaOliver,BR,0.0405,0.3466,7,7
jagdishpatil07,IN,0.147,0.0906,23,17
bradly0cjw,TW,0.0503,0.0497,78,22
SMANahian,US,0.0238,0.0303,34,7
dewviee,TH,0.2754,0.2794,8,5
NafizRohan,BD,0.1398,0.0791,28,16
baruhifraimov,IL,0.0333,0.0474,11,6
docuracy,GB,0.2602,0.2231,8,29
AbbyBoehm,US,0.0239,0.1083,11,89
nikic,DE,0.0808,0.0675,21,77
jessehouwing,NL,0.0237,0.0614,15,23
kenthzy,PH,0.0315,0.0291,37,22
TRHX,CN,0.0237,0.0243,71,10
siphonhata,ZA,0.0278,0.0291,8,6
tt-tom17,DE,0.0512,0.0931,69,31
ENDERZOMBI102,IT,0.0301,0.0319,5,5
SlainTroyard,CN,0.0307,0.0253,15,28
Cholico,MX,0.1179,0.1407,7,56
CHEGEBB,KE,0.2619,0.0812,8,92
morepurplemorebetter,NL,0.1867,0.2456,23,17
WindriderQc,CA,0.0256,0.1319,20,54
AlexanderNeo427,SG,0.0889,0.1991,22,11
thstmddns,KR,0.0308,0.0352,40,37
yet3,PL,0.0583,0.0803,57,43
Nosa-Osawe,NG,0.0316,0.0346,37,54
SrClauss,BR,0.0239,0.0388,8,20
MariPinas,BR,0.0309,0.0718,17,54
kpoxo6op,NZ,0.0287,0.0795,36,54
Tayyabazahra,PK,0.0543,0.0418,89,11
deytenit,RU,0.0337,0.0467,14,19
BeaulaEkka,NL,0.0304,0.0319,26,10
nymur-rahman-nyar,CA,0.0265,0.1573,26,55
Krusty93,IT,0.0537,0.1015,9,6
vishwas-r,IN,0.0396,0.0312,27,6
Lgonson,DE,0.0433,0.0488,13,29
Shawarmaa,GB,0.0436,0.0378,83,17
tsuyuni,JP,0.0383,0.0349,11,16
twolater,SE,0.039,0.0397,5,26
rohith-doradla,IN,0.0408,0.0452,7,17
VadimRomansky,RU,0.0258,0.0258,53,47
elizachistova,FR,0.2022,0.0681,11,25
AMSaiian,UA,0.0301,0.047,75,5
ezanon,BR,0.0263,0.041,11,11
RadioNoiseE,CN,0.0241,0.1558,23,34
Fernando-Mauro,MX,0.0286,0.0236,57,43
jcpitre,CA,0.1514,0.0867,38,9
slint,CH,0.2527,0.1158,5,24
quasar1357,CH,0.0851,0.0811,89,11
zainantum,ID,0.0309,0.0312,88,12
ReduxFlakes,PT,0.0399,0.0341,72,28
nyonson,US,0.0468,0.0553,76,24
iqbaldiit,BD,0.0235,0.0514,18,12
jinningwang,US,0.0734,0.1316,48,7
rodrigohigashi,BR,0.122,0.061,35,15
ghostyghast,MY,0.0674,0.0746,6,9
Mistereptil09,FR,0.0503,0.0412,20,21
danielsdgg,KE,0.0435,0.0704,5,29
tobiwern,DE,0.0469,0.0545,88,12
eXistenZNL,NL,0.0929,0.0972,10,20
uchedotphp,NG,0.0256,0.0355,29,20
dainslef,JP,0.036,0.062,80,20
pontus,SE,0.1779,0.2328,5,5
hendrik1984,ID,0.0762,0.1062,22,49
gregusio,PL,0.0671,0.0644,62,38
kellyhayd,GB,0.0566,0.0818,62,38
Hamza-fullstackdev,PK,0.035,0.131,17,83
wasiqAfnan,IN,0.0365,0.038,62,23
maximvochten,BE,0.0239,0.0476,33,24
Series-Parallel,IN,0.0887,0.0887,9,9
wasimakram516,PK,0.0916,0.1043,7,17
ihawp,CA,0.2288,0.2617,8,84
prae1809,CA,0.2527,0.0801,6,6
AndrewAMesa,US,0.0438,0.2905,6,10
caduregel,NL,0.0386,0.0796,11,22
Virenbar,RU,0.0238,0.0354,24,58
k2645,KR,0.0503,0.0707,17,83
nisar2,US,0.029,0.1135,57,26
ilpropheta,IT,0.0256,0.0406,26,73
julian-go,CH,0.0257,0.0383,31,39
olek1305,PL,0.1254,0.0542,95,5
anilthanki,GB,0.0328,0.0568,7,15
larsewi,NO,0.0238,0.0298,38,39
LarissaCarvalho1,BR,0.0497,0.032,45,14
karthikb351,IN,0.0237,0.0243,24,14
mturczyn,PL,0.0422,0.1847,9,21
finnzao,BR,0.0366,0.0292,60,11
Valer100,RO,0.3145,0.0802,21,79
abdalla-yahia,EG,0.0302,0.0315,14,7
looly,CN,0.0847,0.1219,10,5
SherazAhmadd,PK,0.0732,0.0394,91,9
Abhash-Chakraborty,IN,0.1912,0.0636,20,11
VictorNalu,NG,0.1072,0.05,22,78
Taew00k,KR,0.2724,0.0416,16,17
challenai,SG,0.0467,0.0636,44,6
ksbrwsk,DE,0.0791,0.0651,51,34
lasiqueira,GB,0.0363,0.0299,8,56
JuanBeltrame,AR,0.1533,0.1585,29,71
zhiqiang-hhhh,CN,0.0337,0.054,5,93
EunByu1,KR,0.0484,0.0645,50,32
DoughFernandes,BR,0.3036,0.1455,44,56
DanielFLopez1620,CO,0.0239,0.0655,37,34
ArpitBlagan,IN,0.032,0.0295,78,11
Teyzer,FR,0.077,0.0588,20,60
ihasq,JP,0.0254,0.0254,51,49
ChristianCreey,MX,0.0327,0.039,23,27
annkar73,SE,0.098,0.0405,35,5
kinow,ES,0.1484,0.133,29,31
LeventeBotos,HU,0.0304,0.0447,59,14
Wanff,US,0.0277,0.0466,6,5
SilviaAvelar,PT,0.0921,0.1694,5,76
Jegor9555,PL,0.0383,0.0505,14,86
sparklydavid,TW,0.0303,0.0292,84,16
Xabierland,ES,0.2719,0.2719,9,5
cirorandazzo,US,0.0238,0.0451,65,35
Gleethos,AT,0.0626,0.1079,57,16
victormours,FR,0.0266,0.0289,6,26
Wamitinewton,KE,0.0371,0.0577,5,49
MomoPi-Dark,ID,0.0333,0.0308,22,43
Talha-Tahir2001,PK,0.046,0.0265,13,43
whaibetter,CN,0.0328,0.2363,14,86
AhmedSaddique,PK,0.0311,0.0536,39,50
sammagnet7,IN,0.052,0.027,73,16
ronikaufman,SE,0.0237,0.0287,15,27
libenke,US,0.0456,0.0647,30,25
cakraawijaya,ID,0.038,0.0897,15,43
lemon-lime-honey,KR,0.0338,0.0373,85,15
eldani13,CO,0.0787,0.194,18,27
elizasviel,US,0.1262,0.0462,53,47
yingmanwumen,CN,0.0402,0.0293,25,9
Semperz,ES,0.1447,0.1153,59,41
analicesouto,BR,0.0983,0.0527,52,16
caleholst,US,0.0286,0.037,63,37
u4y0u,FR,0.0253,0.0242,88,12
svpontes,PT,0.2274,0.0688,47,53
samtrion,DE,0.0289,0.0394,45,11
paquettm,CA,0.0285,0.0285,59,41
uwefladrich,SE,0.2476,0.2529,37,20
francescacarlon,BE,0.056,0.0869,11,89
zubkov-andrei,RU,0.071,0.0997,16,49
ikhsanmasu,ID,0.0438,0.1762,38,53
martindocs,GB,0.0436,0.0647,30,70
GerardMartinus,BR,0.1953,0.0498,77,21
Eliott-B,FR,0.0315,0.0241,78,14
Sweekt,FR,0.1082,0.1246,35,53
developtheweb,US,0.0397,0.1743,10,11
abubakrsaddique,PK,0.0439,0.0383,13,9
TechnicalDC,IN,0.0258,0.0454,12,88
ankitsharma38,IN,0.0274,0.0502,7,57
davidly,US,0.0287,0.0315,51,5
TheDevAtlas,US,0.0487,0.0836,14,61
wiljimen,ES,0.0238,0.024,26,27
staciekoslovsky-noaa,US,0.0376,0.0547,17,67
mulysan,IL,0.0258,0.0308,22,44
y-fjmt,JP,0.0448,0.0595,22,14
carere,FR,0.0486,0.0815,22,78
AhmedRady66,EG,0.0338,0.0818,19,81
facsert,CN,0.066,0.1232,82,18
robaho,US,0.0287,0.0337,37,63
Zeyu-Xie,SE,0.1079,0.0585,80,20
jtweedle1,US,0.0517,0.0566,47,53
alistair23,AU,0.1992,0.1755,38,23
IacobZanoci,IL,0.0436,0.1848,12,60
PQPMath3ws,BR,0.0289,0.0301,33,13
Skordio,US,0.064,0.0973,81,19
saumyatalwani,IN,0.0507,0.0695,9,82
marius-sucan,RO,0.0723,0.0735,7,6
ungerik,AT,0.0949,0.1776,6,16
adiii3692,CA,0.0328,0.0293,33,67
tony-nz,NZ,0.1781,0.0714,31,42
dam2452,PL,0.0712,0.1264,73,26
temulenbd,IE,0.0369,0.0545,7,89
kaalam,ES,0.0241,0.0491,16,84
cygullem,PH,0.0526,0.048,14,86
hardik121121,IN,0.0374,0.0364,28,13
g1eny0ung,CN,0.0308,0.0347,35,22
Kruzk02,VN,0.0436,0.1327,6,94
macielti,BR,0.3625,0.0617,36,9
nu113d,GR,0.0287,0.0337,13,16
DJESTRIN,US,0.0483,0.2194,83,16
pranabdas,SG,0.056,0.1508,32,57
ianfromdover,SG,0.048,0.0702,39,61
haessar,GB,0.0412,0.0405,25,69
chflame163,CN,0.0531,0.0379,55,13
GamilMohamed,FR,0.0333,0.0511,7,57
usefmahmud,EG,0.0395,0.13,41,59
IremOztimur,TR,0.0256,0.0838,13,87
ipanasenko,NL,0.0256,0.0246,14,9
MikaelFangel,DK,0.0286,0.0304,79,21
clysel,DK,0.0239,0.0299,38,30
ThembaMahlangu,ZA,0.0306,0.0425,86,14
MOHAN1665,IN,0.0487,0.0386,48,34
ArmVV26,ES,0.2418,0.0737,11,89
abhinav0207,DE,0.0256,0.0319,28,42
Cass402,IN,0.2088,0.1602,17,24
dtran421,US,0.0742,0.0668,74,26
phdru,RU,0.1259,0.1402,21,19
Tomeczeqq,PL,0.0289,0.0411,16,34
RoBizMan,PL,0.0482,0.193,8,92
Aravindha-samy,IN,0.0772,0.0329,33,14
AHMED-SAFA,BD,0.0384,0.0366,9,14
nils-soderman,SE,0.0469,0.0657,7,51
AlanZayon,BR,0.0282,0.0296,7,10
naneps,ID,0.0303,0.0303,70,30
saulnyongesa,KE,0.0658,0.1038,7,8
izzymarc,NG,0.0549,0.0477,38,62
HRosete,AU,0.3819,0.5077,26,5
juanbautistamalina,AR,0.0382,0.0694,7,42
itrabbi24,BD,0.0912,0.0417,12,8
rda-dattore,US,0.0368,0.0377,11,7
phdru,RU,0.1259,0.1402,21,19
SharjeelAhmed2,PK,0.0324,0.1394,6,36
aaronzedwick,US,0.1274,0.1024,19,5
wichan7,KR,0.0336,0.084,78,22
inspireMeNow,CN,0.0384,0.0939,5,71
nafismahamudshahin,BD,0.0364,0.029,49,26
beyondsimulations,DE,0.0286,0.0286,52,48
yokra9,JP,0.049,0.1101,18,59
lmcrean,GB,0.0284,0.0634,49,51
GiovaniFZ,BR,0.0254,0.0306,19,15
lvcvsk,AR,0.0302,0.0374,48,19
trofima,UA,0.0622,0.0826,15,46
CeMaGo,DE,0.0313,0.0271,25,6
NicFragale,US,0.0544,0.0364,57,43
lucasnramos,BR,0.0334,0.0566,42,7
DaniilMurzin,RU,0.0418,0.0416,59,9
MaheshKShetty,IN,0.0432,0.0372,8,5
gnestlinger,AT,0.0727,0.0991,25,75
thejondaw,US,0.142,0.078,66,34
marcinciapa,PL,0.2697,0.2489,15,79
md-rejoyan-islam,BD,0.0354,0.0692,20,8
sudhanshuraj13,IN,0.078,0.1072,5,13
lucas-glopes,BR,0.0387,0.3337,8,92
dawidzabrzenski,PL,0.0239,0.0795,18,6
HimansuWebCoder,IN,0.0331,0.0321,26,11
WebCarreira,PT,0.0827,0.0309,49,20
halostatue,CA,0.2324,0.2543,6,46
GregMBS,US,0.0259,0.0402,8,23
PotatoFi,FI,0.0609,0.1122,38,11
tashrique,US,0.0747,0.0368,88,12
Kalyan190,IN,0.047,0.0368,69,31
federicg,CH,0.0551,0.0421,33,11
JUJUup,CN,0.0287,0.0243,75,25
NEAR07,ID,0.0606,0.04,51,13
mattenarle10,PH,0.0319,0.0362,39,34
GoodGuySavitar,IN,0.0469,0.062,28,6
hqvjet,VN,0.048,0.0851,14,86
felipeminuzzi,BR,0.0285,0.0493,78,22
rainx,CN,0.0588,0.0786,7,45
araujoms,ES,0.185,0.0569,5,95
ArthurFlag,DE,0.039,0.0406,59,5
Sathiyapramod,IN,0.1047,0.1036,76,24
Emm-Anuel100,NG,0.0348,0.03,45,42
sub0101,IN,0.0385,0.0483,8,5
Changha-dev,KR,0.2725,0.2824,9,70
sreasgop,IN,0.207,0.216,34,66
Kaisarming,ID,0.0292,0.3129,70,30
nberr,US,0.0786,0.3097,5,12
flameshikari,RU,0.0862,0.0893,13,87
billyedmoore,GB,0.1293,0.1524,62,38
marceljhuber,AT,0.0369,0.0525,15,5
harshsingh-io,IN,0.0237,0.1057,70,30
openui54u,NL,0.0383,0.3385,9,20
guiruppel05,BR,0.435,0.413,31,69
laurenesco,US,0.0338,0.0392,36,8
pokeMike,IN,0.0284,0.0306,41,19
kklmn,SE,0.0239,0.0714,8,92
Khogendrarupini,IN,0.0679,0.1105,5,17
KJ-Sagar,IN,0.0261,0.0717,5,27
canankarakoc,US,0.0287,0.0433,30,9
nghi-truyen,FR,0.0416,0.1244,7,18
Rik-Stokmans,NL,0.0769,0.0677,57,43
JonathanBout,NL,0.0447,0.0351,80,20
vikernes1981,DE,0.0366,0.0478,7,49
TanjimulSabbir,BD,0.0367,0.0939,44,46
aryaemami59,US,0.0419,0.0539,62,38
Ashis32,IN,0.2618,0.0763,9,42
KaustubhTrivedi,IE,0.0332,0.0528,13,87
Web-Dev-Codi,DE,0.0365,0.0407,66,27
SCChan21,GB,0.0317,0.0673,10,90
manman4,JP,0.0811,0.0441,19,12
Blindside-Studios,DE,0.1621,0.1384,22,78
mstasinopoulos,GB,0.0457,0.0958,37,61
josiahwiebe,CA,0.054,0.2597,42,9
xies4,US,0.0805,0.0445,11,5
iSathyam31,IN,0.1848,0.0522,5,27
kurokiasahi222,JP,0.0782,0.1111,5,16
tiankaima,CN,0.0252,0.0253,36,11
ghimele,IT,0.0528,0.0415,15,6
nesbox,PL,0.1091,0.1105,37,41
Quienten,US,0.0442,0.0558,50,38
cbernardu,ZA,0.2044,0.0547,49,8
kundansingh3488,IN,0.1409,0.1956,5,41
andrasmaroy,HU,0.0388,0.0349,58,42
tjwalsh1,US,0.0304,0.2571,11,89
gcko,TW,0.1724,0.3635,19,62
firatbezir,TR,0.1819,0.11,71,29
GauthierWebDev,FR,0.1824,0.0684,93,7
DocCaio,BR,0.0253,0.0303,82,18
serkor1,DK,0.0796,0.27,53,47
timjackleus,SE,0.0587,0.0687,20,80
mnitta220,JP,0.0279,0.0242,20,28
husseymarcos,AR,0.0417,0.2064,27,73
stanmart,CH,0.0471,0.2397,5,5
PrittoRuban,IN,0.0382,0.0736,6,94
vladyslav-lialkin,UA,0.0857,0.086,15,52
Mykal-Steele,TH,0.0351,0.0351,33,67
SuperLlama88888,AU,0.0518,0.3249,11,89
ivan-hc,IT,0.0434,0.0848,10,64
benetkiewicz,PL,0.084,0.0912,5,8
MikaelVallenet,FR,0.0304,0.0454,20,32
cpmech,AU,0.0529,0.0569,7,27
davebanerjee,US,0.0286,0.029,45,43
mmichie,US,0.7902,0.5422,18,82
jullienl,FR,0.0287,0.0237,56,44
LenyPython,PL,0.1894,0.3192,63,7
tristanvong,BE,0.0453,0.0468,55,45
JingMatrix,FR,0.0239,0.0588,25,59
Aparna1Gopal,AU,0.0286,0.0365,18,11
gillibrand,US,0.1839,0.1357,10,6
imachange,JP,0.0327,0.0495,28,25
DipStax,FR,0.0526,0.0766,53,22
jacobnicked,CA,0.0335,0.0544,20,21
AnaHill,FI,0.0295,0.2844,94,6
marcelo-mlv,BR,0.1677,0.2038,19,81
rebornay,NG,0.0396,0.041,6,27
dsdred,RU,0.0433,0.0372,10,34
gabrielebnc,IT,0.0292,0.029,73,27
klaustopher,DE,0.0742,0.2071,16,10
thepablosantos,IE,0.0304,0.036,44,53
meir,NL,0.076,0.0987,14,75
ihsaan-ullah,FR,0.0364,0.0383,29,6
Mateo-Lemercier,FR,0.0339,0.0399,18,9
saif87211,IN,0.0239,0.0291,38,39
erase2004,TW,0.0337,0.0548,65,15
Charizard13,IL,0.1504,0.0908,52,36
SmithEcophysLab,US,0.0239,0.0239,42,27
dopaemon,VN,0.0736,0.0735,19,35
elderfieldzeus,PH,0.0419,0.0336,95,5
stijnpiron,BE,0.2039,0.3004,17,29
Mopsgamer,DE,0.0416,0.1517,15,85
biroka,HU,0.0311,0.0408,30,26
AsaiToshiya,JP,0.0306,0.0269,35,10
mrdannyarmstrong,US,0.0838,0.1389,5,95
ffiza,AR,0.0342,0.0431,76,24
NobleJake,KR,0.0237,0.0404,41,43
annmonrajijames,IN,0.2811,0.4162,47,53
rickyroynardson,ID,0.0286,0.0344,36,16
hemantsharma1498,IN,0.0262,0.0266,79,11
jaideraf,BR,0.0337,0.0372,23,6
Arunkumarvp,IN,0.0304,0.0324,21,5
404Simon,DE,0.0307,0.2492,11,8
ArtemSBulgakov,RU,0.1147,0.1279,7,10
Muhammad-Nafees,PK,0.0253,0.0363,36,64
syntaxdesigner01,NG,0.254,0.1544,84,16
HammCn,CN,0.0235,0.0296,35,10
bmdaj,DK,0.0943,0.0948,11,35
theEricHoang,US,0.163,0.2401,9,58
duncanmwanik,KE,0.0256,0.0406,10,21
Jagansakharkar,IN,0.0278,0.0307,13,40
pylapp,FR,0.4622,0.3401,42,53
michavie,AT,0.0256,0.0245,29,11
shannonbooth,SE,0.2527,0.3631,77,23
PaoloJN,US,0.0441,0.0407,27,32
SnowCutieOwO,CN,0.0458,0.0773,7,93
Rouesvm,MY,0.0963,0.0404,66,32
cristianersantos,BR,0.1906,0.0501,8,28
yoriiis,FR,0.0344,0.2147,62,7
wesleysantosdev,BR,0.0365,0.0322,31,5
nicius2,BR,0.0807,0.0529,11,44
ambadran,EG,0.0288,0.0294,28,17
mserajnik,AT,0.0336,0.0401,34,48
claudiux,FR,0.0452,0.0396,93,7
snipher-marube,KE,0.0386,0.1052,5,95
NikitaVlas,DE,0.0703,0.0673,46,38
romainmottier,FR,0.0256,0.0406,19,81
B3IM4R,CO,0.0343,0.0325,19,16
wauwau0977,CH,0.0503,0.3738,15,85
Deglobeal,NG,0.0442,0.0857,14,6
asitwas729,KR,0.0439,0.0391,59,6
Shingbb,CN,0.0595,0.0664,19,56
piyushrai007,IN,0.0288,0.0395,52,6
iamarghamallick,IN,0.0366,0.0375,39,12
LewisLosa,TR,0.0339,0.0517,21,20
MariiaSam,UA,0.0951,0.0272,77,9
yeon-jae,KR,0.0328,0.0254,18,21
Alignof,JP,0.102,0.1007,9,16
evanthemann,US,0.0236,0.0391,77,23
sdg7onado,GB,0.0492,0.1406,9,54
EnricoMi,DE,0.0783,0.0824,32,5
jhonsoad,BR,0.0287,0.0345,56,44
L1m3Kun,KR,0.0317,0.0301,41,9
deepakmahakale,IN,0.0303,0.0373,28,10
basith-ahmed,IN,0.0335,0.0303,34,66
MrZihan,SG,0.0301,0.0351,27,51
TheosCreation,NZ,0.0436,0.0744,90,10
tiagomartinhoo,PT,0.0344,0.0402,46,35
AndriyPapirnyk,UA,0.0327,0.0456,15,85
cmintert,DE,0.0495,0.0384,52,48
i5anin,RU,0.0254,0.041,36,64
miguelachaotic,ES,0.0239,0.0949,17,62
tupakkatapa,FI,0.1535,0.1589,95,5
FilipeDellaPorta,BR,0.0436,0.0635,20,80
llipengda,CN,0.0294,0.0247,69,31
ExtremeFiretop,CA,0.0334,0.1469,36,64
GHolk,TW,0.0289,0.037,50,8
LilMark0o,CO,0.0235,0.0267,23,6
kingkuys2123,PH,0.2849,0.0714,19,81
Jonathan0823,ID,0.0339,0.0773,8,59
Taylor-Brandon,US,0.0832,0.1433,12,22
RakeshPotnuru,IN,0.0287,0.0243,33,14
Aadesh-9,IN,0.1424,0.1246,12,57
nv259,VN,0.0376,0.0336,21,10
agam2004,IL,0.0414,0.048,8,10
Dnyaneshvn,IN,0.0235,0.0269,34,8
ntanh3108,VN,0.0405,0.2888,22,18
uditmahato,NP,0.0784,0.0849,6,16
deggesim,IT,0.0927,0.1488,29,30
DuarteLacerda,PT,0.0356,0.0423,25,55
grindheim,NO,0.0336,0.033,11,6
colllijo,CH,0.028,0.0293,14,8
patrick-selin,FI,0.0573,0.032,47,18
Jangorithm,KR,0.0316,0.0311,48,16
jx2lee,KR,0.0304,0.0453,30,19
bprusinowski,CH,0.1685,0.2409,85,15
okspy47,RO,0.0333,0.0382,22,14
ansh3108,IN,0.0379,0.0896,6,9
nehalpanchall,CA,0.1804,0.0647,8,92
MatheusMW21,BR,0.0315,0.0301,48,16
mscho527,US,0.0926,0.0898,6,15
NoMoreFood,US,0.0836,0.1198,13,33
1405yuga,IN,0.0348,0.0412,75,6
PiscesXD,TW,0.0335,0.0373,22,36
mariannabkt,GR,0.0633,0.2495,90,10
artoftheblue,RU,0.0305,0.0244,65,35
tarsius,CH,0.0285,0.0353,29,19
kasun-m-rathnayaka,LK,0.0615,0.044,16,29
jerryli99,US,0.037,0.0339,94,5
eichiarakaki,JP,0.032,0.0293,55,8
mehedihasan9339,BD,0.033,0.0305,22,19
zaqueu-1,BR,0.0366,0.035,49,36
yeongbin7,KR,0.0301,0.0316,26,25
viniciusNoleto,BR,0.0348,0.0313,88,8
Mathias-gt,SG,0.2429,0.0496,23,32
hrisz,ID,0.0252,0.0241,51,25
priyasharanam1,IN,0.0341,0.0407,6,37
sumerishere,IN,0.0373,0.0245,28,13
Dardrich,ID,0.0435,0.1055,6,88
hungtrd,VN,0.0309,0.0512,7,6
chulsu0012,KR,0.0886,0.0455,29,36
djizus,FR,0.0758,0.1159,15,59
it21294198,LK,0.063,0.0441,90,6
walker84837,IT,0.0378,0.0442,21,24
ihsandedec,TR,0.0236,0.0311,32,6
wellwelwel,BR,0.1389,0.2945,87,13
filipkober,PL,0.0235,0.047,52,48
jirivchi1,ES,0.028,0.0476,9,10
ManuelCBR,ES,0.0236,0.0298,46,54
SylvainVanIniitu,BE,0.0453,0.0507,42,8
Marqitos,ES,0.0264,0.0447,9,26
carlos-kennedy,BR,0.0299,0.024,85,15
CRISTIAN3322,CO,0.185,0.0289,5,5
gab-95,IT,0.1083,0.0341,9,12
jadeeechen,CA,0.0237,0.0532,20,18
khalifahnur,KE,0.0269,0.0374,22,78
justusjz,DE,0.5273,0.2384,28,47
anandjohnbaby,IN,0.0335,0.048,11,37
bthuilot,US,0.0287,0.0794,22,26
Javigarcilop,ES,0.2895,0.1169,18,38
SIB61,BD,0.037,0.0371,42,38
matthew-garrett,US,0.0458,0.0494,58,6
feketejanosdavid,HU,0.2117,0.1108,16,39
sohelrana2002,BD,0.0348,0.034,26,23
rschwiebert,US,0.0241,0.0254,43,42
Omcarr,IN,0.2669,0.1047,14,32
tanish35,IN,0.0446,0.0531,40,54
nirjacobson,US,0.0253,0.0242,45,39
Mohamed-Amiir,EG,0.0258,0.0247,13,9
Cyber-Syntax,TR,0.0289,0.0676,64,18
heliopmart,BR,0.0368,0.0795,7,90
NusretSalli,DK,0.0253,0.2754,81,19
Orciument,DE,0.1941,0.1096,70,30
NTUneillee,TW,0.0278,0.0362,16,84
josh-wong,JP,0.0549,0.0967,70,30
samuelwehrli,CH,0.0416,0.0454,6,26
TakeASwing-420,IN,0.1781,0.1612,7,81
leafbird,KR,0.114,0.096,10,76
adam-bozman,US,0.0235,0.0291,83,13
CarlosfcPinheiro,BR,0.0285,0.0387,31,69
Nikita-Mishraa,IN,0.0631,0.0767,20,36
caramelpen,JP,0.0684,0.0618,31,69
Paul-Lac,FR,0.0288,0.2195,19,6
arthur-fontaine,FR,0.0327,0.0453,7,14
bashsimplicio,US,0.1639,0.1165,27,37
Sumaanyu-Nayak,IN,0.0383,0.0859,10,5
signalpillar,GB,0.0239,0.0249,47,53
kamarias,CN,0.0265,0.1974,13,5
RugungDaimary,IN,0.0382,0.0798,7,93
albertRowett,DK,0.4549,0.0876,14,86
erNail,DE,0.0391,0.1828,32,66
hyuntae99,KR,0.0367,0.0329,30,9
abmmhasan,BD,0.0301,0.0284,31,27
Vdhiepp,VN,0.0304,0.0952,49,30
DilshanaRanawake,LK,0.0342,0.0338,21,13
samie,FI,0.0334,0.0527,28,19
ppinard,GB,0.0805,0.0793,11,10
JasonLovesDoggo,CA,0.0285,0.0289,59,41
tusharpatekar,IN,0.0383,0.0537,13,82
goolord,US,0.0306,0.0303,61,31
Logboy2000,CA,0.0236,0.0388,28,50
IonBoleac,IT,0.0303,0.0354,49,27
WOLFIE-OG,GB,0.0304,0.078,26,33
HakimIno,TH,0.0321,0.0254,68,21
7997275647,DE,0.0466,0.0605,7,34
HagarRagab,EG,0.1387,0.081,19,19
bahuma20,DE,0.0239,0.0304,39,28
artautonomy,GB,0.0337,0.0499,28,72
rasyadmr,ID,0.1046,0.0562,26,25
katieirenec,US,0.0256,0.0269,11,5
jccatilo,PH,0.0301,0.0433,67,20
kuchbhi-kunal,IN,0.028,0.0295,7,7
Evanchauffour,FR,0.0462,0.0416,54,8
Natentado,BR,0.0288,0.0493,77,14
mwinokan,GB,0.0239,0.0339,18,45
talhasiddique7,PK,0.0288,0.0245,24,26
take4iso,JP,0.0607,0.0408,19,17
sjwoo1999,KR,0.0385,0.0699,8,92
ToddyTheNoobDud,BR,0.0352,0.0412,22,42
faelpatrick,PT,0.0324,0.0427,8,8
Gaurav2543,IN,0.0866,0.0924,28,10
dragusheen,FR,0.2684,0.106,12,26
samimosmansabuj,BD,0.0962,0.2052,33,8
tamminga,US,0.0363,0.0748,10,23
dimsinel,GR,0.0358,0.0792,18,22
namneyugn21,CA,0.031,0.0442,15,72
mrothauer,AT,0.032,0.0373,51,12
stprograms,AT,0.0711,0.1621,41,52
Asheline,FI,0.1386,0.0533,15,15
maisappreis,BR,0.0334,0.0484,34,66
yfarge,US,0.0235,0.0295,42,58
MiamiYukiYuri,SE,0.0388,0.0425,5,34
arthur-mdn,FR,0.042,0.0381,70,30
remi-gntl,FR,0.1112,0.0625,9,32
DiegoLibonati,AR,0.0304,0.0356,34,66
MMunim90,BD,0.0303,0.0304,17,19
iToxicD,ES,0.0304,0.0396,39,34
Illidanz,IT,0.0286,0.0342,64,36
Jakob-kild,DK,0.0261,0.0808,18,45
Mbelenga,KE,0.0623,0.0485,14,86
juliette-cooke,FR,0.0287,0.0414,22,17
theshivambharti,IN,0.0871,0.06,13,24
KumudithaRanasinghe,LK,0.0301,0.0522,26,33
srmcgann,US,0.0239,0.0413,8,5
MusheerRepo,IN,0.0264,0.146,15,72
JMicheli,US,0.0334,0.3637,74,26
r-koubou,JP,0.0778,0.1501,36,12
antoineallard,CA,0.0239,0.0295,49,51
HalcyonDeveloper,CA,0.2619,0.0786,8,6
LIZGRICAS,CO,0.0254,0.0467,39,24
PoisonNF,CN,0.0288,0.0388,54,46
adityamwagh,GB,0.0254,0.0347,37,23
mesahal,BD,0.0281,0.0411,21,20
JellyfishKnight,CN,0.042,0.0524,10,90
hmdraza9,IN,0.1388,0.1341,34,26
dolong2,KR,0.0256,0.0427,35,15
KimJinSe0ng,KR,0.1138,0.1255,21,7
INDavid04,RO,0.0301,0.0625,30,16
DhananjoyMajiIT,IN,0.1798,0.0606,5,95
ilyakurdyukov,RU,0.044,0.0671,17,10
v900rai,IN,0.0332,0.0644,7,93
TheRealFREDP3D,CA,0.0715,0.1491,6,67
geraldandrews,US,0.1356,0.1357,61,16
marvelcn015,TW,0.2159,0.1625,28,72
ShotaArima,JP,0.0287,0.045,80,20
amnanoc,SE,0.0414,0.0474,51,6
HasanHafizurRahman,BD,0.0328,0.1241,10,12
arshGoyalDev,IN,0.0453,0.0579,37,11
kallagoutham,US,0.0433,0.0796,17,81
LluisFB,AR,0.0266,0.1144,6,6
reverb6821,IT,0.0238,0.0436,17,29
BIKASH1002,IN,0.0385,0.067,9,63
sara-edu,IN,0.0307,0.0259,24,18
powerfullz,CN,0.0238,0.3047,56,44
Ehbw,GB,0.0527,0.0469,11,6
oskarpasko,PL,0.0478,0.0335,94,6
Eslzzyl,CN,0.0306,0.0295,16,6
joshuasing,AU,0.059,0.0367,38,5
KomendaKacper,PL,0.0388,0.0558,7,93
allestuetsmerweh,CH,0.0876,0.1151,12,7
pavlodubovyi,PL,0.0316,0.0264,69,11
prxshetty,US,0.0375,0.0346,24,9
AyanUpadhaya,BD,0.0384,0.0363,5,12
nbrouand,FR,0.0343,0.2129,5,41
nilesh0509,IN,0.0534,0.0428,5,10
jojo786,ZA,0.0236,0.0303,40,18
iPlugin,UA,0.379,0.0851,54,46
ivan-andriichak,UA,0.0315,0.0911,47,5
miruji,RU,0.0394,0.0868,43,34
rnakato,JP,0.033,0.0375,11,7
magnushelliesen,NO,0.0423,0.0785,90,10
tomwyr,PL,0.0659,0.0988,32,9
lr101,DE,0.0403,0.147,26,5
jmbuhr,DE,0.0306,0.0356,17,15
yellobyte,CH,0.0286,0.0242,78,13
nphuonha2101,VN,0.1375,0.1935,82,18
HyunjiiKim,FR,0.2222,0.0845,15,83
Emvlt,SE,0.026,0.1239,20,15
rsvoboda,CZ,0.0289,0.0356,19,12
NRLacerda,BR,0.0303,0.03,84,16
jorgemarcoes,ES,0.0568,0.0552,23,67
xmarva,AR,0.0278,0.0354,18,38
nabobery,IN,0.0303,0.0324,34,10
pawel045,PL,0.0537,0.2295,83,8
davidanugraha,US,0.1073,0.055,7,11
emuyia,GB,0.0334,0.0416,61,10
Ansari-Furkan-26,IN,0.0388,0.0943,5,75
kTH-Studio,RU,0.0383,0.0439,11,18
Srezequielr,AR,0.0417,0.0503,51,49
vuilleumierc,CH,0.0235,0.0473,38,8
miguezzz,BR,0.0237,0.0293,89,11
thamenato,US,0.4621,0.1549,6,94
revive-mejett,CA,0.0385,0.0464,21,5
mak1ss,UA,0.0665,0.1191,18,82
mustan-ali,PK,0.032,0.0245,56,10
pavancos,IN,0.031,0.0298,15,34
joewhitsitt,US,0.0288,0.0242,73,11
studiobloom,US,0.0304,0.0382,41,5
21ShisodeParth,US,0.1759,0.2605,32,7
Lucas-R14,PT,0.1038,0.0462,20,54
LincolnKermit,FR,0.0235,0.0395,30,70
TheoNicod,FR,0.0284,0.0358,44,10
GitCoder052023,IN,0.0485,0.0346,31,19
souravlouha,IN,0.0371,0.0302,23,62
BradyPlanden,GB,0.0532,0.2083,84,7
basit1215,PK,0.0966,0.0266,6,34
dantincu,RO,0.0286,0.088,47,52
ph-han,KR,0.0302,0.0397,24,76
miklesz,PL,0.0608,0.1414,28,69
AIKozyreva,RU,0.0867,0.1127,9,61
MATH-286-Pro,CH,0.0623,0.0562,13,30
merterbak,TR,0.0461,0.0368,46,21
cxzaqq,KR,0.0861,0.0843,71,29
smaniren,CH,0.0278,0.0317,11,5
darya-shynkevich,PL,0.0244,0.0268,82,18
adriansyah-kadir,ID,0.0436,0.2604,6,7
matiaspakua,ES,0.0309,0.0363,12,30
Pulkitxm,IN,0.0374,0.0422,14,5
thomaslauber,CH,0.0948,0.0578,52,25
SquilliamX,US,0.143,0.1191,8,92
marinm,CA,0.0286,0.3734,32,68
shyn-wang,CA,0.0449,0.0488,40,60
RastyFullStaxx,PH,0.0978,0.0851,72,28
daftclaud,MX,0.0386,0.085,5,95
ToyB0x,JP,0.1183,0.2034,59,41
sam880629,TW,0.0935,0.0493,22,20
suyu0925,CN,0.0258,0.0408,25,73
rzkynaga,ID,0.0431,0.0744,8,81
EeneeS,BE,0.0388,0.0382,5,12
xavierbriole,FR,0.0336,0.0286,77,23
szaross,PL,0.0306,0.0422,92,8
Myself-Pankaj,IN,0.1899,0.2335,18,6
El96Dev,RU,0.0447,0.0938,10,90
PigeonMayo,ZA,0.0262,0.0236,25,55
anthonybeckett,GB,0.0236,0.4427,50,13
sagar-shaiva,IN,0.3006,0.1015,15,85
uzair-ds,IN,0.2004,0.0425,37,63
MSchmoecker,DE,0.0336,0.0652,47,11
MarcosBrambila,BR,0.0575,0.197,11,5
AbrarBb,BD,0.0731,0.1106,5,37
SyedUmairCodes,PK,0.0301,0.0304,31,24
virtualxiaoman,CN,0.0466,0.0567,23,77
K7theCompSciMan,US,0.0237,0.0347,59,41
ziginfo,FR,0.0435,0.0467,81,19
kankenny,US,0.0304,0.0377,85,15
pyscripter,GR,0.0239,0.0358,32,19
shumarb,SG,0.0979,0.0688,47,53
SanderBlom,NO,0.0537,0.2787,24,33
MAlexJ,UA,0.271,0.0787,13,59
violet227,CN,0.0288,0.0547,9,19
ChunhThanhDe,VN,0.0803,0.1176,7,93
MelloBirkan,BR,0.0284,0.0292,29,71
das-kaesebrot,DE,0.079,0.0737,16,65
DanielSevillano,ES,0.0238,0.0343,66,34
DieMeister,DE,0.1833,0.0875,30,70
StefanGreve,DE,0.0507,0.3468,59,6
quxiaodong,CN,0.0257,0.0346,35,65
MikeLippincott,US,0.0594,0.0915,22,14
lfgcampos,NL,0.1067,0.1174,84,16
syuchua,CN,0.1729,0.0585,6,94
zhoujunlingla,CN,0.0304,0.0252,31,18
M-Kolacz,PL,0.0561,0.0598,10,19
yuk7,JP,0.0239,0.0239,27,30
Hi-Alan-Liu,TW,0.0277,0.0559,6,8
Lande21,US,0.039,0.03,20,49
skapichy,NG,0.1365,0.0563,29,15
cowtowncoder,US,0.0289,0.0448,61,36
MarcosRM19,ES,0.0607,0.0587,19,56
amooo-ooo,NZ,0.0417,0.042,77,19
FeSoSa,BR,0.0412,0.0262,24,5
helloworld3200,GB,0.0326,0.0476,8,10
alexization,KR,0.1151,0.076,57,43
minani-0621,KR,0.0492,0.0295,61,26
jeftepl,BR,0.1294,0.5704,95,5
Pradumnasaraf,IN,0.0624,0.0403,61,33
awais-124,PK,0.0359,0.0641,7,46
heyvaldemar,CA,0.2355,0.0726,10,15
HugoRCD,GB,0.0237,0.0303,85,13
PavelLinearB,IL,0.0641,0.0484,51,49
joshring,GB,0.0327,0.0374,21,12
henoktilahun,US,0.0238,0.0399,33,67
punchagan,IN,0.0239,0.031,60,8
PocketDx,CO,0.1368,0.1223,9,16
Ce11an,GB,0.112,0.0822,86,9
jhsuss,GB,0.0351,0.0351,32,57
Matteonegridev,GB,0.0883,0.0447,77,23
diegaccio,IT,0.0388,0.1349,7,9
3deric,DE,0.089,0.0604,53,5
yuansamuelandres,EG,0.0955,0.1022,17,83
eddaouissam,FR,0.0364,0.0265,29,7
Rosemeis,DK,0.0239,0.0339,12,16
JoseMD12,BR,0.0304,0.0589,22,37
Demorome,CA,0.0237,0.0306,79,21
nataliehogg,GB,0.0286,0.0363,85,12
denysdovhan,UA,0.0336,0.0389,54,40
AlexDawsonUK,GB,0.0309,0.0306,60,40
mr-manuel,IT,0.0627,0.1034,68,32
armodi97,MX,0.0734,0.0361,23,7
RomanGhost,RU,0.0465,0.0884,13,87
SteamedFish,CN,0.0839,0.3393,7,64
bitSheriff,AT,0.0302,0.0252,17,15
danascape,IN,0.1885,0.1674,20,33
calebomondi,KE,0.0421,0.0302,15,15
NotSujanSharma,CA,0.3574,0.0668,46,7
JayHeng,CN,0.3326,0.3433,10,76
piquark6046,KR,0.0306,0.0406,11,16
NelsonValentinGarroDadan,AR,0.0327,0.0553,7,31
MituuZ,FI,0.0284,0.2247,30,70
Omprasad-BL,IN,0.0239,0.0302,91,8
shuoyuanxu,GB,0.0292,0.0366,62,24
TobiX,DE,0.1224,0.0823,5,8
FernandoAlexisHH,MX,0.0365,0.0361,17,15
ShanMihirangaHerath,LK,0.0245,0.0264,51,5
mandreescu2018,RO,0.0411,0.0314,28,43
criszst,BR,0.0237,0.0269,17,6
devham236,DE,0.0951,0.0943,65,35
Spaxterr,SE,0.0917,0.106,9,88
ramalagappan,US,0.0237,0.0245,26,14
jojomi,DE,0.066,0.067,13,11
ThatNerdNxtDoor,US,0.1302,0.0741,40,50
gudj0,NO,0.037,0.2388,12,21
rpgrca,AR,0.0641,0.0701,17,80
exceptionalnull,US,0.2832,0.1953,62,38
ttzeng,TW,0.071,0.0531,23,62
mgks,IN,0.0408,0.0778,7,19
hethwiQ,IN,0.0487,0.0354,83,8
eggerk,CH,0.0304,0.0304,26,38
luxploit,DE,0.0439,0.024,41,23
Chocobo1983,UA,0.078,0.3156,5,5
kowshickraj21,IN,0.03,0.0363,27,5
rohiit257,IN,0.0448,0.0352,11,14
noah-isayas,NO,0.0464,0.0948,18,15
xaviermignot,FR,0.0841,0.0817,14,9
Mutoy-choi,KR,0.0292,0.0322,88,12
acai1031,US,0.2732,0.0837,20,28
coderbri,US,0.0469,0.048,93,7
joanise,CA,0.0442,0.0734,40,52
MishC,NO,0.0263,0.0536,8,7
xigma0512,TW,0.1524,0.1434,12,88
musarafhossain,IN,0.047,0.0557,71,29
Liamdev631,CN,0.0259,0.5504,8,19
javierEd,AR,0.0331,0.1468,14,66
JiangYanting,CN,0.028,0.0527,9,5
shujingMS,CN,0.139,0.1444,12,5
Guillaumecoi,BE,0.077,0.2106,66,34
toscm,DE,0.0288,0.0262,53,7
StarSein,KR,0.0857,0.0778,10,90
sihyunjojo,KR,0.0303,0.0469,56,40
pdfosborne,GB,0.0441,0.1039,23,77
cesguiro,ES,0.0344,0.0452,8,36
MarvsConcept,NG,0.0547,0.0381,62,36
thedevbirb,IT,0.0259,0.1082,15,35
Jesus-Valverde,MX,0.0412,0.2694,26,9
NooB-Coder-8861,IN,0.0596,0.046,91,6
JeremyHendr,FR,0.0239,0.1014,35,65
jstmn,US,0.0257,0.0597,13,50
kartik2828,IN,0.0633,0.0454,24,19
na4ma4,AU,0.061,0.1229,36,7
twofoldtech-dakota,US,0.037,0.0426,46,29
kdrakibbd,BD,0.0324,0.0292,18,20
tengomucho,FR,0.0366,0.0692,7,36
goafabric,DE,0.0302,0.1227,42,38
tysoab,NG,0.0365,0.2404,26,5
LC-02s,KR,0.0455,0.0564,38,42
jarkillo,ES,0.2431,0.0804,6,94
RohitMoholkar,IE,0.2394,0.0899,21,79
YALNEZAMI,FR,0.077,0.048,94,6
phoet,DE,0.0287,0.032,15,8
chrstph-dvx,CZ,0.0235,0.046,26,9
AlessioPani,IT,0.1282,0.0994,74,8
erikrei,DE,0.1426,0.3659,26,74
shanto902,BD,0.0276,0.0442,10,13
Blo0o0o0,GB,0.0702,0.037,61,31
thesobercoder,IN,0.0334,0.0304,68,15
Jaegg3rNat,ES,0.0912,0.0326,7,37
JayBains,GB,0.054,0.0776,14,86
JaerryLee,KR,0.0306,0.0485,20,13
C3EQUALZz,RU,0.0468,0.0553,26,74
johntrinhvu,US,0.0788,0.0679,35,65
tdulcet,US,0.0239,0.0243,45,34
TaehyunJeon0203,KR,0.0496,0.0372,64,36
zerda-ocm,DE,0.2544,0.1798,6,7
1vanKolpakov,RU,0.1438,0.1959,13,68
helpvisa,CA,0.0296,0.0558,55,6
kavindunilshan,LK,0.0292,0.0265,73,15
Saloni-FED,IN,0.032,0.0486,26,15
perlinm,US,0.0469,0.0714,5,95
HarveyJae,CN,0.0257,0.1033,7,62
LinCanNerd,DE,0.0327,0.0411,20,37
CleberSarda,BR,0.0258,0.0456,14,41
LilQuacky,IT,0.0399,0.0621,83,11
shruti-202,IN,0.0481,0.0446,58,5
hayattgd,JP,0.0303,0.0404,37,43
jksolbakken,NO,0.0239,0.0542,11,48
AshkanArabim,US,0.0356,0.0329,95,5
LucFr1746,VN,0.0547,0.0567,8,78
Gauravp7717,IN,0.0422,0.0388,84,16
Jazz4299,IN,0.0314,0.1452,10,90
rensawamo,JP,0.0398,0.029,56,24
Enzo889,AR,0.0783,0.1318,7,23
SamyNandes,BR,0.0323,0.0628,8,36
gloomystore,KR,0.0285,0.137,11,10
Salint,EG,0.033,0.0353,8,8
Rayhan-Afrizal-Fajri,ID,0.0383,0.2497,13,6
MAX-786,IN,0.0372,0.0245,38,9
ogzhanolguncu,TR,0.0287,0.0333,42,58
seuristic,IN,0.0238,0.0305,12,15
DuongThienChi,VN,0.0238,0.0538,34,66
mocobeta,JP,0.1559,0.1473,18,11
JuhairManar,BD,0.0361,0.0947,19,63
GuillermoBarreto,US,0.1796,0.0434,23,14
Gitudon,JP,0.2544,0.0825,6,94
madnight,DE,0.0239,0.1515,14,44
GoncaloGuedes,PT,0.0442,0.0359,68,23
Huber1,DE,0.0287,0.0261,91,6
AlbertLnz,ES,0.0432,0.0447,64,6
GuedesAlexandre,FR,0.0631,0.0436,53,26
szilagyipeter99,HU,0.0786,0.1796,5,95
fabon-f,JP,0.0237,0.0265,36,6
Mutyam3,IN,0.0276,0.0912,10,90
Mehdialaoui02,FR,0.0753,0.2612,45,7
WafeeRahman,CA,0.1738,0.129,56,44
Abdulhaseebimran,PK,0.0315,0.0243,54,8
kingsword09,CN,0.0984,0.0796,6,28
cassiusbeep,GB,0.3375,0.0645,36,64
danielace1,IN,0.0372,0.0371,66,5
alexandralopezornaca23,ES,0.0571,0.0722,5,55
bryancastillo10,TW,0.0768,0.0338,76,18
PunGrumpy,TH,0.0304,0.0345,84,16
santipvz,ES,0.0464,0.0472,54,46
Vexcited,FR,0.0994,0.101,26,74
fazle-rabbi-dev,BD,0.0302,0.0325,27,8
GeethSheheran,LK,0.0389,0.0648,7,10
TomaBlogu,RO,0.0302,0.0285,30,19
RaiyanJiyon,BD,0.1632,0.0555,5,95
gyeongminn,KR,0.0302,0.0462,25,75
wieszheng,CN,0.3294,0.1188,35,65
Chitra35006,BD,0.0837,0.033,9,11
michelanyelo,CL,0.1971,0.0336,9,13
Hysteryx,FR,0.0256,0.0284,14,5
brmil07,DE,0.0553,0.0347,65,8
AliciaCampo,ES,0.0239,0.0356,19,81
Satyam,ES,0.2107,0.0892,39,61
AmmarMohammed01,US,0.0294,0.0354,58,42
Naeemi7,DE,0.0435,0.0818,77,23
dox,GB,0.0239,0.0437,17,69
mnaufalhamdani,ID,0.0634,0.0544,54,22
Aayush-Basnet,NP,0.0287,0.0242,58,42
BarryThePenguin,AU,0.0308,0.0526,12,14
DoryanAMT,ES,0.0255,0.0625,29,5
itxshakil,IN,0.0309,0.0385,9,35
SMUSarge,US,0.062,0.0728,6,17
fcoelhomrc,PT,0.0546,0.0395,18,53
taegyunkim,US,0.0255,0.0413,40,60
anaktas24,CH,0.0307,0.0467,38,40
brendenehlers,US,0.0284,0.0474,38,6
RiwRiwara,TH,0.0841,0.0732,63,10
JustHoIt,KR,0.2406,0.2512,88,12
sashacmc,FR,0.0461,0.0769,50,24
cfrBernard,FR,0.1039,0.0656,11,89
mxwllstn,US,0.073,0.1439,8,85
patri9ck,DE,0.0579,0.0667,92,8
Kilany99,EG,0.0254,0.0488,12,13
shan8851,GB,0.4067,0.238,22,61
akashkmt,IN,0.0353,0.0326,95,5
kunwarabhi7,IN,0.0238,0.0311,67,9
Skamlo,PL,0.0343,0.0391,25,67
wxyhgk,JP,0.0301,0.0449,84,13
Pacalll,DE,0.0469,0.0922,6,55
hungp03,VN,0.0386,0.0582,6,63
markjoshwel,SG,0.0351,0.0345,45,27
thallesfreitas,BR,0.039,0.1349,7,93
sadnyd,IN,0.0314,0.0308,38,8
UrmilPawar,IN,0.0312,0.0266,37,5
yakatyansh,IN,0.0292,0.0303,84,16
Shuaiwen-Cui,SG,0.0255,0.0291,55,45
dhvcc,PL,0.0285,0.0291,12,12
Rishikeshgawali,IN,0.0328,0.0559,19,81
agargaro,IT,0.0353,0.0295,51,49
CharlyMech,ES,0.1008,0.1717,41,59
dguff,IT,0.0361,0.1046,53,47
Darshan2923,IN,0.0284,0.0302,77,23
bauertill,DE,0.1011,0.2329,14,84
SurvivingCuriosity,ES,0.0238,0.093,38,62
Abhik-Chakraborty,IN,0.0304,0.0254,13,10
vedantsinggh,IN,0.0348,0.0243,40,27
Jerry-se,CN,0.0239,0.0266,16,5
oginni76,NG,0.0282,0.1464,7,5
madhvendrasingh007,IN,0.0311,0.0305,49,44
CallMeQan,VN,0.0337,0.0462,5,14
FaezehNasrabadi,DE,0.0286,0.0352,58,14
rushabhcodes,IN,0.2329,0.0818,25,37
Peptobiscotte,FR,0.052,0.0518,86,14
11291996,KR,0.0458,0.0408,19,11
Zerotask,DE,0.0285,0.0954,24,8
ggarcz1,US,0.0239,0.0287,44,56
Pablo-Wynistorf,CH,0.048,0.0376,76,24
flavokrkkk,RU,0.0303,0.045,50,50
MartaSien,PL,0.0414,0.0507,16,8
Rinfella,IN,0.1657,0.0437,77,23
youngseo0526,KR,0.0313,0.1075,16,83
Dd1235,IN,0.0438,0.0429,10,7
williandeitosi,BR,0.0364,0.03,50,10
DevWorld888,AU,0.0253,0.0388,35,49
eirikhanasand,NO,0.0349,0.0285,41,24
slayervictor,DK,0.0846,0.0605,5,88
PavelLitv,RU,0.0461,0.1391,14,78
emmanuelist,NG,0.2376,0.0709,25,75
philwelz,ES,0.0675,0.0976,6,5
m0cvo,GB,0.0238,0.0277,40,5
axelhj,SE,0.0285,0.0335,14,16
FlavioNascimento99,BR,0.0349,0.0285,48,29
SubhangiSati,IN,0.1272,0.3396,6,22
enessariyildiz,TR,0.0366,0.0313,61,8
abdulmoiz248,PK,0.0334,0.1111,13,5
Jaivarshan1108,IN,0.1831,0.0717,6,30
TheErondu,NG,0.0303,0.1864,24,8
Anthonyjgr,CL,0.0472,0.0356,6,32
dhunanyan,PL,0.077,0.0841,88,7
gerardlemetayerc,FR,0.2291,0.2762,74,26
havva-nur-ezginci,TR,0.0611,0.0543,67,33
gudtldn,KR,0.0302,0.0498,25,74
RaizaCirne,BR,0.0627,0.2239,91,9
fuyahuii,JP,0.0471,0.0598,7,80
Shrijanaki,IN,0.0351,0.0337,13,5
cecilelecerf,FR,0.0372,0.2294,49,13
NotSayo,AT,0.0316,0.0351,63,37
KylieBenfield,US,0.05,0.0398,6,5
dkazanc,GB,0.0567,0.0437,20,21
MaxGog,RU,0.0302,0.0612,22,78
ivanELEC,GB,0.1107,0.1109,18,22
fabbiocrux,FR,0.0287,0.0287,37,58
MateuszSzczukiewicz,PL,0.0358,0.0473,67,16
kellyjadams,US,0.0302,0.0312,49,40
Young-TW,TW,0.0256,0.0453,52,31
KazeNoYumeX,TW,0.0618,0.068,8,82
GopalVerma1303,IN,0.0362,0.0377,13,11
mmxfxqr,RU,0.1624,0.0291,14,37
zeco07,KR,0.1014,0.2431,39,13
jaguililla,ES,0.0256,0.0666,13,70
Nevojt,PL,0.0253,0.0305,45,55
ShadyZahran,DE,0.0688,0.2267,8,70
thomas-gribling,FR,0.034,0.0384,19,5
kimsunho2000,KR,0.0708,0.0589,10,81
Aryankpoor,IN,0.0287,0.0365,9,6
Phat0101,AU,0.0456,0.0343,8,8
BrunoLevy,FR,0.0486,0.0696,63,37
justforaprogramm,DE,0.0286,0.0286,55,45
pruthivithejan,LK,0.0237,0.0937,19,81
pabloroldan98,ES,0.1486,0.1263,63,33
RLKevin,NL,0.0292,0.0314,53,12
christopherwhitley,GB,0.0237,0.0417,23,37
mihdicaballero,AR,0.0334,0.2237,88,5
haritsrs,ID,0.2544,0.0583,7,93
jim2832,TW,0.0498,0.2571,59,8
axelavargas,NL,0.0368,0.0426,5,5
webioann,UA,0.0973,0.0462,62,15
LeeTaeSung0628,KR,0.0296,0.03,65,35
altankorayy,TR,0.1155,0.0707,94,6
dhdhfkk1119,KR,0.0554,0.0697,9,75
abhi23shek,IN,0.0333,0.0333,17,12
IustinRusuTYN,RO,0.0312,0.0493,5,11
thclark,GB,0.1311,0.4607,65,6
marcuszou,CA,0.0437,0.0948,35,36
VitaliiShc,UA,0.1114,0.0591,90,8
emabee,DE,0.1429,0.1398,15,85
Servacius,ID,0.0235,0.0323,24,11
TaushiqB,IN,0.1399,0.0785,9,8
abnerssantana,BR,0.0332,0.1034,8,92
Muhammadhassan1226,PK,0.0569,0.0536,34,5
Muhammadalamin029,NG,0.0433,0.0419,8,8
Fraccs,IT,0.0459,0.0464,86,8
menghaoyoung,CN,0.0466,0.0824,14,19
Qussong,KR,0.0472,0.0416,87,13
m0ver,CN,0.0296,0.043,29,11
tallman5,US,0.0254,0.0306,61,30
shenjingnan,CN,0.0488,0.1579,7,92
sk5s,TW,0.0301,0.034,53,24
SergeyHSE,RU,0.1288,0.0588,62,6
acantepie,FR,0.0286,0.0662,26,66
jlaviole90,US,0.0334,0.0394,35,25
aripins,ID,0.0377,0.0312,13,5
GiecV,IT,0.0235,0.0365,26,14
LAlto96,FR,0.0863,0.2419,7,11
trozzelle,US,0.0885,0.0991,11,20
CleanerC,US,0.0306,0.0416,48,17
NamHight,VN,0.2527,0.0748,7,43
pless,US,0.0302,0.0412,18,78
dpi627,TW,0.0349,0.1062,22,15
sumshiu,US,0.0325,0.0293,10,15
mwaxman519,US,0.3722,0.1062,66,6
david-littlefarmer,CZ,0.0389,0.0519,8,22
Rafaela-Wolf,BR,0.026,0.0312,9,6
kennywang112,GB,0.0321,0.0274,48,14
YSPlop,AU,0.0466,0.0318,90,10
lviniciuz,BR,0.0235,0.0295,14,30
akosbalasko,HU,0.0289,0.0503,37,63
remyhaemmerle-da,CH,0.0282,0.062,10,8
Yu-Kit42,KR,0.0297,0.0307,75,11
Mikeblackbelt,US,0.0383,0.0496,7,65
parseen254,KE,0.0385,0.0611,18,36
Benkaz3,VN,0.1424,0.0998,13,60
ConfusedSammie,CA,0.2788,0.1156,11,30
Klematisy,RU,0.0568,0.0599,8,33
Meghak1,IN,0.0446,0.0322,6,24
jonahjnewton,AU,0.0287,0.0337,31,69
DuskStarGITHUB,MX,0.2119,0.0498,75,25
Jamie-Gargrave,GB,0.0768,0.0464,72,17
tapasa30,ES,0.1166,0.0738,13,14
devgui01,BR,0.2544,0.132,6,94
sadman2084,BD,0.1119,0.0391,21,55
Duc3m,VN,0.0735,0.0324,40,60
THLPH,US,0.1409,0.1874,8,31
JasonHuang1103,US,0.0383,0.1098,6,94
BoxBoxJason,FR,0.2072,0.219,12,88
johnkylecooper,BE,0.0371,0.0905,23,5
immohitsen,IN,0.0418,0.0345,9,24
liebenholz,KR,0.2556,0.0532,16,21
DredD1998,IN,0.04,0.037,20,45
abegel,US,0.0237,0.0237,35,37
dietervansteenwegen,BE,0.0285,0.0293,55,31
Pit17,IT,0.0301,0.0303,34,66
curtyraissa,PT,0.0314,0.0265,61,9
z4kn4fein,HU,0.0614,0.0971,59,41
stkprog,AT,0.1831,0.0726,5,95
JimmyBlackley,AU,0.0384,0.0374,7,6
Poofy1,US,0.0256,0.0929,59,41
Daniil-SV,UA,0.0284,0.0302,81,19
had2020,US,0.4648,0.1586,31,69
Yash-007,IN,0.0435,0.0469,19,24
hynjnk,JP,0.0337,0.0525,30,6
villekotilainen,FI,0.0317,0.0506,11,19
jonghwa3471,KR,0.0884,0.3207,50,20
NguyenNgoThanhNha,VN,0.0553,0.1031,7,93
lgarron,US,0.3575,0.1066,36,15
specter01wj,AT,0.0986,0.0573,30,15
wokron,CN,0.0937,0.0401,93,7
golu-aryan,IN,0.0275,0.0572,6,94
damienRifflart,FR,0.0414,0.0838,12,88
tim-tim707,FR,0.0237,0.0866,36,15
atamburino,US,0.0522,0.0707,13,30
rohanvenkatesha,US,0.1383,0.0627,32,52
fortiuscva,US,0.0708,0.2143,20,80
DanyloPiatyhorets,GB,0.0767,0.1075,26,74
khanatik1176,BD,0.0299,0.0585,55,5
kushagra-aa,IN,0.0744,0.1189,23,34
Perfect-Aimers-Enterprise,NG,0.0415,0.052,15,84
yinan-c,GB,0.0284,0.0305,35,9
danielcorte,BR,0.0606,0.2537,44,5
mileskent,US,0.0306,0.0484,22,78
crtvrffnrt,DE,0.0284,0.0266,53,10
katia-aa,CA,0.0254,0.0545,11,16
enesdmc0,TR,0.03,0.0391,30,13
FirstMegaGame4,FR,0.0244,0.0361,68,8
swiftlydesigner,US,0.0389,0.0434,38,62
alaminarif,BD,0.0367,0.0352,33,29
Shailesh93602,IN,0.0497,0.0476,83,17
amalia03,NO,0.0314,0.0322,21,18
Nazime,FR,0.054,0.0487,24,48
mateuszNadolny,PL,0.0287,0.0236,72,22
kurtfu,TR,0.0844,0.0776,41,59
e1even44,AT,0.0654,0.0552,28,12
alex-pancho,UA,0.0414,0.0403,8,29
S4tyendra,IN,0.0285,0.0243,31,15
grierson,GB,0.0935,0.1341,7,23
KBG1,KR,0.0441,0.0648,7,93
seveneleven,DE,0.0523,0.2743,8,12
MateusPitura,BR,0.0536,0.0503,82,18
pchchv,RU,0.0659,0.0719,12,22
teenteennnii,TH,0.0443,0.0429,87,13
tomhallmain,US,0.0553,0.0708,14,29
Kedarinath1502,US,0.1049,0.0315,16,7
oskip0906,CA,0.0256,0.0423,14,26
Letanom,TR,0.0366,0.0252,28,18
martinpitt,DE,0.1775,0.2592,32,68
Strange500,FR,0.0426,0.0426,77,23
Bocchetty,IT,0.0385,0.0418,22,16
VovaStelmashchuk,UA,0.0235,0.0267,43,7
cedik456,PH,0.0334,0.0847,12,73
Zen-cronic,CA,0.1154,0.1392,67,33
CoCo9122,JP,0.0235,0.0338,45,22
SamuelLarkin,CA,0.0755,0.1844,16,84
jaylikesbunda,AU,0.0285,0.0285,32,68
AlexGustafsson,SE,0.0256,0.4125,10,8
1392-github,KR,0.0387,0.1919,5,95
amandasantos312,BR,0.0367,0.0346,95,5
cpressland,GB,0.0341,0.0334,23,29
obizip,JP,0.0345,0.0539,13,17
ihleonel,AR,0.0279,0.0598,13,73
gyuminv2,KR,0.0535,0.052,87,13
OnePointFive99,CN,0.034,0.0335,81,19
NikitasThermos,GR,0.0284,0.0502,38,62
tuananh1006,VN,0.0367,0.2268,22,6
fdsteffen,CH,0.0429,0.0558,50,8
nipunlakshank,LK,0.1353,0.0754,77,15
eagrigorev,GR,0.0385,0.0535,27,70
carlo-renosto,AR,0.0239,0.0352,21,71
formfcw,AT,0.2893,0.0654,18,82
sajalbirla,IN,0.1903,0.054,78,20
gianluigitrontini,IT,0.0428,0.1019,35,31
PeterHammerman,PL,0.2845,0.11,8,38
setanarut,TR,0.0623,0.0402,44,28
mos3abof,GB,0.0376,0.0532,35,44
mhmadamrii,ID,0.0366,0.0371,25,7
Thokozile23,US,0.1398,0.0528,95,5
junggamyeon,VN,0.262,0.252,10,90
DebajyotiTalukder2001,IN,0.0301,0.029,77,23
MohamedAbdelbastBakr,EG,0.1157,0.062,21,20
vincentbernat,FR,0.0833,0.1292,24,32
leRourou,FR,0.0258,0.1376,14,21
adrianmoeller,DE,0.0284,0.0346,36,64
bhumit070,IN,0.0338,0.1114,9,28
adityaS-123,IN,0.0683,0.1363,5,95
THENHKHAN,IN,0.0357,0.0287,13,16
bunningss,BD,0.0375,0.0425,9,7
5432roy,US,0.0241,0.0449,69,31
mohit-rathee,IN,0.0426,0.0557,90,10
SatyamVyas04,IN,0.0262,0.0556,20,80
kurkpitaine,FR,0.0672,0.0722,35,52
Trrrrw,CN,0.0235,0.0291,78,19
rakulmaria,DK,0.0287,0.0424,36,10
imon-n,BD,0.0438,0.0306,6,23
nafis200,BD,0.2907,0.2381,11,33
chrislernunes,IN,0.0328,0.0468,18,82
hfoote,US,0.0325,0.0271,11,5
PatrykKucia,PL,0.156,0.0884,19,66
Dope-Otaku,IN,0.0324,0.0704,7,31
SeongGwangJu,KR,0.0342,0.0517,51,7
pumitapumonpon,MX,0.1223,0.053,10,12
BH3Panzer,FR,0.0715,0.0415,19,6
Juadebfm,NG,0.0311,0.0529,39,61
lucasberenger,BR,0.0413,0.0498,13,44
Kamlesh7049,IN,0.1771,0.0323,19,8
dancorreia-swe,BR,0.029,0.0353,70,30
Haider-Ali-HA,PK,0.0315,0.0351,23,16
Arwers,PL,0.0338,0.0369,59,5
Slayer-X164,IN,0.0331,0.0463,7,65
pawarpa,US,0.0412,0.2461,15,6
kobinarth-panchalingam,LK,0.0392,0.0346,50,37
pledge24,KR,0.2467,0.3377,31,15
Ensell84,RU,0.0295,0.1037,25,69
xNickqo,ES,0.0578,0.0594,10,90
4onen,US,0.0378,0.0363,11,14
Alianama,ID,0.0329,0.1939,49,45
Hwasowl,KR,0.0385,0.0774,57,43
AntoineAugusti,FR,0.0658,0.0724,8,8
Kremilly,BR,0.0288,0.1716,16,84
digrouz,BE,0.0238,0.0338,15,21
mcrimaldi,IT,0.0385,0.0523,9,91
Arivoli-A,US,0.2102,0.0628,11,6
LorenzoTaylor,US,0.0285,0.0866,26,26
dhiegoferreira,PT,0.0301,0.0393,31,9
shnarazk,JP,0.1251,0.1887,12,12
MarcTimperley,GB,0.0944,0.0973,24,17
GalahadXVI,GB,0.1875,0.1355,8,92
besoeasy,IN,0.0432,0.0868,15,43
kubow,CZ,0.0285,0.0365,28,19
SirKillian,BE,0.0414,0.0476,9,11
rbverissimo,BR,0.066,0.1645,5,17
samorysundjata,BR,0.0375,0.0549,15,5
YumeFusaka,CN,0.0255,0.0472,26,25
MrDoe,DE,0.0235,0.2191,19,5
developkosarev,DE,0.0254,0.0402,10,15
tgulacsi,HU,0.0239,0.0299,61,37
blacksmithgu,US,0.0337,0.087,25,74
philipco,FR,0.0296,0.0332,14,5
SharadS28N,NP,0.0328,0.0472,11,51
hamzapatwa,US,0.2578,0.0733,20,9
ElBeenMachine,GB,0.3105,0.1933,79,21
mattbixby123,US,0.1189,0.1099,9,10
silgenius,NG,0.0317,0.0695,13,87
Vatsalya-24,IN,0.0318,0.0594,50,24
lGabrielDev,BR,0.0287,0.0306,73,27
emajo,IT,0.0234,0.0337,39,32
jackrosenthal,US,0.1278,0.1758,15,43
ashishmool,NP,0.2968,0.5319,65,35
Pavelsav960,IL,0.0614,0.0575,11,40
Itsjustme27,NP,0.0302,0.051,19,81
ongaro09,KE,0.2021,0.0452,33,67
Kaanfurkanc,TR,0.0367,0.0243,61,9
abshek7,IN,0.0389,0.0378,8,30
fathurwithyou,ID,0.0362,0.0319,95,5
ParkDongho,KR,0.0306,0.0245,94,6
thiagonunes11,BR,0.0285,0.124,16,8
wahyudesu,ID,0.0654,0.0452,27,73
Cogiii,PH,0.2036,0.0741,22,78
vincentmelara,US,0.0373,0.0367,23,27
danyeaw,US,0.0287,0.0297,18,35
tandocca,US,0.2022,0.059,10,22
Eurico149,BR,0.0235,0.0343,25,75
hemz10,IN,0.0365,0.0373,27,8
StefanieSenger,DE,0.0238,0.0241,42,20
BBC-Esq,US,0.0316,0.106,54,46
BeomSeogKim,KR,0.0301,0.03,92,8
sanket1105,US,0.0287,0.0381,72,18
Klaimmoro,RU,0.0346,0.1084,22,9
lentidas,CH,0.1306,0.1266,72,28
JoYvBa,NL,0.2565,0.1804,40,60
zachasme,DK,0.0388,0.0652,5,90
theory,US,0.1935,0.209,32,20
KirillOsenkov,US,0.0665,0.1001,10,5
RadwaMansour1,EG,0.2546,0.0936,6,25
hellosunking,CN,0.0237,0.0243,29,19
n-sipho,ZA,0.0235,0.0285,41,24
Gimlocal,KR,0.1548,0.0711,5,95
VictorHugoSDev,BR,0.0521,0.0318,32,10
brunoamoroso,BR,0.1959,0.1968,13,87
SharafatKarim,BD,0.0373,0.0477,95,5
leofeyer,DE,0.0637,0.0669,7,5
bridgeyuwa,NG,0.0411,0.137,36,56
AbdouShalby,EG,0.0386,0.0557,75,17
mdimamhosen,BD,0.0619,0.0453,31,12
Siddharth114,IN,0.0312,0.0372,38,5
visualDust,US,0.0254,0.0254,48,34
abhi-yo,IN,0.0285,0.0241,75,25
Pranavchavan19,IN,0.0281,0.0467,7,16
OlegGlo,CA,0.0355,0.0244,52,13
DEVSOHFTT,AR,0.6596,0.2996,9,5
ianhaddock,US,0.0235,0.0694,22,63
Danix002,IT,0.0324,0.0314,13,87
brianignacio5,CN,0.4789,0.4659,5,5
chromamorph,DK,0.0491,0.0894,22,68
taharallouche,FR,0.0572,0.0766,58,39
yashrajnayak,IN,0.053,0.031,5,23
eduardo-ono,BR,0.0239,0.0361,21,12
HectorMacassa,ZA,0.0449,0.0552,30,70
mavridisf,GR,0.1434,0.0577,12,23
swoboda1337,CA,0.1651,0.1919,16,84
tmpbeing,FR,0.0337,0.0449,26,52
ivann1302,RU,0.0237,0.0424,23,77
Likhon-baRoy,BD,0.0284,0.0367,83,11
ttf248,CN,0.0352,0.2171,37,50
aon,AR,0.0252,0.0548,17,77
harsharma30,IN,0.0483,0.0404,28,72
KhoudiaDiouf,FR,0.0405,0.0413,15,27
Guo-Chenxu,CN,0.0521,0.0614,83,17
fahrenheigt,FR,0.0288,0.0429,70,13
omkarawasthi,IN,0.028,0.0339,7,7
dhruvangg,IN,0.0365,0.0371,37,48
eeholmes,US,0.0237,0.0353,51,22
ajiwandi,ID,0.0255,0.0257,71,29
vinitkumar,IN,0.2073,0.2653,14,41
zhqihang,CN,0.0256,0.0423,24,60
sseongeun,KR,0.0678,0.1148,5,57
fredrikr79,NO,0.2527,0.0748,5,95
harsh-pandhe,IN,0.0931,0.0744,43,25
robertZaufall,DE,0.0335,0.0293,55,20
Yash-6503,IN,0.0238,0.0336,19,26
captainys,US,0.0396,0.0244,54,40
MartinuzziFrancesco,DE,0.0613,0.1087,7,47
kizitech,NG,0.0474,0.0822,21,8
cmunoz-g,ES,0.2069,0.0863,67,33
ashmanix,GB,0.0279,0.1546,10,90
chenelias,TW,0.0252,0.0401,74,26
sorrentmutie,IT,0.0385,0.2638,9,8
TomasPerez1,AR,0.0303,0.0443,36,8
NduonyiJackUkitetu,CA,0.0348,0.2461,19,6
prateekbhujel,NP,0.0373,0.0329,19,16
TungNguyen-dev,VN,0.0265,0.0945,6,94
volundmush,US,0.0666,0.0938,5,8
Stevey144,GB,0.0663,0.2497,9,19
lvshrd,SG,0.1596,0.1292,10,58
Swaggeroo,DE,0.0516,0.0524,5,5
mtrojnar,PL,0.0308,0.0297,10,7
hmthanh,VN,0.0663,0.0979,15,75
LeftHandCold,CN,0.0251,0.0318,62,17
CameronWarburton,GB,0.0547,0.04,73,12
jooris-hadeler,DE,0.0414,0.0718,26,20
NafisMahmudAyon,BD,0.0316,0.0292,72,6
weiowo,TW,0.0832,0.2996,20,75
GarthTB,CN,0.0436,0.0378,70,30
zainanz,PT,0.0433,0.0347,9,9
stonedada,CN,0.0304,0.0326,58,11
shinbae93,VN,0.0235,0.1302,15,7
beckermr,US,0.0567,0.1405,45,17
sergiofteixeira,PT,0.0857,0.0608,5,84
justmeandopensource,GB,0.1343,0.0644,5,8
venkatsai494,IN,0.0369,0.0948,5,94
odnols,BR,0.0256,0.0529,20,70
IsNotRicardo,FI,0.042,0.2352,93,7
larissassk,BR,0.0531,0.1822,94,6
p1k0chu,UA,0.0648,0.1146,43,38
IceDefcon,PL,0.0307,0.0397,10,65
longhao-li,CN,0.1872,0.1943,15,12
brechtvhb,BE,0.2799,0.0553,17,27
chungminsik,KR,0.0388,0.1009,5,21
thizizzen,PH,0.2221,0.1962,45,35
mattgerken,US,0.0325,0.0426,5,33
johanjuulj,DK,0.0449,0.1437,75,25
romot-co,JP,0.2879,0.2061,22,6
andrenormanlang,SE,0.0417,0.0541,66,12
arunsrajan,IN,0.0388,0.0488,50,44
stefan6419846,DE,0.0335,0.0235,41,8
JKS9,FR,0.0302,0.0323,20,5
astibal,CZ,0.1286,0.1238,51,49
afcj8,BR,0.0365,0.0304,53,14
Mostiu,PL,0.0474,0.0386,84,14
ondras,CZ,0.091,0.181,8,5
rhnorskov,DK,0.0334,0.0443,38,44
LeonardoTTI,IT,0.0256,0.0387,18,7
tsmalu,BR,0.0758,0.0856,11,48
adhirajcs,IN,0.0531,0.0328,88,12
MontyCoder0701,KR,0.0255,0.0242,81,19
Shintensu,DE,0.0357,0.0692,83,9
tylerhuyser,US,0.0547,0.2112,48,39
vivet,DK,0.0498,0.0848,34,53
jens-thomae,DE,0.0313,0.0407,12,43
mikemadeja,US,0.0516,0.3129,5,9
wiizzl,FR,0.0483,0.0483,54,46
NorielAchero,PH,0.0384,0.0478,44,56
soufyaneKh28,TR,0.0469,0.0485,27,23
Jonstep101010,DE,0.0436,0.1324,30,70
ngntu10,VN,0.379,0.0806,49,51
Scarvy,US,0.0235,0.0291,32,22
Guille-ux,ES,0.0993,0.0437,77,23
hdneves,BR,0.207,0.0386,11,12
jodinesjr,BR,0.1823,0.2229,8,92
kurpenok,RU,0.0237,0.0548,25,75
seongjju,KR,0.0404,0.0608,38,57
Nagarajukasarla,IN,0.0238,0.0285,52,48
Mirai3103,VN,0.0255,0.0312,57,11
Kall-3,SE,0.0255,0.0609,31,66
kgierke,DE,0.0572,0.1153,42,5
ciechanowiec,PL,0.0304,0.0327,94,6
LobaDK,DK,0.0489,0.0578,50,5
zohra-b,ES,0.0438,0.0437,6,5
JunukCha,KR,0.0285,0.0335,27,56
kaniel98,SG,0.0256,0.0266,55,7
chuck-ankit,IN,0.0251,0.0242,86,14
harsha-bulusu,IN,0.3165,0.0588,60,17
Collinzy0451,NG,0.0859,0.0339,49,51
rasspp,ID,0.0238,0.0238,17,24
matejsemancik,CZ,0.0472,0.1075,24,12
SunChulBaek,KR,0.0309,0.0306,86,14
mathpaul3,KR,0.0256,0.0334,27,15
FKdevelopers254,KE,0.0329,0.3261,79,5
Numpek2k,PL,0.0338,0.0687,61,22
TeePlunder,DE,0.0348,0.1697,94,6
DilshanHF,LK,0.0259,0.0315,20,5
tyree-z,CA,0.0287,0.1068,26,12
K0l4s,VN,0.0497,0.0406,51,8
stackiller,BR,0.07,0.0517,16,68
duclnh,VN,0.1578,0.0867,11,39
ronakganatra,DE,0.0235,0.0737,39,18
Jn-Sajol,BD,0.0324,0.0592,18,9
kaushalkdev,IN,0.0259,0.1244,5,80
Andresas106,ES,0.0279,0.038,18,71
vormwald,US,0.0366,0.1063,6,52
shashikant190,IN,0.0599,0.051,95,5
jeremychone,US,0.1026,0.1257,46,25
Trevor-Kayeyia-Madara,KE,0.0386,0.0301,7,14
kogby,US,0.0308,0.0351,24,37
millerjmatos,BR,0.0305,0.0367,67,33
manni2000,IN,0.0288,0.0243,66,15
samlzz,FR,0.0241,0.0545,31,69
lvcc0,RU,0.068,0.1101,18,82
thirapat12,TH,0.036,0.0294,85,15
TomasiDeveloping,CH,0.071,0.071,24,39
dondeptu,PL,0.0503,0.0434,62,38
Shyamkadiwar,IN,0.2546,0.0522,5,32
skgrange,CH,0.029,0.0344,55,45
PropzSaladaz,PT,0.0234,0.0356,74,8
mobal,HU,0.1008,0.2792,8,16
pranava007,IN,0.0384,0.034,50,17
joachimvh,BE,0.0432,0.0766,16,20
rohitreddy192,IN,0.1508,0.1674,52,48
TinkerFrank,NL,0.0631,0.0378,77,23
JeffDeCola,US,0.2539,0.0976,88,12
LubabaKhalid,PK,0.0386,0.0663,5,95
MyPyDavid,DE,0.1786,0.421,33,67
paulexmaze99,NG,0.0683,0.1123,6,12
natersland,TH,0.0809,0.0935,91,9
mhagglun,SE,0.0308,0.0386,18,82
c-po,DE,0.0639,0.1181,6,40
zzzz955,KR,0.0597,0.2397,95,5
JeelGajera,IN,0.0238,0.0315,35,6
dataflake,DE,0.3553,0.1096,10,18
Ayberkyvs,TR,0.0489,0.0352,93,7
Casvt,NL,0.0287,0.0345,30,70
shriramt124,IN,0.042,0.0393,47,32
wanjawischmeier,DE,0.0289,0.0405,41,40
AndersonN031,BR,0.0416,0.0591,5,95
prakashbahadurchand,NP,0.1436,0.0537,16,9
MatPizzolo,AR,0.0836,0.254,38,10
XanBauer,US,0.0388,0.1279,7,36
kacper-sx,PL,0.0337,0.0379,35,21
anushkaspatil,IN,0.0456,0.2201,8,9
mihaimoga,RO,0.0349,0.1,16,84
GhostGamr,IN,0.0468,0.0491,30,17
iiakshat,IN,0.0348,0.0363,27,19
vinceAmstoutz,FR,0.0385,0.0529,12,48
0Hooni,KR,0.0393,0.1196,53,47
aaravmahajanofficial,IN,0.044,0.1342,15,8
francescogrienti,IT,0.0254,0.0374,56,8
ToaHartor,FR,0.0338,0.055,65,21
orieasy1,KR,0.0468,0.0387,90,10
DrRetro2033,CA,0.0286,0.1178,61,39
TripleYei,ES,0.0383,0.042,6,5
ShenanVindinu,LK,0.0238,0.034,39,24
SumiSeo,FR,0.0348,0.0663,9,23
brycej217,US,0.0331,0.0302,22,20
jaehyun513,KR,0.0588,0.099,15,44
pratap360,IN,0.0302,0.0243,55,20
dij0s,CH,0.0587,0.0634,42,58
LiXiufan,SG,0.0296,0.0701,41,59
ezgisenak,ES,0.0366,0.2261,7,38
toodeluna,BE,0.0511,0.1093,15,52
swapnilsachan03,IN,0.0473,0.0306,31,21
kvora2,CA,0.0424,0.0567,46,54
oscarraichert,BR,0.0238,0.1011,41,24
rice2411,VN,0.1638,0.1305,71,7
raihankr,ID,0.0254,0.0648,68,32
ManickaP,CZ,0.0754,0.0843,54,21
Leuthra,ID,0.0327,0.0623,22,27
psk-98,ZA,0.0305,0.0351,58,21
gemalcantara,PH,0.045,0.0614,6,94
JuanitaCathy,IN,0.031,0.0318,22,13
t-matveentsev,PL,0.1064,0.0703,54,13
mgtezak,DE,0.0435,0.0343,82,18
AananMunna,BD,0.0357,0.0856,32,5
hakimnazry24,MY,0.0295,0.0358,42,11
NexVeridian,US,0.0256,0.0447,15,85
JohnnytheShark,US,0.0473,0.0534,5,16
julia-b-grenier,CA,0.0364,0.0403,10,33
v0rkath,GB,0.0419,0.0368,76,11
MohammedFalih,IN,0.0384,0.0386,5,5
ASinghCodes,US,0.0287,0.024,92,8
nisarganc,DE,0.2544,0.0835,6,94
steeeee0223,TW,0.024,0.0271,43,6
Ulrich-Tonmoy,BD,0.0308,0.0323,93,7
victorballester7,GB,0.0246,0.0297,56,44
conspirici,PK,0.0483,0.055,24,15
christianmachira,KE,0.0385,0.0585,7,28
LowisWano,PH,0.0438,0.0314,14,45
desobob11,CA,0.0298,0.2337,33,8
D-grimut,CA,0.1476,0.2139,39,61
Marco-Antonio-Rodrigues,BR,0.0365,0.0642,33,11
evanjt,CH,0.0619,0.0636,35,9
AbnerTeng,TW,0.0452,0.0303,70,30
Tab-ct,CN,0.0252,0.0373,11,6
davidnixon,US,0.1349,0.1557,17,38
RODO94,GB,0.044,0.1961,47,53
amit954,IN,0.2895,0.1004,20,8
Fernix8,VN,0.0254,0.0558,13,61
khan8698,PK,0.0276,0.1019,11,10
nahyeon99,KR,0.0488,0.092,43,57
mithilgirish,IN,0.0308,0.0434,25,27
dizimatt,AU,0.0296,0.0937,93,7
botbw,SG,0.0284,0.0524,62,14
khuluqilkarim,ID,0.0703,0.04,71,12
Aneeshcoder,IN,0.0254,0.0517,29,45
coding-leo-1979,KR,0.0329,0.037,20,41
Miike728,ES,0.0306,0.0364,30,8
thusspokedata,DE,0.0234,0.1089,48,13
hirotomoyamada,JP,0.033,0.0414,9,13
RomainPierre7,FR,0.032,0.0472,35,13
KiranPolaki,IN,0.1972,0.0854,51,35
developer-wonjin,KR,0.0258,0.0308,30,48
sebastianjnuwu,BR,0.0257,0.0547,65,35
fabiosouzadev,BR,0.0394,0.0742,81,19
martin0995,ES,0.0898,0.1198,37,12
KlaesAles,CN,0.0259,0.026,12,20
BarryAlllen,CN,0.0406,0.0697,29,31
RINDAMAN2426,KR,0.0238,0.1288,37,63
Tarow,DE,0.0304,0.0808,67,33
codeMaestroLucas,BR,0.0478,0.0364,15,7
donghyuun,KR,0.0308,0.0434,78,22
verylowpower,VN,0.0348,0.0455,49,9
cepsdev,DE,0.0241,0.0513,39,14
danugil,AR,0.0392,0.2447,6,11
kglundgren,SE,0.0286,0.0336,24,16
kavishkacreed,LK,0.1974,0.0937,11,79
mickecamino,SE,0.0356,0.0314,57,5
Abhishek-k-git,IN,0.0312,0.0314,46,5
aushin19,IN,0.0449,0.0397,6,10
Alexander-L-Li,GB,0.0286,0.0313,94,6
MamunKhan71,BD,0.0311,0.0327,19,9
Fauve-mce,BE,0.0339,0.0515,25,75
ash-hun,KR,0.0297,0.0308,58,25
Juke-Duke,US,0.0498,0.0399,93,6
javirs200,ES,0.0337,0.0394,42,26
wadelab,GB,0.0337,0.0449,22,56
Larksnow,CA,0.2667,0.0824,13,67
dafengzhen,CN,0.0284,0.0348,29,36
AndreasZacchi,DK,0.0369,0.0312,65,25
monicathomas8,GB,0.0609,0.1055,18,82
Hariomnagar628,IN,0.0417,0.0444,17,60
hanzfernando,PH,0.0369,0.0417,57,28
bogdando,PL,0.0907,0.0866,8,5
ml-evs,GB,0.0286,0.0292,54,30
swalloich,US,0.0334,0.0402,26,66
Aan31Prayogo,ID,0.1168,0.1288,10,13
SamueleFerri,IT,0.0308,0.0522,41,59
monitamitra,US,0.0234,0.0394,51,49
baebaemin,KR,0.031,0.0308,48,52
rudraksh2611,IN,0.0536,0.1344,13,43
JasonMorta,ZA,0.0367,0.0287,64,36
texotek,AT,0.0295,0.0298,57,40
krd81,AU,0.0522,0.0416,65,35
Peereiraa,ES,0.2826,0.0379,7,19
SuperJappie08,NL,0.314,0.3433,90,10
mrizaln,ID,0.0286,0.0316,64,13
adeniyii,NG,0.0252,0.0326,18,14
ztevenx100,CO,0.2172,0.1796,36,38
otse,NL,0.0244,0.0268,83,17
acim,DE,0.0239,0.0245,53,47
naimur-reza,BD,0.0256,0.0256,36,64
QuintansC,BR,0.0337,0.0387,17,30
OlivierLD,FR,0.0256,0.0358,45,55
Bbrightr,FR,0.0514,0.0694,8,42
VinayShetyeOfficial,US,0.0336,0.0661,13,87
CodeRookie0,PL,0.0659,0.0457,33,22
kavos113,JP,0.0647,0.1173,5,57
qrasmont,BE,0.0284,0.0276,60,12
PawelNiedzwiecki,GB,0.1997,0.2608,43,36
Nivnivu,IL,0.0299,0.0384,18,5
WonhyeongChae,US,0.0775,0.1546,40,12
Baarsgaard,DK,0.0285,0.0742,23,77
george-bobby,IN,0.0293,0.0353,46,54
rzmobiledev,ID,0.0705,0.0831,8,8
HenryHST,DE,0.1589,0.1433,39,57
datsfilipe,BR,0.0334,0.0475,28,5
meta-d,CN,0.0434,0.2263,17,83
SergioITB,ES,0.1354,0.0469,14,33
rladusdn02,AU,0.0769,0.1005,25,55
avranu,US,0.0339,0.2674,42,5
paul-ohl,FR,0.0369,0.0964,9,91
luks-santos,BR,0.0277,0.0354,9,22
OlehDidushok,UA,0.0256,0.0359,16,12
akash2904r,IN,0.0238,0.0343,40,60
lucasbanunes,BR,0.0294,0.0316,76,22
hnrainll,CN,0.0306,0.0314,53,47
GeekMasher,GB,0.0364,0.0592,53,47
Hypedkratos,IN,0.0316,0.0544,10,28
felipe1521,CL,0.0292,0.0413,8,54
bdkma95,FR,0.052,0.3175,8,60
SagarChhabriya,PK,0.0386,0.0402,12,14
Kurler3,NL,0.0332,0.0627,18,61
satrya070,NL,0.024,0.0339,23,42
shivamm-verma,IN,0.0284,0.0353,62,38
LucasUTNFRD,AR,0.0238,0.0445,21,61
NTGNguyen,VN,0.0386,0.0974,5,95
LukasOlivier,BE,0.0285,0.0337,40,60
egonos,TR,0.0708,0.0666,60,40
tsachetto,BR,0.0254,0.0324,17,9
nicarl,DE,0.2362,0.7271,83,17
CarolKogei,KE,0.2527,0.1495,7,54
Deepan-CodeBuster,IN,0.0388,0.0322,5,31
JanMkl,FI,0.0781,0.0713,11,9
Mateusz-Dobrzynski,PL,0.0945,0.139,67,32
Anushka-N12,AE,0.0442,0.0448,8,5
klhftco,US,0.0314,0.0798,69,31
Brad-Edwards,CA,0.0286,0.0561,47,52
bibek-ku-ray,NP,0.0438,0.0503,6,64
CPetruzzo,AR,0.0285,0.0544,67,33
sergiocerq,BR,0.0287,0.0383,58,42
nwejin,KR,0.0449,0.0352,64,10
Noppadol35,TH,0.1898,0.1097,7,77
ingen084,JP,0.039,0.0365,15,6
DanielaS-Tochi,AR,0.0383,0.0411,5,11
bhanuka-viraj,LK,0.0238,0.0254,14,28
thomascamminady,DE,0.0286,0.3175,40,57
ryyseeXVI,ES,0.1101,0.0666,44,22
HuyenVTTHE172681,VN,0.0399,0.0819,14,86
Anthony-Kishan,BD,0.1171,0.0538,23,27
markandre13,DE,0.0341,0.0337,32,68
chirag127,IN,0.0339,0.1683,28,72
ArjunCodess,IN,0.0317,0.0317,17,7
Muniox,PL,0.0305,0.0352,78,22
damianh,NL,0.3004,0.1001,20,16
TorHenrikUlsted,NO,0.0613,0.079,46,54
clementfung,US,0.0258,0.0466,21,79
devvsima,UA,0.1727,0.0601,8,92
tsujit74,IN,0.0304,0.029,40,15
johnnyvasconcelos,BR,0.0562,0.0356,50,24
joshpayette,US,0.0871,0.1232,5,56
Amirjjf,FI,0.2991,0.0415,22,12
SuperZombi,UA,0.0765,0.1004,5,15
kalharatennakoon,LK,0.0238,0.044,12,49
antsundq,FI,0.0761,0.058,77,7
yaswanthteja,IN,0.0254,0.0354,26,48
cromz22,JP,0.0372,0.0581,9,83
LucasJendzioVerdasca,FR,0.0311,0.0317,53,9
MataiMoorfield,NZ,0.2221,0.0443,48,22
Niklauzi,NG,0.03,0.0286,72,22
AlexWills37,US,0.0306,0.0296,10,7
mpho-mafata,DE,0.0385,0.0484,42,58
shawnyama,CA,0.1041,0.0648,18,82
David-SDA,FR,0.0453,0.0274,19,9
AlexDDevv,FR,0.1367,0.1362,78,22
SamukeloThedeveloper,ZA,0.0388,0.203,7,8
durgeshm01722,IN,0.0258,0.0295,38,16
thmastin,US,0.1209,0.1371,21,7
elisf02,GB,0.0317,0.025,25,9
EricMarcon,FR,0.0239,0.0431,29,14
rafaell-mns,BR,0.0485,0.1424,17,28
BrenoSB98,BR,0.0314,0.0266,45,5
weaverba137,US,0.0969,0.0947,43,34
AlgorithmicPolicyIndex,US,0.1564,0.108,32,68
ashleyth0mas,IN,0.0324,0.2213,72,5
mkotra,PL,0.0383,0.07,9,54
avianage,IN,0.028,0.043,10,18
ljtpetersen,CA,0.2156,0.358,6,34
Welhox,FI,0.0306,0.0589,34,21
shredam,EG,0.2618,0.1383,9,25
kkauma,US,0.0296,0.0413,51,19
wrefgtzweve,NL,0.0381,0.0478,22,13
aryamanpathak2022,IN,0.0423,0.0347,12,43
Aravestia,SG,0.0335,0.0386,7,93
Tharanitharan-M,US,0.0458,0.0456,45,13
praveensarraf,IN,0.2546,0.0959,5,55
dnjeh,KR,0.024,0.0299,56,44
kero99,ES,0.0235,0.0668,36,13
hrishi2402,IN,0.033,0.0358,5,41
dkroderos,PH,0.0348,0.0575,88,9
vk-bhanu,IN,0.0266,0.1988,7,6
UtshoDeyTech,BD,0.0388,0.0489,15,10
InnaVays,DE,0.2702,0.0508,56,19
irgendwr,DE,0.0373,0.0939,17,13
PetroBlitz841,IL,0.0522,0.0726,15,85
pinhorenan,BR,0.0562,0.0732,28,72
notalanjoseph,IN,0.0365,0.0262,76,7
Konvvit,SE,0.1238,0.072,13,23
tusthanh89,VN,0.109,0.295,9,40
MrNobody65,VN,0.0411,0.0381,28,48
NoName-txt,TR,0.0306,0.0313,66,7
MarceTT,CA,0.0367,0.2437,8,6
onhq11,PL,0.0334,0.035,5,17
Edriv-DS,ES,0.1052,0.0462,72,28
mohabouje,AE,0.0928,0.0677,22,31
namankoolwal,IN,0.0301,0.0758,45,55
akhilnarang,IN,0.071,0.1162,20,12
pujanjoci,NP,0.0328,0.0368,13,55
teovlt,FR,0.123,0.2235,15,85
ashuthe1,IN,0.0303,0.0267,65,8
tomsail,IT,0.4862,0.1698,7,9
i-meant-to-be,KR,0.0239,0.0768,75,25
vineet-op,IN,0.0349,0.0243,36,18
anjiniii,KR,0.049,0.032,48,9
jloliveira95,BR,0.0518,0.0466,9,5
benlonnqvist,CH,0.0261,0.0308,8,15
ZijianWang-ZW,DE,0.0237,0.0337,22,15
BikashKakati,IN,0.0348,0.0243,13,8
lutfiandri,ID,0.0342,0.0459,63,19
AnnikaV9,SG,0.1058,0.0365,70,30
HectorSchreiner,DK,0.028,0.0352,13,16
will-ockmore,GB,0.0237,0.0295,20,9
longyongchao,CN,0.0756,0.2245,6,6
mikelgg93,ES,0.0377,0.0533,15,37
emmanuelgonz,US,0.0363,0.0586,59,41
iamfmeyer,DE,0.0516,0.0614,12,34
Datureli,PL,0.0304,0.042,23,26
guerchen,BR,0.0354,0.0269,15,5
ysdzm,JP,0.0285,0.0296,16,39
naveen059,IN,0.0282,0.0542,14,12
g-kannan,IN,0.0335,0.0359,19,22
igortejo,BR,0.0254,0.0765,27,51
Imtiaj-Sajin,BD,0.0362,0.0418,25,14
zobkazi,BD,0.0311,0.114,14,37
EarthMessenger,CN,0.0291,0.0389,33,67
hafiziruslan,MY,0.0238,0.047,43,13
joseeeortizz,US,0.0304,0.0362,32,68
Philipp0002,DE,0.0412,0.037,64,36
confusedalex,DE,0.0311,0.0393,15,85
junotb,KR,0.0259,0.0308,26,16
anhtester,VN,0.0238,0.0348,48,43
isabelntho,CH,0.0285,0.0315,24,5
waleedgul92,PK,0.0352,0.0849,15,12
sumanmaiti1,IN,0.0473,0.0865,5,64
alejoriosm04,CO,0.0238,0.0314,56,6
JaehwanKim00,KR,0.0287,0.036,25,75
svioletg,US,0.0239,0.072,23,77
jiangyangcreate,CN,0.2527,0.0516,5,95
bancey,GB,0.1751,0.2284,17,38
KRISACHAN,CN,0.0455,0.0406,27,26
hrmcngs,JP,0.0255,0.0468,84,14
ThaisHolz,PT,0.0386,0.0598,7,66
madderscientist,CN,0.0616,0.0634,65,25
niloyblueee,BD,0.0301,0.0301,35,65
vishwanathkhuli,IN,0.2454,0.0383,39,23
hitarth-gg,IN,0.0338,0.0255,28,11
xytpai,CN,0.0508,0.049,40,60
vineetprash,IN,0.2627,0.0538,6,72
enzogl7,BR,0.0284,0.0386,39,61
aeffekt,AR,0.0239,0.0293,67,20
FrostTechHub,SG,0.1556,0.2337,38,8
Al0den,FR,0.0517,0.0431,70,30
MurtajizMehdi,US,0.0364,0.0325,72,9
alchemyyt,CO,0.1746,0.0525,6,94
moczolaszlo,HU,0.0306,0.0419,18,54
felipekiko,BR,0.0518,0.061,8,20
jacspa96,PL,0.2602,0.0672,9,15
Sinfolke,UA,0.0261,0.0487,16,84
theodor8,SE,0.0382,0.0346,9,23
codky,KR,0.0414,0.0302,38,23
deliprofesor,TR,0.0466,0.0475,8,6
jpatrick5402,US,0.0334,0.0245,82,18
pinaki3majumder,IN,0.0421,0.0618,19,6
juldebar,FR,0.0881,0.1088,6,6
IIRoan,NL,0.0562,0.0734,9,20
2nchanter,KR,0.0335,0.1395,12,14
darshan45672,IN,0.0428,0.0502,74,26
micromoleckula,UA,0.0266,0.0347,87,13
k-ish-san,IN,0.2546,0.1035,6,94
IvanLeffalle,AR,0.089,0.0562,71,29
ashiksanyo10,IN,0.0365,0.0325,49,12
akashkumarsharma03,IN,0.0277,0.0475,11,7
karan-modh-5,IN,0.0353,0.0828,29,70
rosakosol,AU,0.0376,0.0427,62,38
Saqib-DevSecOps,PK,0.0295,0.0328,46,27
sonikf,GR,0.0286,0.0328,36,8
Ahmedbhai2023,PK,0.2542,0.0814,6,5
