timestamp,login,status,n_prs,error
2026-05-08T18:04:49.044173+00:00,risingtiger,cached,0,
2026-05-08T18:04:49.047852+00:00,GowayLee,cached,10,
2026-05-08T18:04:49.050535+00:00,mouloud240,cached,207,
2026-05-08T18:04:49.052391+00:00,JS1240,cached,66,
2026-05-08T18:04:49.053805+00:00,lgd-matlab,cached,2,
2026-05-08T18:04:49.055104+00:00,Dominion083,cached,0,
2026-05-08T18:04:49.056384+00:00,ralla0405,cached,11,
2026-05-08T18:04:49.057784+00:00,Sawa-E,cached,4,
2026-05-08T18:04:49.059303+00:00,johnwinston,cached,64,
2026-05-08T18:04:49.061165+00:00,lmnop-95,cached,74,
2026-05-08T18:04:49.063050+00:00,awmloveland,cached,110,
2026-05-08T18:04:49.064333+00:00,yAtomtom,cached,0,
2026-05-08T18:04:49.066074+00:00,tomobou,cached,62,
2026-05-08T18:04:49.067777+00:00,messi18122022,cached,72,
2026-05-08T18:04:49.069303+00:00,imwra,cached,39,
2026-05-08T18:04:49.070902+00:00,marvymarv79,cached,33,
2026-05-08T18:04:49.072313+00:00,tobsai,cached,16,
2026-05-08T18:04:49.073926+00:00,xsyetopz,cached,43,
2026-05-08T18:04:49.077027+00:00,matsuokashuhei,cached,300,
2026-05-08T18:04:49.078558+00:00,vqcoder,cached,31,
2026-05-08T18:04:49.081405+00:00,anthony-spruyt,cached,300,
2026-05-08T18:04:49.083125+00:00,Fishy49,cached,48,
2026-05-08T18:04:49.085511+00:00,mfaulhaber,cached,211,
2026-05-08T18:04:49.089016+00:00,kswift1,cached,300,
2026-05-08T18:04:49.090837+00:00,Ktulue,cached,95,
2026-05-08T18:04:49.092248+00:00,SerjRs,cached,33,
2026-05-08T18:04:49.093427+00:00,jeffbNoUI,cached,0,
2026-05-08T18:04:49.096229+00:00,stephenstanwood,cached,300,
2026-05-08T18:04:49.097673+00:00,danielreified,cached,1,
2026-05-08T18:04:49.099748+00:00,ashitaka-emishi,cached,129,
2026-05-08T18:04:49.101100+00:00,camyyssa,cached,0,
2026-05-08T18:04:49.102368+00:00,edwarddgao,cached,20,
2026-05-08T18:04:49.104934+00:00,kspears,cached,216,
2026-05-08T18:04:49.106353+00:00,Mooyi07,cached,7,
2026-05-08T18:04:49.107694+00:00,afcj8,cached,10,
2026-05-08T18:04:49.110616+00:00,mosfet80,cached,300,
2026-05-08T18:04:49.113688+00:00,israpps,cached,300,
2026-05-08T18:04:49.115900+00:00,Grabsky,cached,144,
2026-05-08T18:04:49.118910+00:00,thomasvl,cached,300,
2026-05-08T18:04:49.120401+00:00,adi3489,cached,1,
2026-05-08T18:04:49.121914+00:00,ErickinSegura,cached,23,
2026-05-08T18:04:49.123513+00:00,AdiDevClick,cached,49,
2026-05-08T18:04:49.124942+00:00,Barugon,cached,17,
2026-05-08T18:04:49.126141+00:00,stsykw,cached,0,
2026-05-08T18:04:49.127328+00:00,Pawel5sekund,cached,1,
2026-05-08T18:04:49.129087+00:00,jvzantvoort,cached,104,
2026-05-08T18:04:49.130561+00:00,hannie404,cached,27,
2026-05-08T18:04:49.131890+00:00,ApolonMore,cached,1,
2026-05-08T18:04:49.133205+00:00,degerahmet,cached,20,
2026-05-08T18:04:49.134444+00:00,Toteya,cached,4,
2026-05-08T18:04:49.135809+00:00,XeriChen,cached,0,
2026-05-08T18:04:49.137345+00:00,pm-blanco,cached,38,
2026-05-08T18:04:49.139114+00:00,nislovskaya,cached,85,
2026-05-08T18:04:49.142222+00:00,ralfhandl,cached,300,
2026-05-08T18:04:49.143508+00:00,Quantum-Coder826,cached,1,
2026-05-08T18:04:49.144707+00:00,kristyelee,cached,2,
2026-05-08T18:04:49.145900+00:00,Violet334,cached,1,
2026-05-08T18:04:49.147062+00:00,leonardcl,cached,1,
2026-05-08T18:04:49.148816+00:00,Gurge44,cached,96,
2026-05-08T18:04:49.150912+00:00,HonzaCuhel,cached,163,
2026-05-08T18:04:49.152517+00:00,g-kannan,cached,45,
2026-05-08T18:04:49.153826+00:00,YoungSam95,cached,0,
2026-05-08T18:04:49.155455+00:00,LQ458,cached,57,
2026-05-08T18:04:49.156694+00:00,AlyssonDemari,cached,1,
2026-05-08T18:04:49.157970+00:00,joaofeteira,cached,10,
2026-05-08T18:04:49.159203+00:00,aravindpaz,cached,1,
2026-05-08T18:04:49.160393+00:00,qorygnsska,cached,0,
2026-05-08T18:04:49.161583+00:00,renzi-fidele-frontend,cached,3,
2026-05-08T18:04:49.163327+00:00,mkraposhin,cached,77,
2026-05-08T18:04:49.166187+00:00,RomainMuller,cached,300,
2026-05-08T18:04:49.167606+00:00,maxwelldinsmore,cached,5,
2026-05-08T18:04:49.168942+00:00,Xamelo,cached,0,
2026-05-08T18:04:49.170273+00:00,TimbakTwo,cached,1,
2026-05-08T18:04:49.172066+00:00,jhonsoad,cached,89,
2026-05-08T18:04:49.173473+00:00,robinson-97,cached,0,
2026-05-08T18:04:49.174695+00:00,PKholyavin,cached,0,
2026-05-08T18:04:49.176177+00:00,rubin55,cached,15,
2026-05-08T18:04:49.179088+00:00,beckykd,cached,300,
2026-05-08T18:04:49.180570+00:00,vflame6,cached,13,
2026-05-08T18:04:49.182022+00:00,ByronEncinas,cached,11,
2026-05-08T18:04:49.183364+00:00,emiramaro,cached,0,
2026-05-08T18:04:49.184550+00:00,paggalih,cached,0,
2026-05-08T18:04:49.185959+00:00,chiyuemio,cached,0,
2026-05-08T18:04:49.187164+00:00,viti1,cached,0,
2026-05-08T18:04:49.188411+00:00,bartlomiejfydrych,cached,2,
2026-05-08T18:04:49.189798+00:00,alfanzain,cached,28,
2026-05-08T18:04:49.191138+00:00,tejas-contentstack,cached,2,
2026-05-08T18:04:49.192479+00:00,YoungSIS,cached,1,
2026-05-08T18:04:49.193643+00:00,tommasaurus,cached,1,
2026-05-08T18:04:49.195136+00:00,zozzzC,cached,28,
2026-05-08T18:04:49.196475+00:00,Anmepod44,cached,26,
2026-05-08T18:04:49.197725+00:00,AlejandroGLo,cached,8,
2026-05-08T18:04:49.199056+00:00,pilif139,cached,32,
2026-05-08T18:04:49.200219+00:00,haukurhafsteins,cached,1,
2026-05-08T18:04:49.201429+00:00,zzltxla,cached,5,
2026-05-08T18:04:49.202601+00:00,CuminLo,cached,0,
2026-05-08T18:04:49.204106+00:00,Yorye-dev,cached,20,
2026-05-08T18:04:49.205499+00:00,MikhailZayko,cached,3,
2026-05-08T18:04:49.206771+00:00,FrancescoMaca,cached,13,
2026-05-08T18:04:49.208184+00:00,tylerachang,cached,7,
2026-05-08T18:04:49.210895+00:00,fsoubelet,cached,275,
2026-05-08T18:04:49.212247+00:00,HyungjuunPark,cached,0,
2026-05-08T18:04:49.213497+00:00,Siwyyy,cached,13,
2026-05-08T18:04:49.214825+00:00,u4y0u,cached,24,
2026-05-08T18:04:49.216335+00:00,Titouan-Loeb,cached,22,
2026-05-08T18:04:49.218069+00:00,SidharthK2,cached,77,
2026-05-08T18:04:49.220481+00:00,jeanrodrigop,cached,29,
2026-05-08T18:04:49.222254+00:00,DJopek,cached,78,
2026-05-08T18:04:49.224212+00:00,iamseung,cached,112,
2026-05-08T18:04:49.225832+00:00,hajin0324,cached,43,
2026-05-08T18:04:49.227333+00:00,KusiBehan,cached,30,
2026-05-08T18:04:49.228630+00:00,Jakaria6284,cached,2,
2026-05-08T18:04:49.229963+00:00,jorgeeberhard,cached,19,
2026-05-08T18:04:49.231194+00:00,ziyuan123456789,cached,2,
2026-05-08T18:04:49.233953+00:00,schoero,cached,278,
2026-05-08T18:04:49.236994+00:00,nbbaier,cached,300,
2026-05-08T18:04:49.238282+00:00,Miguel-Escobar,cached,4,
2026-05-08T18:04:49.239515+00:00,itsDangy,cached,4,
2026-05-08T18:04:49.241821+00:00,daudix,cached,205,
2026-05-08T18:04:49.243037+00:00,hato78,cached,0,
2026-05-08T18:04:49.245838+00:00,zoewangg,cached,300,
2026-05-08T18:04:49.247150+00:00,JeejaFR,cached,8,
2026-05-08T18:04:49.248762+00:00,rong-xiaoli,cached,72,
2026-05-08T18:04:49.249948+00:00,HarunnMetin,cached,0,
2026-05-08T18:04:49.251096+00:00,Pir00t,cached,1,
2026-05-08T18:04:49.252298+00:00,Diego-Moreira8,cached,0,
2026-05-08T18:04:49.253987+00:00,GhoffarFitassin,cached,90,
2026-05-08T18:04:49.255275+00:00,ScroodgeM,cached,0,
2026-05-08T18:04:49.256483+00:00,chindaronit,cached,4,
2026-05-08T18:04:49.257704+00:00,LinCanNerd,cached,2,
2026-05-08T18:04:49.259932+00:00,meezumi,cached,163,
2026-05-08T18:04:49.261297+00:00,amaantootla,cached,16,
2026-05-08T18:04:49.262501+00:00,GuNu-Kim,cached,4,
2026-05-08T18:04:49.264558+00:00,mzuenni,cached,150,
2026-05-08T18:04:49.266152+00:00,albertxu216,cached,37,
2026-05-08T18:04:49.267411+00:00,Siddharth-Latthe-07,cached,5,
2026-05-08T18:04:49.268874+00:00,fathurwithyou,cached,50,
2026-05-08T18:04:49.270311+00:00,AnyBananaGAME,cached,40,
2026-05-08T18:04:49.271630+00:00,1999AZZAR,cached,27,
2026-05-08T18:04:49.274759+00:00,CesaltinoFelix,cached,6,
2026-05-08T18:04:49.276114+00:00,OrasanuAna,cached,0,
2026-05-08T18:04:49.279075+00:00,Gillibald,cached,295,
2026-05-08T18:04:49.280997+00:00,SanTiLaguado,cached,80,
2026-05-08T18:04:49.282412+00:00,Khushnu,cached,9,
2026-05-08T18:04:49.283773+00:00,jaimelias,cached,0,
2026-05-08T18:04:49.284954+00:00,stefuthomas,cached,0,
2026-05-08T18:04:49.286156+00:00,Ngwaabanjong,cached,2,
2026-05-08T18:04:49.287506+00:00,Sam2much96,cached,23,
2026-05-08T18:04:49.289433+00:00,Nebucatnetzer,cached,104,
2026-05-08T18:04:49.290649+00:00,KwanWooPark97,cached,0,
2026-05-08T18:04:49.291836+00:00,illiaBabak,cached,1,
2026-05-08T18:04:49.293417+00:00,justcgh9,cached,71,
2026-05-08T18:04:49.294653+00:00,infraestructuraidt,cached,0,
2026-05-08T18:04:49.295838+00:00,jtrquinn,cached,0,
2026-05-08T18:04:49.297546+00:00,iramosgutierrez,cached,99,
2026-05-08T18:04:49.298808+00:00,kishan04rajput,cached,0,
2026-05-08T18:04:49.300031+00:00,matthewwolak,cached,7,
2026-05-08T18:04:49.301230+00:00,sinbizkit,cached,0,
2026-05-08T18:04:49.302558+00:00,Andrew-Samoilov,cached,22,
2026-05-08T18:04:49.303930+00:00,alex8ndr,cached,29,
2026-05-08T18:04:49.305132+00:00,lpb1602,cached,0,
2026-05-08T18:04:49.307336+00:00,songhaechan,cached,170,
2026-05-08T18:04:49.308611+00:00,ThePoultryMan,cached,8,
2026-05-08T18:04:49.311481+00:00,chouinar,cached,300,
2026-05-08T18:04:49.313386+00:00,Galfurian,cached,110,
2026-05-08T18:04:49.315043+00:00,principle105,cached,76,
2026-05-08T18:04:49.316279+00:00,butterswords,cached,7,
2026-05-08T18:04:49.317493+00:00,apaixaols,cached,0,
2026-05-08T18:04:49.318707+00:00,NicOudart,cached,1,
2026-05-08T18:04:49.321540+00:00,bjohansebas,cached,300,
2026-05-08T18:04:49.323295+00:00,iolite312,cached,78,
2026-05-08T18:04:49.324469+00:00,BenjaminDeporte,cached,0,
2026-05-08T18:04:49.325666+00:00,JonfoxAG,cached,0,
2026-05-08T18:04:49.326855+00:00,koernergb,cached,3,
2026-05-08T18:04:49.328051+00:00,devNmin,cached,1,
2026-05-08T18:04:49.329261+00:00,jared-richard-clarke,cached,9,
2026-05-08T18:04:49.330461+00:00,ruben1132,cached,0,
2026-05-08T18:04:49.333123+00:00,tchiotludo,cached,263,
2026-05-08T18:04:49.334441+00:00,aitikirala,cached,14,
2026-05-08T18:04:49.335718+00:00,VaelVictus,cached,14,
2026-05-08T18:04:49.337087+00:00,viliger2,cached,31,
2026-05-08T18:04:49.338482+00:00,aidenkoog,cached,0,
2026-05-08T18:04:49.339811+00:00,SerkanCicek1,cached,0,
2026-05-08T18:04:49.341068+00:00,Justice-Lu,cached,4,
2026-05-08T18:04:49.342537+00:00,quinton-ashley,cached,28,
2026-05-08T18:04:49.343858+00:00,stingo1218,cached,1,
2026-05-08T18:04:49.345057+00:00,SharadS28N,cached,10,
2026-05-08T18:04:49.346538+00:00,IMYdev,cached,30,
2026-05-08T18:04:49.347733+00:00,simoneMaggi,cached,1,
2026-05-08T18:04:49.349347+00:00,ayoubfaouzi,cached,84,
2026-05-08T18:04:49.350519+00:00,jiazhou-garland,cached,1,
2026-05-08T18:04:49.352481+00:00,LironEr,cached,146,
2026-05-08T18:04:49.353965+00:00,masnurrm,cached,50,
2026-05-08T18:04:49.355147+00:00,Edward-Roshan,cached,6,
2026-05-08T18:04:49.356930+00:00,AQLT,cached,122,
2026-05-08T18:04:49.358211+00:00,boginyaelna,cached,0,
2026-05-08T18:04:49.359513+00:00,thefaheemkhan,cached,0,
2026-05-08T18:04:49.361291+00:00,SilkRose,cached,78,
2026-05-08T18:04:49.363381+00:00,gjong,cached,133,
2026-05-08T18:04:49.365009+00:00,DeepDoge,cached,51,
2026-05-08T18:04:49.366529+00:00,hufort,cached,32,
2026-05-08T18:04:49.367697+00:00,alemermartinez,cached,0,
2026-05-08T18:04:49.368859+00:00,AdrianToman1,cached,1,
2026-05-08T18:04:49.371676+00:00,Kyxxn,cached,268,
2026-05-08T18:04:49.373081+00:00,juanitaduquer,cached,2,
2026-05-08T18:04:49.374404+00:00,C0DE-Z,cached,8,
2026-05-08T18:04:49.375581+00:00,rtatigua,cached,3,
2026-05-08T18:04:49.376782+00:00,haithemelhadj,cached,2,
2026-05-08T18:04:49.377902+00:00,CandleLearner-M,cached,2,
2026-05-08T18:04:49.379065+00:00,tesla1900,cached,0,
2026-05-08T18:04:49.380202+00:00,errorzeroo,cached,0,
2026-05-08T18:04:49.381341+00:00,CoryOConnor94,cached,0,
2026-05-08T18:04:49.382495+00:00,rijofeta,cached,0,
2026-05-08T18:04:49.383653+00:00,cwaldbieser,cached,3,
2026-05-08T18:04:49.384810+00:00,Stanfordna,cached,0,
2026-05-08T18:04:49.385922+00:00,YangHao97,cached,0,
2026-05-08T18:04:49.388562+00:00,ProtocolPav,cached,282,
2026-05-08T18:04:49.389876+00:00,xdivayze,cached,1,
2026-05-08T18:04:49.391222+00:00,enuesaa,cached,26,
2026-05-08T18:04:49.392560+00:00,nallaperumal007,cached,13,
2026-05-08T18:04:49.393909+00:00,LwRed,cached,1,
2026-05-08T18:04:49.396278+00:00,RBird111,cached,197,
2026-05-08T18:04:49.397666+00:00,omilhano,cached,2,
2026-05-08T18:04:49.398961+00:00,lovermans,cached,1,
2026-05-08T18:04:49.400512+00:00,RadxaNaoki,cached,69,
2026-05-08T18:04:49.401799+00:00,jimm,cached,3,
2026-05-08T18:04:49.402939+00:00,hanhongju,cached,0,
2026-05-08T18:04:49.404252+00:00,jcmaunsell,cached,21,
2026-05-08T18:04:49.406196+00:00,YueRen,cached,118,
2026-05-08T18:04:49.407807+00:00,TobyNguyen710,cached,71,
2026-05-08T18:04:49.408985+00:00,Vinicius-b-oliveira,cached,1,
2026-05-08T18:04:49.410386+00:00,JLeonN,cached,46,
2026-05-08T18:04:49.412011+00:00,jvpcms,cached,49,
2026-05-08T18:04:49.413190+00:00,AndreaVisma,cached,5,
2026-05-08T18:04:49.415139+00:00,jonbarker68,cached,110,
2026-05-08T18:13:00.165608+00:00,berry-13,done,300,
2026-05-08T18:13:00.531825+00:00,mucointech1010,error,0,HTTPError: HTTP Error 422: Unprocessable Entity
2026-05-08T18:13:07.194190+00:00,puntasmiling,done,3,
2026-05-08T18:13:08.704625+00:00,seniordev1012,done,0,
2026-05-08T18:13:10.189684+00:00,dev-kota,done,0,
2026-05-08T18:13:11.824518+00:00,connect-sheraz,done,0,
2026-05-08T18:13:13.355658+00:00,michellezh94,done,0,
2026-05-08T18:13:14.834077+00:00,cyber-pro1,done,0,
2026-05-08T18:13:32.989614+00:00,aidev0x0,done,10,
2026-05-08T18:13:44.267196+00:00,dseisun,done,6,
2026-05-08T18:13:45.754018+00:00,armicsoft74,done,0,
2026-05-08T18:13:57.554125+00:00,talltree-eng,done,6,
2026-05-08T18:14:02.441610+00:00,ml0-1337,done,2,
2026-05-08T18:14:05.877696+00:00,Andrew-Jayne,done,1,
2026-05-08T18:17:46.371002+00:00,ymat19,done,135,
2026-05-08T18:17:47.814101+00:00,tx-signer450,done,0,
2026-05-08T18:19:10.927992+00:00,meimakes,done,51,
2026-05-08T18:27:18.294396+00:00,icepuma,done,300,
2026-05-08T18:28:49.017941+00:00,aygp-dr,done,56,
2026-05-08T18:33:08.347683+00:00,oscar-barlow,done,162,
2026-05-08T18:41:24.740428+00:00,hartra344,done,300,
2026-05-08T18:41:54.026721+00:00,thecodingcrow,done,17,
2026-05-08T18:41:55.583786+00:00,cli-phantomxmj80p,done,0,
2026-05-08T18:43:10.511113+00:00,john-b-rush,done,45,
2026-05-08T18:43:26.300542+00:00,Top-Dev1219,done,9,
2026-05-08T18:43:27.747086+00:00,skfvp5254alexisgreer,done,0,
2026-05-08T18:47:24.515247+00:00,mu-hun,done,141,
2026-05-08T18:47:27.832096+00:00,mgreenly,done,1,
2026-05-08T18:55:37.164618+00:00,roottool,done,300,
2026-05-08T18:58:33.587315+00:00,takashabe,done,110,
2026-05-08T19:06:35.116664+00:00,d-issy,done,300,
2026-05-08T19:15:08.551697+00:00,benceruleanlu,done,300,
2026-05-08T19:19:48.836429+00:00,nikolay-e,done,173,
2026-05-08T19:20:31.862896+00:00,lukelukes,done,26,
2026-05-08T19:28:40.490710+00:00,joo-on,done,300,
2026-05-08T19:28:52.241081+00:00,GGPrompts,done,6,
2026-05-08T19:36:59.286253+00:00,Classic298,done,300,
2026-05-08T19:43:20.440616+00:00,pgatzka,done,239,
2026-05-08T19:43:25.495984+00:00,hmohamed01,done,2,
2026-05-08T19:51:26.349220+00:00,duncanmcclean,done,300,
2026-05-08T19:51:27.797932+00:00,Secretsuperdevstar,done,0,
